date,asset_name,price,volume,category
2016-04-25,Gold ETF,118.2300033569336,4369400,Commodity
2016-04-26,Gold ETF,118.69999694824219,9906800,Commodity
2016-04-27,Gold ETF,119.04000091552734,7976400,Commodity
2016-04-28,Gold ETF,121.29000091552734,15133600,Commodity
2016-04-29,Gold ETF,123.6500015258789,19043900,Commodity
2016-05-02,Gold ETF,123.23999786376953,12137500,Commodity
2016-05-03,Gold ETF,122.95999908447266,9063600,Commodity
2016-05-04,Gold ETF,122.20999908447266,9398200,Commodity
2016-05-05,Gold ETF,122.06999969482422,8846900,Commodity
2016-05-06,Gold ETF,123.18000030517578,11366800,Commodity
2016-05-09,Gold ETF,120.6500015258789,9236200,Commodity
2016-05-10,Gold ETF,120.9800033569336,9845000,Commodity
2016-05-11,Gold ETF,122.12000274658203,7590100,Commodity
2016-05-12,Gold ETF,121.16000366210938,7447100,Commodity
2016-05-13,Gold ETF,121.70999908447266,7672800,Commodity
2016-05-16,Gold ETF,121.80000305175781,7103000,Commodity
2016-05-17,Gold ETF,122.22000122070312,8619800,Commodity
2016-05-18,Gold ETF,120.0999984741211,13381700,Commodity
2016-05-19,Gold ETF,119.87000274658203,14339700,Commodity
2016-05-20,Gold ETF,119.70999908447266,10379400,Commodity
2016-05-23,Gold ETF,119.37000274658203,8628200,Commodity
2016-05-24,Gold ETF,117.30000305175781,12772000,Commodity
2016-05-25,Gold ETF,116.9800033569336,10487300,Commodity
2016-05-26,Gold ETF,116.58000183105469,5893500,Commodity
2016-05-27,Gold ETF,115.62000274658203,8686700,Commodity
2016-05-31,Gold ETF,116.05999755859375,8187600,Commodity
2016-06-01,Gold ETF,115.94000244140625,8399600,Commodity
2016-06-02,Gold ETF,115.66999816894531,4591600,Commodity
2016-06-03,Gold ETF,118.87999725341797,14605100,Commodity
2016-06-06,Gold ETF,118.91999816894531,9887900,Commodity
2016-06-07,Gold ETF,118.81999969482422,4602900,Commodity
2016-06-08,Gold ETF,120.58000183105469,11661700,Commodity
2016-06-09,Gold ETF,121.25,12174000,Commodity
2016-06-10,Gold ETF,121.73999786376953,13940000,Commodity
2016-06-13,Gold ETF,122.63999938964844,12594200,Commodity
2016-06-14,Gold ETF,122.7699966430664,11651700,Commodity
2016-06-15,Gold ETF,123.68000030517578,15053000,Commodity
2016-06-16,Gold ETF,122.37999725341797,26635000,Commodity
2016-06-17,Gold ETF,123.94999694824219,15573800,Commodity
2016-06-20,Gold ETF,123.20999908447266,11866200,Commodity
2016-06-21,Gold ETF,120.83999633789062,14585600,Commodity
2016-06-22,Gold ETF,120.9000015258789,7861000,Commodity
2016-06-23,Gold ETF,120.11000061035156,10704900,Commodity
2016-06-24,Gold ETF,126.0,35782900,Commodity
2016-06-27,Gold ETF,126.68000030517578,21228800,Commodity
2016-06-28,Gold ETF,125.31999969482422,16001500,Commodity
2016-06-29,Gold ETF,125.83999633789062,12218400,Commodity
2016-06-30,Gold ETF,126.47000122070312,15981600,Commodity
2016-07-01,Gold ETF,128.41000366210938,14940700,Commodity
2016-07-05,Gold ETF,129.47000122070312,19026200,Commodity
2016-07-06,Gold ETF,130.22999572753906,17376700,Commodity
2016-07-07,Gold ETF,129.74000549316406,16508500,Commodity
2016-07-08,Gold ETF,130.52000427246094,17634200,Commodity
2016-07-11,Gold ETF,129.2899932861328,10855600,Commodity
2016-07-12,Gold ETF,127.1500015258789,26459600,Commodity
2016-07-13,Gold ETF,128.32000732421875,7377700,Commodity
2016-07-14,Gold ETF,127.33000183105469,12132400,Commodity
2016-07-15,Gold ETF,126.83999633789062,13892100,Commodity
2016-07-18,Gold ETF,127.04000091552734,8489700,Commodity
2016-07-19,Gold ETF,127.20999908447266,5170700,Commodity
2016-07-20,Gold ETF,125.38999938964844,11777700,Commodity
2016-07-21,Gold ETF,127.30000305175781,9399200,Commodity
2016-07-22,Gold ETF,126.3499984741211,7716000,Commodity
2016-07-25,Gold ETF,125.47000122070312,13139400,Commodity
2016-07-26,Gold ETF,126.0,7613200,Commodity
2016-07-27,Gold ETF,128.02999877929688,17066400,Commodity
2016-07-28,Gold ETF,127.66000366210938,9261800,Commodity
2016-07-29,Gold ETF,128.97999572753906,13708200,Commodity
2016-08-01,Gold ETF,129.22000122070312,7109900,Commodity
2016-08-02,Gold ETF,130.27000427246094,7652800,Commodity
2016-08-03,Gold ETF,129.64999389648438,5010700,Commodity
2016-08-04,Gold ETF,129.8699951171875,4908100,Commodity
2016-08-05,Gold ETF,127.55000305175781,16205100,Commodity
2016-08-08,Gold ETF,127.44000244140625,6773800,Commodity
2016-08-09,Gold ETF,127.95999908447266,7500400,Commodity
2016-08-10,Gold ETF,128.55999755859375,6196200,Commodity
2016-08-11,Gold ETF,127.66999816894531,9763800,Commodity
2016-08-12,Gold ETF,127.4000015258789,15395800,Commodity
2016-08-15,Gold ETF,127.83999633789062,4530800,Commodity
2016-08-16,Gold ETF,128.47000122070312,8678100,Commodity
2016-08-17,Gold ETF,128.5,12034800,Commodity
2016-08-18,Gold ETF,129.11000061035156,9500600,Commodity
2016-08-19,Gold ETF,127.97000122070312,10660100,Commodity
2016-08-22,Gold ETF,127.77999877929688,8627200,Commodity
2016-08-23,Gold ETF,127.76000213623047,9038500,Commodity
2016-08-24,Gold ETF,126.33999633789062,13539700,Commodity
2016-08-25,Gold ETF,126.2300033569336,5926300,Commodity
2016-08-26,Gold ETF,126.05000305175781,17967700,Commodity
2016-08-29,Gold ETF,126.30000305175781,5562400,Commodity
2016-08-30,Gold ETF,125.02999877929688,9877000,Commodity
2016-08-31,Gold ETF,124.77999877929688,13324100,Commodity
2016-09-01,Gold ETF,125.29000091552734,12877700,Commodity
2016-09-02,Gold ETF,126.56999969482422,11318600,Commodity
2016-09-06,Gold ETF,128.7100067138672,15115300,Commodity
2016-09-07,Gold ETF,128.27000427246094,8859800,Commodity
2016-09-08,Gold ETF,127.58999633789062,10561800,Commodity
2016-09-09,Gold ETF,126.75,12485600,Commodity
2016-09-12,Gold ETF,126.58999633789062,11140300,Commodity
2016-09-13,Gold ETF,125.75,8866400,Commodity
2016-09-14,Gold ETF,126.18000030517578,5820700,Commodity
2016-09-15,Gold ETF,125.37000274658203,12790400,Commodity
2016-09-16,Gold ETF,125.05999755859375,18995100,Commodity
2016-09-19,Gold ETF,125.31999969482422,4959600,Commodity
2016-09-20,Gold ETF,125.44000244140625,5672000,Commodity
2016-09-21,Gold ETF,127.2699966430664,13646400,Commodity
2016-09-22,Gold ETF,127.56999969482422,15188000,Commodity
2016-09-23,Gold ETF,127.6500015258789,7702300,Commodity
2016-09-26,Gold ETF,127.55000305175781,5842700,Commodity
2016-09-27,Gold ETF,126.62000274658203,6220700,Commodity
2016-09-28,Gold ETF,126.22000122070312,6757700,Commodity
2016-09-29,Gold ETF,126.06999969482422,7448400,Commodity
2016-09-30,Gold ETF,125.63999938964844,11204300,Commodity
2016-10-03,Gold ETF,125.31999969482422,9044100,Commodity
2016-10-04,Gold ETF,120.97000122070312,24372700,Commodity
2016-10-05,Gold ETF,120.77999877929688,14718100,Commodity
2016-10-06,Gold ETF,119.66000366210938,17917700,Commodity
2016-10-07,Gold ETF,119.73999786376953,17907300,Commodity
2016-10-10,Gold ETF,120.16000366210938,4514400,Commodity
2016-10-11,Gold ETF,119.55000305175781,6065300,Commodity
2016-10-12,Gold ETF,119.73999786376953,4848600,Commodity
2016-10-13,Gold ETF,120.02999877929688,7184600,Commodity
2016-10-14,Gold ETF,119.36000061035156,6577300,Commodity
2016-10-17,Gold ETF,119.68000030517578,4777900,Commodity
2016-10-18,Gold ETF,120.41999816894531,4919700,Commodity
2016-10-19,Gold ETF,121.11000061035156,6019800,Commodity
2016-10-20,Gold ETF,120.73999786376953,6496700,Commodity
2016-10-21,Gold ETF,120.83000183105469,6707800,Commodity
2016-10-24,Gold ETF,120.55999755859375,5481100,Commodity
2016-10-25,Gold ETF,121.47000122070312,6141100,Commodity
2016-10-26,Gold ETF,120.79000091552734,3905900,Commodity
2016-10-27,Gold ETF,121.01000213623047,4336000,Commodity
2016-10-28,Gold ETF,121.58000183105469,11639900,Commodity
2016-10-31,Gold ETF,121.94000244140625,7722100,Commodity
2016-11-01,Gold ETF,122.7300033569336,13384300,Commodity
2016-11-02,Gold ETF,123.63999938964844,15692400,Commodity
2016-11-03,Gold ETF,124.30000305175781,10093100,Commodity
2016-11-04,Gold ETF,124.38999938964844,8594600,Commodity
2016-11-07,Gold ETF,122.1500015258789,10015000,Commodity
2016-11-08,Gold ETF,121.63999938964844,9480600,Commodity
2016-11-09,Gold ETF,121.55999755859375,18236500,Commodity
2016-11-10,Gold ETF,119.75,22268000,Commodity
2016-11-11,Gold ETF,117.0999984741211,20381800,Commodity
2016-11-14,Gold ETF,116.11000061035156,20729400,Commodity
2016-11-15,Gold ETF,117.12000274658203,9348600,Commodity
2016-11-16,Gold ETF,116.7699966430664,5486100,Commodity
2016-11-17,Gold ETF,116.16999816894531,10342300,Commodity
2016-11-18,Gold ETF,115.1500015258789,10444300,Commodity
2016-11-21,Gold ETF,115.58000183105469,6654200,Commodity
2016-11-22,Gold ETF,115.54000091552734,6391900,Commodity
2016-11-23,Gold ETF,113.25,20982100,Commodity
2016-11-25,Gold ETF,112.61000061035156,5345900,Commodity
2016-11-28,Gold ETF,113.80000305175781,5655400,Commodity
2016-11-29,Gold ETF,113.2699966430664,7438600,Commodity
2016-11-30,Gold ETF,111.75,10925500,Commodity
2016-12-01,Gold ETF,111.54000091552734,10237000,Commodity
2016-12-02,Gold ETF,112.13999938964844,7416500,Commodity
2016-12-05,Gold ETF,111.54000091552734,10187900,Commodity
2016-12-06,Gold ETF,111.43000030517578,5533700,Commodity
2016-12-07,Gold ETF,111.83000183105469,4901800,Commodity
2016-12-08,Gold ETF,111.56999969482422,5977800,Commodity
2016-12-09,Gold ETF,110.4000015258789,10507700,Commodity
2016-12-12,Gold ETF,110.81999969482422,6156700,Commodity
2016-12-13,Gold ETF,110.44999694824219,7961600,Commodity
2016-12-14,Gold ETF,108.83000183105469,12933600,Commodity
2016-12-15,Gold ETF,107.33999633789062,14427500,Commodity
2016-12-16,Gold ETF,108.05000305175781,10602800,Commodity
2016-12-19,Gold ETF,108.58999633789062,5339100,Commodity
2016-12-20,Gold ETF,107.79000091552734,7321100,Commodity
2016-12-21,Gold ETF,107.8499984741211,5188700,Commodity
2016-12-22,Gold ETF,107.58999633789062,4942800,Commodity
2016-12-23,Gold ETF,107.93000030517578,5012200,Commodity
2016-12-27,Gold ETF,108.55999755859375,3685500,Commodity
2016-12-28,Gold ETF,108.86000061035156,5091200,Commodity
2016-12-29,Gold ETF,110.29000091552734,7563900,Commodity
2016-12-30,Gold ETF,109.61000061035156,8873700,Commodity
2017-01-03,Gold ETF,110.47000122070312,7527400,Commodity
2017-01-04,Gold ETF,110.86000061035156,4904100,Commodity
2017-01-05,Gold ETF,112.58000183105469,9606800,Commodity
2017-01-06,Gold ETF,111.75,7686100,Commodity
2017-01-09,Gold ETF,112.66999816894531,5674600,Commodity
2017-01-10,Gold ETF,113.1500015258789,6093400,Commodity
2017-01-11,Gold ETF,113.5,9918700,Commodity
2017-01-12,Gold ETF,113.91000366210938,8457300,Commodity
2017-01-13,Gold ETF,114.20999908447266,7261500,Commodity
2017-01-17,Gold ETF,115.8499984741211,9142400,Commodity
2017-01-18,Gold ETF,114.87000274658203,6498100,Commodity
2017-01-19,Gold ETF,114.7699966430664,6437000,Commodity
2017-01-20,Gold ETF,115.05000305175781,12261500,Commodity
2017-01-23,Gold ETF,115.79000091552734,6373100,Commodity
2017-01-24,Gold ETF,115.2699966430664,5798800,Commodity
2017-01-25,Gold ETF,114.31999969482422,6697500,Commodity
2017-01-26,Gold ETF,113.26000213623047,5390500,Commodity
2017-01-27,Gold ETF,113.48999786376953,6706600,Commodity
2017-01-30,Gold ETF,113.97000122070312,7687800,Commodity
2017-01-31,Gold ETF,115.55000305175781,10421900,Commodity
2017-02-01,Gold ETF,115.19999694824219,6932900,Commodity
2017-02-02,Gold ETF,115.83999633789062,7189500,Commodity
2017-02-03,Gold ETF,116.12999725341797,9455500,Commodity
2017-02-06,Gold ETF,117.69999694824219,8547800,Commodity
2017-02-07,Gold ETF,117.45999908447266,8621000,Commodity
2017-02-08,Gold ETF,118.19000244140625,9633400,Commodity
2017-02-09,Gold ETF,117.29000091552734,8177200,Commodity
2017-02-10,Gold ETF,117.5999984741211,9072100,Commodity
2017-02-13,Gold ETF,116.80000305175781,7354900,Commodity
2017-02-14,Gold ETF,116.93000030517578,6927800,Commodity
2017-02-15,Gold ETF,117.44999694824219,7088400,Commodity
2017-02-16,Gold ETF,118.08000183105469,6378700,Commodity
2017-02-17,Gold ETF,117.68000030517578,7338100,Commodity
2017-02-21,Gold ETF,117.75,6166900,Commodity
2017-02-22,Gold ETF,117.91000366210938,6057200,Commodity
2017-02-23,Gold ETF,118.94000244140625,7523300,Commodity
2017-02-24,Gold ETF,119.69999694824219,9809000,Commodity
2017-02-27,Gold ETF,119.12000274658203,9263500,Commodity
2017-02-28,Gold ETF,119.2300033569336,8727800,Commodity
2017-03-01,Gold ETF,119.05999755859375,8679600,Commodity
2017-03-02,Gold ETF,117.58000183105469,10986300,Commodity
2017-03-03,Gold ETF,117.51000213623047,10665800,Commodity
2017-03-06,Gold ETF,116.72000122070312,4883500,Commodity
2017-03-07,Gold ETF,115.77999877929688,6846300,Commodity
2017-03-08,Gold ETF,115.05999755859375,7620900,Commodity
2017-03-09,Gold ETF,114.47000122070312,6410900,Commodity
2017-03-10,Gold ETF,114.72000122070312,7929500,Commodity
2017-03-13,Gold ETF,114.73999786376953,5807400,Commodity
2017-03-14,Gold ETF,114.12000274658203,5301800,Commodity
2017-03-15,Gold ETF,116.25,13524100,Commodity
2017-03-16,Gold ETF,116.7300033569336,9322000,Commodity
2017-03-17,Gold ETF,116.98999786376953,4683000,Commodity
2017-03-20,Gold ETF,117.51000213623047,4000200,Commodity
2017-03-21,Gold ETF,118.54000091552734,9567900,Commodity
2017-03-22,Gold ETF,118.83000183105469,7287400,Commodity
2017-03-23,Gold ETF,118.66999816894531,6201100,Commodity
2017-03-24,Gold ETF,118.86000061035156,6879600,Commodity
2017-03-27,Gold ETF,119.52999877929688,8519600,Commodity
2017-03-28,Gold ETF,119.04000091552734,7112800,Commodity
2017-03-29,Gold ETF,119.33000183105469,4911000,Commodity
2017-03-30,Gold ETF,118.47000122070312,6894600,Commodity
2017-03-31,Gold ETF,118.72000122070312,8520800,Commodity
2017-04-03,Gold ETF,119.3499984741211,6105700,Commodity
2017-04-04,Gold ETF,119.62000274658203,4687300,Commodity
2017-04-05,Gold ETF,119.62000274658203,8106000,Commodity
2017-04-06,Gold ETF,119.18000030517578,4633500,Commodity
2017-04-07,Gold ETF,119.45999908447266,12351100,Commodity
2017-04-10,Gold ETF,119.45999908447266,4623700,Commodity
2017-04-11,Gold ETF,121.19000244140625,12455300,Commodity
2017-04-12,Gold ETF,122.0199966430664,9502500,Commodity
2017-04-13,Gold ETF,122.5999984741211,9892600,Commodity
2017-04-17,Gold ETF,122.23999786376953,8469600,Commodity
2017-04-18,Gold ETF,122.81999969482422,10903700,Commodity
2017-04-19,Gold ETF,121.7300033569336,8472700,Commodity
2017-04-20,Gold ETF,121.95999908447266,11787300,Commodity
2017-04-21,Gold ETF,122.30999755859375,15608000,Commodity
2017-04-24,Gold ETF,121.4800033569336,11053600,Commodity
2017-04-25,Gold ETF,120.25,10344800,Commodity
2017-04-26,Gold ETF,120.83999633789062,9758800,Commodity
2017-04-27,Gold ETF,120.38999938964844,8267000,Commodity
2017-04-28,Gold ETF,120.7699966430664,9134200,Commodity
2017-05-01,Gold ETF,119.66999816894531,9331800,Commodity
2017-05-02,Gold ETF,119.6500015258789,4900800,Commodity
2017-05-03,Gold ETF,117.9800033569336,10811100,Commodity
2017-05-04,Gold ETF,116.79000091552734,12406900,Commodity
2017-05-05,Gold ETF,117.01000213623047,7127200,Commodity
2017-05-08,Gold ETF,116.75,5438400,Commodity
2017-05-09,Gold ETF,116.05000305175781,6801300,Commodity
2017-05-10,Gold ETF,116.04000091552734,4290500,Commodity
2017-05-11,Gold ETF,116.5,6274400,Commodity
2017-05-12,Gold ETF,116.83000183105469,5434500,Commodity
2017-05-15,Gold ETF,117.13999938964844,5019600,Commodity
2017-05-16,Gold ETF,117.6500015258789,4942800,Commodity
2017-05-17,Gold ETF,119.79000091552734,13936900,Commodity
2017-05-18,Gold ETF,118.80999755859375,10341100,Commodity
2017-05-19,Gold ETF,119.4000015258789,6787300,Commodity
2017-05-22,Gold ETF,119.9000015258789,5132500,Commodity
2017-05-23,Gold ETF,119.13999938964844,8305400,Commodity
2017-05-24,Gold ETF,119.61000061035156,7025000,Commodity
2017-05-25,Gold ETF,119.4800033569336,4105100,Commodity
2017-05-26,Gold ETF,120.54000091552734,6791600,Commodity
2017-05-30,Gold ETF,120.13999938964844,4507500,Commodity
2017-05-31,Gold ETF,120.62000274658203,10360700,Commodity
2017-06-01,Gold ETF,120.72000122070312,8702500,Commodity
2017-06-02,Gold ETF,121.61000061035156,7268100,Commodity
2017-06-05,Gold ETF,121.7300033569336,3979200,Commodity
2017-06-06,Gold ETF,123.0999984741211,10798500,Commodity
2017-06-07,Gold ETF,122.44999694824219,9039200,Commodity
2017-06-08,Gold ETF,121.6500015258789,8169800,Commodity
2017-06-09,Gold ETF,120.54000091552734,7054700,Commodity
2017-06-12,Gold ETF,120.36000061035156,4927400,Commodity
2017-06-13,Gold ETF,120.4800033569336,3786600,Commodity
2017-06-14,Gold ETF,119.81999969482422,21124800,Commodity
2017-06-15,Gold ETF,119.31999969482422,6796700,Commodity
2017-06-16,Gold ETF,119.33999633789062,6435700,Commodity
2017-06-19,Gold ETF,118.43000030517578,6787000,Commodity
2017-06-20,Gold ETF,118.18000030517578,4617400,Commodity
2017-06-21,Gold ETF,118.5199966430664,4723700,Commodity
2017-06-22,Gold ETF,118.91999816894531,5811900,Commodity
2017-06-23,Gold ETF,119.43000030517578,9258600,Commodity
2017-06-26,Gold ETF,118.36000061035156,6593400,Commodity
2017-06-27,Gold ETF,118.80999755859375,5759300,Commodity
2017-06-28,Gold ETF,118.9000015258789,4220100,Commodity
2017-06-29,Gold ETF,118.31999969482422,7705200,Commodity
2017-06-30,Gold ETF,118.0199966430664,7272600,Commodity
2017-07-03,Gold ETF,116.08999633789062,12145000,Commodity
2017-07-05,Gold ETF,116.5199966430664,7223300,Commodity
2017-07-06,Gold ETF,116.47000122070312,4443400,Commodity
2017-07-07,Gold ETF,115.27999877929688,11153600,Commodity
2017-07-10,Gold ETF,115.47000122070312,4970900,Commodity
2017-07-11,Gold ETF,115.62000274658203,6637900,Commodity
2017-07-12,Gold ETF,116.02999877929688,4654400,Commodity
2017-07-13,Gold ETF,115.81999969482422,4148900,Commodity
2017-07-14,Gold ETF,116.7699966430664,5788200,Commodity
2017-07-17,Gold ETF,117.29000091552734,5170800,Commodity
2017-07-18,Gold ETF,118.11000061035156,7158600,Commodity
2017-07-19,Gold ETF,118.08000183105469,3205100,Commodity
2017-07-20,Gold ETF,118.23999786376953,5571600,Commodity
2017-07-21,Gold ETF,119.26000213623047,10135900,Commodity
2017-07-24,Gold ETF,119.30999755859375,3654300,Commodity
2017-07-25,Gold ETF,118.91999816894531,6203000,Commodity
2017-07-26,Gold ETF,119.87999725341797,8527900,Commodity
2017-07-27,Gold ETF,119.79000091552734,6385200,Commodity
2017-07-28,Gold ETF,120.69000244140625,7393600,Commodity
2017-07-31,Gold ETF,120.75,3944600,Commodity
2017-08-01,Gold ETF,120.6500015258789,7365100,Commodity
2017-08-02,Gold ETF,120.4000015258789,5945300,Commodity
2017-08-03,Gold ETF,120.58999633789062,4275600,Commodity
2017-08-04,Gold ETF,119.6500015258789,8644800,Commodity
2017-08-07,Gold ETF,119.51000213623047,3010100,Commodity
2017-08-08,Gold ETF,119.86000061035156,7227200,Commodity
2017-08-09,Gold ETF,121.30999755859375,9186200,Commodity
2017-08-10,Gold ETF,122.20999908447266,9817900,Commodity
2017-08-11,Gold ETF,122.79000091552734,8019500,Commodity
2017-08-14,Gold ETF,121.91999816894531,6035300,Commodity
2017-08-15,Gold ETF,120.9800033569336,6731300,Commodity
2017-08-16,Gold ETF,121.87000274658203,8267300,Commodity
2017-08-17,Gold ETF,122.48999786376953,8183800,Commodity
2017-08-18,Gold ETF,122.30000305175781,13654200,Commodity
2017-08-21,Gold ETF,122.76000213623047,5549700,Commodity
2017-08-22,Gold ETF,122.20999908447266,6493900,Commodity
2017-08-23,Gold ETF,122.66999816894531,5038400,Commodity
2017-08-24,Gold ETF,122.29000091552734,4193400,Commodity
2017-08-25,Gold ETF,122.73999786376953,12398200,Commodity
2017-08-28,Gold ETF,124.69000244140625,11578300,Commodity
2017-08-29,Gold ETF,124.41999816894531,9861500,Commodity
2017-08-30,Gold ETF,124.36000061035156,6328400,Commodity
2017-08-31,Gold ETF,125.81999969482422,11775500,Commodity
2017-09-01,Gold ETF,126.05999755859375,11567400,Commodity
2017-09-05,Gold ETF,127.45999908447266,11813100,Commodity
2017-09-06,Gold ETF,126.80999755859375,10059300,Commodity
2017-09-07,Gold ETF,128.1300048828125,10219700,Commodity
2017-09-08,Gold ETF,127.97000122070312,9020000,Commodity
2017-09-11,Gold ETF,126.19000244140625,9126600,Commodity
2017-09-12,Gold ETF,126.55999755859375,8349000,Commodity
2017-09-13,Gold ETF,125.61000061035156,8491000,Commodity
2017-09-14,Gold ETF,126.16000366210938,5330700,Commodity
2017-09-15,Gold ETF,125.52999877929688,8375100,Commodity
2017-09-18,Gold ETF,124.36000061035156,8859800,Commodity
2017-09-19,Gold ETF,124.62000274658203,5826500,Commodity
2017-09-20,Gold ETF,123.62000274658203,11415400,Commodity
2017-09-21,Gold ETF,122.68000030517578,7757900,Commodity
2017-09-22,Gold ETF,123.23999786376953,6011900,Commodity
2017-09-25,Gold ETF,124.52999877929688,10257200,Commodity
2017-09-26,Gold ETF,123.13999938964844,8673600,Commodity
2017-09-27,Gold ETF,121.9800033569336,6903900,Commodity
2017-09-28,Gold ETF,122.20999908447266,5968200,Commodity
2017-09-29,Gold ETF,121.58000183105469,10208000,Commodity
2017-10-02,Gold ETF,120.7699966430664,11755400,Commodity
2017-10-03,Gold ETF,120.83000183105469,3728700,Commodity
2017-10-04,Gold ETF,121.16999816894531,6475200,Commodity
2017-10-05,Gold ETF,120.5199966430664,6205400,Commodity
2017-10-06,Gold ETF,121.08999633789062,10013300,Commodity
2017-10-09,Gold ETF,122.08000183105469,5264100,Commodity
2017-10-10,Gold ETF,122.4000015258789,9315500,Commodity
2017-10-11,Gold ETF,122.79000091552734,5649400,Commodity
2017-10-12,Gold ETF,122.88999938964844,3037600,Commodity
2017-10-13,Gold ETF,123.81999969482422,6820300,Commodity
2017-10-16,Gold ETF,122.97000122070312,8202000,Commodity
2017-10-17,Gold ETF,122.12999725341797,7041300,Commodity
2017-10-18,Gold ETF,121.66999816894531,3666400,Commodity
2017-10-19,Gold ETF,122.38999938964844,5567300,Commodity
2017-10-20,Gold ETF,121.61000061035156,8481100,Commodity
2017-10-23,Gold ETF,121.80000305175781,5069700,Commodity
2017-10-24,Gold ETF,121.33000183105469,5114100,Commodity
2017-10-25,Gold ETF,121.3499984741211,4282400,Commodity
2017-10-26,Gold ETF,120.33000183105469,6438800,Commodity
2017-10-27,Gold ETF,120.9000015258789,6664200,Commodity
2017-10-30,Gold ETF,121.12999725341797,5119200,Commodity
2017-10-31,Gold ETF,120.66999816894531,3910500,Commodity
2017-11-01,Gold ETF,121.11000061035156,4647800,Commodity
2017-11-02,Gold ETF,121.19000244140625,5369500,Commodity
2017-11-03,Gold ETF,120.62000274658203,6330600,Commodity
2017-11-06,Gold ETF,121.6500015258789,6953800,Commodity
2017-11-07,Gold ETF,121.20999908447266,4165900,Commodity
2017-11-08,Gold ETF,121.62999725341797,5565200,Commodity
2017-11-09,Gold ETF,122.12999725341797,6072400,Commodity
2017-11-10,Gold ETF,121.12999725341797,7116200,Commodity
2017-11-13,Gold ETF,121.30999755859375,6249300,Commodity
2017-11-14,Gold ETF,121.55999755859375,6189000,Commodity
2017-11-15,Gold ETF,121.41000366210938,4984800,Commodity
2017-11-16,Gold ETF,121.4000015258789,2796500,Commodity
2017-11-17,Gold ETF,122.86000061035156,10614000,Commodity
2017-11-20,Gold ETF,121.30999755859375,8356700,Commodity
2017-11-21,Gold ETF,121.51000213623047,4956500,Commodity
2017-11-22,Gold ETF,122.62999725341797,5211800,Commodity
2017-11-24,Gold ETF,122.31999969482422,1779700,Commodity
2017-11-27,Gold ETF,122.83000183105469,4961200,Commodity
2017-11-28,Gold ETF,122.80999755859375,5603100,Commodity
2017-11-29,Gold ETF,122.04000091552734,6138900,Commodity
2017-11-30,Gold ETF,121.0999984741211,7936300,Commodity
2017-12-01,Gold ETF,121.58999633789062,13080100,Commodity
2017-12-04,Gold ETF,121.18000030517578,6943700,Commodity
2017-12-05,Gold ETF,120.31999969482422,10041200,Commodity
2017-12-06,Gold ETF,120.06999969482422,6643000,Commodity
2017-12-07,Gold ETF,118.48999786376953,12900200,Commodity
2017-12-08,Gold ETF,118.4800033569336,5231300,Commodity
2017-12-11,Gold ETF,118.01000213623047,4522200,Commodity
2017-12-12,Gold ETF,118.1500015258789,8020100,Commodity
2017-12-13,Gold ETF,119.16999816894531,10086700,Commodity
2017-12-14,Gold ETF,118.93000030517578,6993600,Commodity
2017-12-15,Gold ETF,119.18000030517578,7532000,Commodity
2017-12-18,Gold ETF,119.7300033569336,5452200,Commodity
2017-12-19,Gold ETF,119.81999969482422,4018900,Commodity
2017-12-20,Gold ETF,120.13999938964844,5734600,Commodity
2017-12-21,Gold ETF,120.30999755859375,4823700,Commodity
2017-12-22,Gold ETF,120.94000244140625,5791300,Commodity
2017-12-26,Gold ETF,121.7699966430664,8224400,Commodity
2017-12-27,Gold ETF,122.2300033569336,6232700,Commodity
2017-12-28,Gold ETF,122.8499984741211,5732700,Commodity
2017-12-29,Gold ETF,123.6500015258789,7852100,Commodity
2018-01-02,Gold ETF,125.1500015258789,11762500,Commodity
2018-01-03,Gold ETF,124.81999969482422,7904300,Commodity
2018-01-04,Gold ETF,125.45999908447266,7329700,Commodity
2018-01-05,Gold ETF,125.33000183105469,5739900,Commodity
2018-01-08,Gold ETF,125.30999755859375,3566700,Commodity
2018-01-09,Gold ETF,124.7300033569336,9153600,Commodity
2018-01-10,Gold ETF,125.02999877929688,14809300,Commodity
2018-01-11,Gold ETF,125.44000244140625,5994700,Commodity
2018-01-12,Gold ETF,126.95999908447266,9258600,Commodity
2018-01-16,Gold ETF,127.16999816894531,8083900,Commodity
2018-01-17,Gold ETF,126.13999938964844,10130500,Commodity
2018-01-18,Gold ETF,125.86000061035156,6289300,Commodity
2018-01-19,Gold ETF,126.41999816894531,8773800,Commodity
2018-01-22,Gold ETF,126.6500015258789,4893500,Commodity
2018-01-23,Gold ETF,127.27999877929688,6190400,Commodity
2018-01-24,Gold ETF,128.8300018310547,11827600,Commodity
2018-01-25,Gold ETF,127.97000122070312,15219700,Commodity
2018-01-26,Gold ETF,128.07000732421875,7828700,Commodity
2018-01-29,Gold ETF,127.3499984741211,6956400,Commodity
2018-01-30,Gold ETF,126.80000305175781,9736100,Commodity
2018-01-31,Gold ETF,127.6500015258789,13418900,Commodity
2018-02-01,Gold ETF,128.07000732421875,10854600,Commodity
2018-02-02,Gold ETF,126.38999938964844,16789200,Commodity
2018-02-05,Gold ETF,126.70999908447266,13596300,Commodity
2018-02-06,Gold ETF,125.37999725341797,17672500,Commodity
2018-02-07,Gold ETF,124.79000091552734,8558500,Commodity
2018-02-08,Gold ETF,124.9800033569336,7343600,Commodity
2018-02-09,Gold ETF,124.7699966430664,14140700,Commodity
2018-02-12,Gold ETF,125.37000274658203,6984900,Commodity
2018-02-13,Gold ETF,126.08000183105469,5321300,Commodity
2018-02-14,Gold ETF,128.22999572753906,16416400,Commodity
2018-02-15,Gold ETF,128.3800048828125,7276500,Commodity
2018-02-16,Gold ETF,127.95999908447266,7956900,Commodity
2018-02-20,Gold ETF,126.23999786376953,11148700,Commodity
2018-02-21,Gold ETF,125.66000366210938,7908800,Commodity
2018-02-22,Gold ETF,126.30000305175781,5346300,Commodity
2018-02-23,Gold ETF,126.13999938964844,4239700,Commodity
2018-02-26,Gold ETF,126.44999694824219,3194300,Commodity
2018-02-27,Gold ETF,125.12999725341797,7082300,Commodity
2018-02-28,Gold ETF,125.0,4534900,Commodity
2018-03-01,Gold ETF,124.72000122070312,12910100,Commodity
2018-03-02,Gold ETF,125.38999938964844,9994300,Commodity
2018-03-05,Gold ETF,125.18000030517578,5778300,Commodity
2018-03-06,Gold ETF,126.52999877929688,8676800,Commodity
2018-03-07,Gold ETF,125.72000122070312,5158700,Commodity
2018-03-08,Gold ETF,125.41999816894531,3474900,Commodity
2018-03-09,Gold ETF,125.54000091552734,5066800,Commodity
2018-03-12,Gold ETF,125.54000091552734,2884300,Commodity
2018-03-13,Gold ETF,125.77999877929688,4798300,Commodity
2018-03-14,Gold ETF,125.69999694824219,3777000,Commodity
2018-03-15,Gold ETF,124.9000015258789,6130100,Commodity
2018-03-16,Gold ETF,124.5999984741211,7402200,Commodity
2018-03-19,Gold ETF,124.87000274658203,4335400,Commodity
2018-03-20,Gold ETF,124.30999755859375,3399400,Commodity
2018-03-21,Gold ETF,126.4800033569336,12532000,Commodity
2018-03-22,Gold ETF,125.9800033569336,5298700,Commodity
2018-03-23,Gold ETF,127.61000061035156,12025900,Commodity
2018-03-26,Gold ETF,128.27999877929688,6169800,Commodity
2018-03-27,Gold ETF,127.48999786376953,6180700,Commodity
2018-03-28,Gold ETF,125.7300033569336,10254900,Commodity
2018-03-29,Gold ETF,125.79000091552734,7102000,Commodity
2018-04-02,Gold ETF,127.26000213623047,11421100,Commodity
2018-04-03,Gold ETF,126.30000305175781,6083700,Commodity
2018-04-04,Gold ETF,126.44999694824219,7488300,Commodity
2018-04-05,Gold ETF,125.80000305175781,5333000,Commodity
2018-04-06,Gold ETF,126.38999938964844,6121200,Commodity
2018-04-09,Gold ETF,126.81999969482422,4189900,Commodity
2018-04-10,Gold ETF,127.12000274658203,5268800,Commodity
2018-04-11,Gold ETF,128.11000061035156,12348600,Commodity
2018-04-12,Gold ETF,126.62000274658203,8141300,Commodity
2018-04-13,Gold ETF,127.44999694824219,6821300,Commodity
2018-04-16,Gold ETF,127.62999725341797,4600000,Commodity
2018-04-17,Gold ETF,127.75,4184100,Commodity
2018-04-18,Gold ETF,127.8499984741211,6755600,Commodity
2018-04-19,Gold ETF,127.5999984741211,8736100,Commodity
2018-04-20,Gold ETF,126.62999725341797,10403100,Commodity
2018-04-23,Gold ETF,125.62000274658203,6921500,Commodity
2018-04-24,Gold ETF,126.2300033569336,4733100,Commodity
2018-04-25,Gold ETF,125.41000366210938,5985700,Commodity
2018-04-26,Gold ETF,124.97000122070312,7517100,Commodity
2018-04-27,Gold ETF,125.5,5654000,Commodity
2018-04-30,Gold ETF,124.58999633789062,9830600,Commodity
2018-05-01,Gold ETF,123.70999908447266,7551600,Commodity
2018-05-02,Gold ETF,123.6500015258789,7614000,Commodity
2018-05-03,Gold ETF,124.27999877929688,4857400,Commodity
2018-05-04,Gold ETF,124.54000091552734,5883600,Commodity
2018-05-07,Gold ETF,124.56999969482422,3397500,Commodity
2018-05-08,Gold ETF,124.58999633789062,5551100,Commodity
2018-05-09,Gold ETF,124.33000183105469,4405600,Commodity
2018-05-10,Gold ETF,125.18000030517578,5218400,Commodity
2018-05-11,Gold ETF,125.0,4299200,Commodity
2018-05-14,Gold ETF,124.48999786376953,3753200,Commodity
2018-05-15,Gold ETF,122.4800033569336,10911900,Commodity
2018-05-16,Gold ETF,122.29000091552734,4943300,Commodity
2018-05-17,Gold ETF,122.36000061035156,7781300,Commodity
2018-05-18,Gold ETF,122.41000366210938,6837100,Commodity
2018-05-21,Gold ETF,122.4800033569336,4126700,Commodity
2018-05-22,Gold ETF,122.41000366210938,4579600,Commodity
2018-05-23,Gold ETF,122.54000091552734,7007300,Commodity
2018-05-24,Gold ETF,123.58999633789062,8850100,Commodity
2018-05-25,Gold ETF,123.20999908447266,7920700,Commodity
2018-05-29,Gold ETF,123.19000244140625,9013200,Commodity
2018-05-30,Gold ETF,123.37000274658203,4573700,Commodity
2018-05-31,Gold ETF,123.0999984741211,7862500,Commodity
2018-06-01,Gold ETF,122.48999786376953,8059100,Commodity
2018-06-04,Gold ETF,122.37000274658203,4345400,Commodity
2018-06-05,Gold ETF,122.8499984741211,6864200,Commodity
2018-06-06,Gold ETF,122.91999816894531,4083700,Commodity
2018-06-07,Gold ETF,122.86000061035156,3700700,Commodity
2018-06-08,Gold ETF,123.01000213623047,3865700,Commodity
2018-06-11,Gold ETF,123.2300033569336,3201200,Commodity
2018-06-12,Gold ETF,122.81999969482422,7279600,Commodity
2018-06-13,Gold ETF,123.19000244140625,5867700,Commodity
2018-06-14,Gold ETF,123.37999725341797,8015400,Commodity
2018-06-15,Gold ETF,121.33999633789062,14537000,Commodity
2018-06-18,Gold ETF,121.11000061035156,3846000,Commodity
2018-06-19,Gold ETF,120.80000305175781,4925800,Commodity
2018-06-20,Gold ETF,120.26000213623047,4548500,Commodity
2018-06-21,Gold ETF,120.05000305175781,5681900,Commodity
2018-06-22,Gold ETF,120.33999633789062,4489400,Commodity
2018-06-25,Gold ETF,119.88999938964844,9300200,Commodity
2018-06-26,Gold ETF,119.26000213623047,8674500,Commodity
2018-06-27,Gold ETF,118.58000183105469,6480100,Commodity
2018-06-28,Gold ETF,118.22000122070312,7760500,Commodity
2018-06-29,Gold ETF,118.6500015258789,8002800,Commodity
2018-07-02,Gold ETF,117.45999908447266,12021900,Commodity
2018-07-03,Gold ETF,118.6500015258789,8901000,Commodity
2018-07-05,Gold ETF,119.05000305175781,4951900,Commodity
2018-07-06,Gold ETF,118.86000061035156,2946900,Commodity
2018-07-09,Gold ETF,119.1500015258789,4074900,Commodity
2018-07-10,Gold ETF,118.93000030517578,3754800,Commodity
2018-07-11,Gold ETF,117.63999938964844,6974500,Commodity
2018-07-12,Gold ETF,118.12999725341797,4585300,Commodity
2018-07-13,Gold ETF,117.61000061035156,5444300,Commodity
2018-07-16,Gold ETF,117.55000305175781,3670700,Commodity
2018-07-17,Gold ETF,116.27999877929688,7939600,Commodity
2018-07-18,Gold ETF,116.30999755859375,5391800,Commodity
2018-07-19,Gold ETF,115.80999755859375,14227600,Commodity
2018-07-20,Gold ETF,116.55999755859375,7892000,Commodity
2018-07-23,Gold ETF,116.0,6247100,Commodity
2018-07-24,Gold ETF,116.04000091552734,4801000,Commodity
2018-07-25,Gold ETF,116.68000030517578,5479600,Commodity
2018-07-26,Gold ETF,115.7699966430664,6382700,Commodity
2018-07-27,Gold ETF,115.83000183105469,5242000,Commodity
2018-07-30,Gold ETF,115.6500015258789,4157400,Commodity
2018-07-31,Gold ETF,115.98999786376953,5508500,Commodity
2018-08-01,Gold ETF,115.13999938964844,7941700,Commodity
2018-08-02,Gold ETF,114.5199966430664,6204200,Commodity
2018-08-03,Gold ETF,114.91999816894531,5953200,Commodity
2018-08-06,Gold ETF,114.33000183105469,5811600,Commodity
2018-08-07,Gold ETF,114.58999633789062,5188000,Commodity
2018-08-08,Gold ETF,114.91000366210938,3808000,Commodity
2018-08-09,Gold ETF,114.73999786376953,4253000,Commodity
2018-08-10,Gold ETF,114.69000244140625,6757900,Commodity
2018-08-13,Gold ETF,112.95999908447266,9150900,Commodity
2018-08-14,Gold ETF,113.06999969482422,7085900,Commodity
2018-08-15,Gold ETF,111.19000244140625,12398400,Commodity
2018-08-16,Gold ETF,111.0999984741211,7484600,Commodity
2018-08-17,Gold ETF,112.12999725341797,8471000,Commodity
2018-08-20,Gold ETF,112.69000244140625,5313400,Commodity
2018-08-21,Gold ETF,113.0199966430664,5042400,Commodity
2018-08-22,Gold ETF,113.2699966430664,6215600,Commodity
2018-08-23,Gold ETF,112.19999694824219,5500100,Commodity
2018-08-24,Gold ETF,114.16000366210938,9214700,Commodity
2018-08-27,Gold ETF,114.58999633789062,4364000,Commodity
2018-08-28,Gold ETF,113.68000030517578,6101400,Commodity
2018-08-29,Gold ETF,114.19999694824219,5616300,Commodity
2018-08-30,Gold ETF,113.63999938964844,5431600,Commodity
2018-08-31,Gold ETF,113.51000213623047,5048700,Commodity
2018-09-04,Gold ETF,112.93000030517578,6617500,Commodity
2018-09-05,Gold ETF,113.31999969482422,4459200,Commodity
2018-09-06,Gold ETF,113.54000091552734,4784700,Commodity
2018-09-07,Gold ETF,113.2300033569336,3714000,Commodity
2018-09-10,Gold ETF,113.1500015258789,2316500,Commodity
2018-09-11,Gold ETF,113.22000122070312,3791300,Commodity
2018-09-12,Gold ETF,114.16999816894531,6315900,Commodity
2018-09-13,Gold ETF,113.76000213623047,5635900,Commodity
2018-09-14,Gold ETF,113.0199966430664,5375600,Commodity
2018-09-17,Gold ETF,113.61000061035156,4727300,Commodity
2018-09-18,Gold ETF,113.44000244140625,4737800,Commodity
2018-09-19,Gold ETF,113.87999725341797,4223200,Commodity
2018-09-20,Gold ETF,114.2699966430664,4384200,Commodity
2018-09-21,Gold ETF,113.48999786376953,6831400,Commodity
2018-09-24,Gold ETF,113.47000122070312,4435300,Commodity
2018-09-25,Gold ETF,113.6500015258789,3004800,Commodity
2018-09-26,Gold ETF,113.05000305175781,8297300,Commodity
2018-09-27,Gold ETF,112.05000305175781,7683400,Commodity
2018-09-28,Gold ETF,112.76000213623047,6020600,Commodity
2018-10-01,Gold ETF,112.56999969482422,3892600,Commodity
2018-10-02,Gold ETF,113.87000274658203,10776700,Commodity
2018-10-03,Gold ETF,113.41999816894531,6674500,Commodity
2018-10-04,Gold ETF,113.4800033569336,6616200,Commodity
2018-10-05,Gold ETF,113.80000305175781,7994400,Commodity
2018-10-08,Gold ETF,112.54000091552734,12111600,Commodity
2018-10-09,Gold ETF,112.5999984741211,8352300,Commodity
2018-10-10,Gold ETF,112.87999725341797,10571300,Commodity
2018-10-11,Gold ETF,115.77999877929688,26810900,Commodity
2018-10-12,Gold ETF,115.2300033569336,12939300,Commodity
2018-10-15,Gold ETF,116.0,11828400,Commodity
2018-10-16,Gold ETF,115.80000305175781,9531800,Commodity
2018-10-17,Gold ETF,115.79000091552734,7078600,Commodity
2018-10-18,Gold ETF,115.91999816894531,7964100,Commodity
2018-10-19,Gold ETF,116.01000213623047,7453900,Commodity
2018-10-22,Gold ETF,115.70999908447266,5200500,Commodity
2018-10-23,Gold ETF,116.38999938964844,12704200,Commodity
2018-10-24,Gold ETF,116.66000366210938,8563300,Commodity
2018-10-25,Gold ETF,116.4000015258789,8303500,Commodity
2018-10-26,Gold ETF,116.7699966430664,15733100,Commodity
2018-10-29,Gold ETF,116.30999755859375,8732500,Commodity
2018-10-30,Gold ETF,115.80000305175781,7233300,Commodity
2018-10-31,Gold ETF,115.1500015258789,11409300,Commodity
2018-11-01,Gold ETF,116.62999725341797,13662900,Commodity
2018-11-02,Gold ETF,116.6500015258789,8796900,Commodity
2018-11-05,Gold ETF,116.37000274658203,6291500,Commodity
2018-11-06,Gold ETF,116.04000091552734,7270800,Commodity
2018-11-07,Gold ETF,116.02999877929688,8392100,Commodity
2018-11-08,Gold ETF,115.77999877929688,7638800,Commodity
2018-11-09,Gold ETF,114.4800033569336,14159200,Commodity
2018-11-12,Gold ETF,113.66000366210938,7498600,Commodity
2018-11-13,Gold ETF,113.69999694824219,9309000,Commodity
2018-11-14,Gold ETF,114.63999938964844,13950200,Commodity
2018-11-15,Gold ETF,114.7699966430664,8910600,Commodity
2018-11-16,Gold ETF,115.62000274658203,8577000,Commodity
2018-11-19,Gold ETF,115.66999816894531,8508300,Commodity
2018-11-20,Gold ETF,115.66999816894531,9075100,Commodity
2018-11-21,Gold ETF,115.86000061035156,8834200,Commodity
2018-11-23,Gold ETF,115.7699966430664,3726600,Commodity
2018-11-26,Gold ETF,115.63999938964844,4018600,Commodity
2018-11-27,Gold ETF,114.94999694824219,9671100,Commodity
2018-11-28,Gold ETF,115.37999725341797,13788800,Commodity
2018-11-29,Gold ETF,115.73999786376953,6479300,Commodity
2018-11-30,Gold ETF,115.54000091552734,8169600,Commodity
2018-12-03,Gold ETF,116.41000366210938,8469500,Commodity
2018-12-04,Gold ETF,117.12000274658203,7186100,Commodity
2018-12-06,Gold ETF,117.13999938964844,9267600,Commodity
2018-12-07,Gold ETF,118.08999633789062,10402900,Commodity
2018-12-10,Gold ETF,117.68000030517578,8117900,Commodity
2018-12-11,Gold ETF,117.54000091552734,6395400,Commodity
2018-12-12,Gold ETF,117.79000091552734,4136800,Commodity
2018-12-13,Gold ETF,117.52999877929688,4131800,Commodity
2018-12-14,Gold ETF,117.05999755859375,7501700,Commodity
2018-12-17,Gold ETF,117.87000274658203,8454900,Commodity
2018-12-18,Gold ETF,118.1500015258789,7542900,Commodity
2018-12-19,Gold ETF,117.43000030517578,13827500,Commodity
2018-12-20,Gold ETF,119.23999786376953,18615100,Commodity
2018-12-21,Gold ETF,118.72000122070312,13629800,Commodity
2018-12-24,Gold ETF,120.0199966430664,9736400,Commodity
2018-12-26,Gold ETF,119.66000366210938,14293500,Commodity
2018-12-27,Gold ETF,120.56999969482422,11874400,Commodity
2018-12-28,Gold ETF,121.05999755859375,6864700,Commodity
2018-12-31,Gold ETF,121.25,8449400,Commodity
2019-01-02,Gold ETF,121.33000183105469,12776200,Commodity
2019-01-03,Gold ETF,122.43000030517578,15440800,Commodity
2019-01-04,Gold ETF,121.44000244140625,13334000,Commodity
2019-01-07,Gold ETF,121.86000061035156,7473600,Commodity
2019-01-08,Gold ETF,121.52999877929688,7643100,Commodity
2019-01-09,Gold ETF,122.30999755859375,10555900,Commodity
2019-01-10,Gold ETF,121.58999633789062,6672000,Commodity
2019-01-11,Gold ETF,121.80000305175781,8622400,Commodity
2019-01-14,Gold ETF,122.08999633789062,6477100,Commodity
2019-01-15,Gold ETF,121.87999725341797,7512500,Commodity
2019-01-16,Gold ETF,122.2699966430664,6878100,Commodity
2019-01-17,Gold ETF,122.11000061035156,8558500,Commodity
2019-01-18,Gold ETF,121.0199966430664,10896000,Commodity
2019-01-22,Gold ETF,121.44999694824219,7896500,Commodity
2019-01-23,Gold ETF,121.27999877929688,5224900,Commodity
2019-01-24,Gold ETF,121.08999633789062,5662500,Commodity
2019-01-25,Gold ETF,122.86000061035156,11103300,Commodity
2019-01-28,Gold ETF,123.29000091552734,8522200,Commodity
2019-01-29,Gold ETF,123.9800033569336,11610200,Commodity
2019-01-30,Gold ETF,124.69000244140625,12104000,Commodity
2019-01-31,Gold ETF,124.75,10209500,Commodity
2019-02-01,Gold ETF,124.5,12485500,Commodity
2019-02-04,Gold ETF,123.95999908447266,6878900,Commodity
2019-02-05,Gold ETF,124.27999877929688,6291100,Commodity
2019-02-06,Gold ETF,123.44000244140625,6595100,Commodity
2019-02-07,Gold ETF,123.73999786376953,5935500,Commodity
2019-02-08,Gold ETF,124.20999908447266,4235200,Commodity
2019-02-11,Gold ETF,123.5999984741211,4821800,Commodity
2019-02-12,Gold ETF,123.86000061035156,4271900,Commodity
2019-02-13,Gold ETF,123.37000274658203,7640500,Commodity
2019-02-14,Gold ETF,124.05999755859375,6276500,Commodity
2019-02-15,Gold ETF,124.80000305175781,12190100,Commodity
2019-02-19,Gold ETF,126.69999694824219,15614000,Commodity
2019-02-20,Gold ETF,126.4800033569336,8889700,Commodity
2019-02-21,Gold ETF,125.05000305175781,8634600,Commodity
2019-02-22,Gold ETF,125.5,5439400,Commodity
2019-02-25,Gold ETF,125.37000274658203,4882600,Commodity
2019-02-26,Gold ETF,125.58000183105469,5153200,Commodity
2019-02-27,Gold ETF,124.69000244140625,7935600,Commodity
2019-02-28,Gold ETF,123.98999786376953,7811700,Commodity
2019-03-01,Gold ETF,121.87999725341797,16411700,Commodity
2019-03-04,Gold ETF,121.55999755859375,10272600,Commodity
2019-03-05,Gold ETF,121.72000122070312,7120100,Commodity
2019-03-06,Gold ETF,121.61000061035156,4820400,Commodity
2019-03-07,Gold ETF,121.51000213623047,6088800,Commodity
2019-03-08,Gold ETF,122.83999633789062,10427700,Commodity
2019-03-11,Gold ETF,122.23999786376953,6708700,Commodity
2019-03-12,Gold ETF,122.9800033569336,6289900,Commodity
2019-03-13,Gold ETF,123.83999633789062,7377300,Commodity
2019-03-14,Gold ETF,122.41000366210938,6778200,Commodity
2019-03-15,Gold ETF,122.97000122070312,9412000,Commodity
2019-03-18,Gold ETF,123.04000091552734,7783200,Commodity
2019-03-19,Gold ETF,123.37999725341797,6558700,Commodity
2019-03-20,Gold ETF,124.18000030517578,11304900,Commodity
2019-03-21,Gold ETF,123.68000030517578,7739800,Commodity
2019-03-22,Gold ETF,123.97000122070312,5874000,Commodity
2019-03-25,Gold ETF,124.91999816894531,7288300,Commodity
2019-03-26,Gold ETF,124.30000305175781,5056100,Commodity
2019-03-27,Gold ETF,123.6500015258789,6595000,Commodity
2019-03-28,Gold ETF,121.9000015258789,11878300,Commodity
2019-03-29,Gold ETF,122.01000213623047,7093900,Commodity
2019-04-01,Gold ETF,121.52999877929688,13560000,Commodity
2019-04-02,Gold ETF,121.9800033569336,4475000,Commodity
2019-04-03,Gold ETF,121.80000305175781,6152200,Commodity
2019-04-04,Gold ETF,122.11000061035156,7508400,Commodity
2019-04-05,Gold ETF,121.9800033569336,5114500,Commodity
2019-04-08,Gold ETF,122.51000213623047,4270800,Commodity
2019-04-09,Gold ETF,123.1500015258789,4648400,Commodity
2019-04-10,Gold ETF,123.52999877929688,6344800,Commodity
2019-04-11,Gold ETF,121.94999694824219,11694500,Commodity
2019-04-12,Gold ETF,121.83000183105469,5272800,Commodity
2019-04-15,Gold ETF,121.5999984741211,4252400,Commodity
2019-04-16,Gold ETF,120.51000213623047,10097800,Commodity
2019-04-17,Gold ETF,120.27999877929688,4693900,Commodity
2019-04-18,Gold ETF,120.37000274658203,4090400,Commodity
2019-04-22,Gold ETF,120.37000274658203,2250900,Commodity
2019-04-23,Gold ETF,120.12000274658203,5574800,Commodity
2019-04-24,Gold ETF,120.47000122070312,4173000,Commodity
2019-04-25,Gold ETF,120.56999969482422,4836900,Commodity
2019-04-26,Gold ETF,121.37000274658203,6022700,Commodity
2019-04-29,Gold ETF,120.83000183105469,4469300,Commodity
2019-04-30,Gold ETF,121.19999694824219,4758600,Commodity
2019-05-01,Gold ETF,120.4000015258789,12331800,Commodity
2019-05-02,Gold ETF,119.94000244140625,6759600,Commodity
2019-05-03,Gold ETF,120.6500015258789,8414400,Commodity
2019-05-06,Gold ETF,120.80999755859375,3479600,Commodity
2019-05-07,Gold ETF,121.20999908447266,4010700,Commodity
2019-05-08,Gold ETF,120.91000366210938,4178800,Commodity
2019-05-09,Gold ETF,121.19999694824219,5015500,Commodity
2019-05-10,Gold ETF,121.43000030517578,4586000,Commodity
2019-05-13,Gold ETF,122.66999816894531,11130900,Commodity
2019-05-14,Gold ETF,122.45999908447266,5556000,Commodity
2019-05-15,Gold ETF,122.38999938964844,10299000,Commodity
2019-05-16,Gold ETF,121.51000213623047,6349400,Commodity
2019-05-17,Gold ETF,120.6500015258789,6589300,Commodity
2019-05-20,Gold ETF,120.63999938964844,4345800,Commodity
2019-05-21,Gold ETF,120.36000061035156,3845600,Commodity
2019-05-22,Gold ETF,120.23999786376953,3741800,Commodity
2019-05-23,Gold ETF,121.16999816894531,6054600,Commodity
2019-05-24,Gold ETF,121.30000305175781,2324700,Commodity
2019-05-28,Gold ETF,120.83000183105469,4303500,Commodity
2019-05-29,Gold ETF,120.87000274658203,4133200,Commodity
2019-05-30,Gold ETF,121.69000244140625,7757000,Commodity
2019-05-31,Gold ETF,123.33000183105469,15367000,Commodity
2019-06-03,Gold ETF,125.11000061035156,14173600,Commodity
2019-06-04,Gold ETF,125.1500015258789,7997100,Commodity
2019-06-05,Gold ETF,125.47000122070312,7637900,Commodity
2019-06-06,Gold ETF,125.87999725341797,5551800,Commodity
2019-06-07,Gold ETF,126.58999633789062,8145900,Commodity
2019-06-10,Gold ETF,125.33000183105469,5410000,Commodity
2019-06-11,Gold ETF,125.18000030517578,4757800,Commodity
2019-06-12,Gold ETF,125.83000183105469,5756200,Commodity
2019-06-13,Gold ETF,126.5999984741211,5374800,Commodity
2019-06-14,Gold ETF,126.55999755859375,9226100,Commodity
2019-06-17,Gold ETF,126.4800033569336,4763300,Commodity
2019-06-18,Gold ETF,127.12000274658203,10309600,Commodity
2019-06-19,Gold ETF,127.88999938964844,11660600,Commodity
2019-06-20,Gold ETF,131.11000061035156,18636300,Commodity
2019-06-21,Gold ETF,131.97999572753906,15068000,Commodity
2019-06-24,Gold ETF,133.94000244140625,17851800,Commodity
2019-06-25,Gold ETF,134.1999969482422,24772200,Commodity
2019-06-26,Gold ETF,132.97000122070312,12016400,Commodity
2019-06-27,Gold ETF,132.83999633789062,8412800,Commodity
2019-06-28,Gold ETF,133.1999969482422,8077000,Commodity
2019-07-01,Gold ETF,130.6199951171875,13317700,Commodity
2019-07-02,Gold ETF,133.41000366210938,13282100,Commodity
2019-07-03,Gold ETF,133.6300048828125,6351500,Commodity
2019-07-05,Gold ETF,132.13999938964844,11536600,Commodity
2019-07-08,Gold ETF,131.2899932861328,8028900,Commodity
2019-07-09,Gold ETF,131.75,6633400,Commodity
2019-07-10,Gold ETF,133.8300018310547,13920600,Commodity
2019-07-11,Gold ETF,132.6999969482422,7535100,Commodity
2019-07-12,Gold ETF,133.52999877929688,6309500,Commodity
2019-07-15,Gold ETF,133.52999877929688,4026600,Commodity
2019-07-16,Gold ETF,132.39999389648438,7966000,Commodity
2019-07-17,Gold ETF,134.5800018310547,11288300,Commodity
2019-07-18,Gold ETF,136.47999572753906,18448200,Commodity
2019-07-19,Gold ETF,134.47000122070312,18079200,Commodity
2019-07-22,Gold ETF,134.4499969482422,7570400,Commodity
2019-07-23,Gold ETF,133.69000244140625,9981400,Commodity
2019-07-24,Gold ETF,134.3699951171875,6715200,Commodity
2019-07-25,Gold ETF,133.4199981689453,11708200,Commodity
2019-07-26,Gold ETF,133.63999938964844,6249900,Commodity
2019-07-29,Gold ETF,134.52999877929688,9162400,Commodity
2019-07-30,Gold ETF,134.97999572753906,9458700,Commodity
2019-07-31,Gold ETF,133.2100067138672,18797200,Commodity
2019-08-01,Gold ETF,136.41000366210938,27719800,Commodity
2019-08-02,Gold ETF,135.88999938964844,13753200,Commodity
2019-08-05,Gold ETF,137.7899932861328,17519800,Commodity
2019-08-06,Gold ETF,138.91000366210938,9471200,Commodity
2019-08-07,Gold ETF,141.02000427246094,26671100,Commodity
2019-08-08,Gold ETF,141.72999572753906,13108600,Commodity
2019-08-09,Gold ETF,141.25999450683594,9485900,Commodity
2019-08-12,Gold ETF,142.6300048828125,15264000,Commodity
2019-08-13,Gold ETF,141.77999877929688,29842800,Commodity
2019-08-14,Gold ETF,142.75,20672900,Commodity
2019-08-15,Gold ETF,143.6999969482422,13467800,Commodity
2019-08-16,Gold ETF,142.77999877929688,11728800,Commodity
2019-08-19,Gold ETF,141.11000061035156,10552700,Commodity
2019-08-20,Gold ETF,142.2100067138672,7478500,Commodity
2019-08-21,Gold ETF,141.75999450683594,8114700,Commodity
2019-08-22,Gold ETF,141.39999389648438,6846500,Commodity
2019-08-23,Gold ETF,144.1699981689453,20282200,Commodity
2019-08-26,Gold ETF,144.19000244140625,12195800,Commodity
2019-08-27,Gold ETF,145.57000732421875,12844100,Commodity
2019-08-28,Gold ETF,145.16000366210938,11452400,Commodity
2019-08-29,Gold ETF,144.1199951171875,14762500,Commodity
2019-08-30,Gold ETF,143.75,9642200,Commodity
2019-09-03,Gold ETF,145.75,15615200,Commodity
2019-09-04,Gold ETF,146.66000366210938,11285900,Commodity
2019-09-05,Gold ETF,143.13999938964844,20293200,Commodity
2019-09-06,Gold ETF,141.9199981689453,14175200,Commodity
2019-09-09,Gold ETF,141.38999938964844,11323800,Commodity
2019-09-10,Gold ETF,140.17999267578125,12629200,Commodity
2019-09-11,Gold ETF,141.02999877929688,7453000,Commodity
2019-09-12,Gold ETF,141.32000732421875,12673700,Commodity
2019-09-13,Gold ETF,140.14999389648438,13451700,Commodity
2019-09-16,Gold ETF,141.32000732421875,8094600,Commodity
2019-09-17,Gold ETF,141.60000610351562,7010200,Commodity
2019-09-18,Gold ETF,140.7100067138672,15026300,Commodity
2019-09-19,Gold ETF,141.27999877929688,8057400,Commodity
2019-09-20,Gold ETF,142.9499969482422,12110000,Commodity
2019-09-23,Gold ETF,143.75,9006500,Commodity
2019-09-24,Gold ETF,144.50999450683594,10576300,Commodity
2019-09-25,Gold ETF,141.8300018310547,11648400,Commodity
2019-09-26,Gold ETF,141.7899932861328,7984600,Commodity
2019-09-27,Gold ETF,141.05999755859375,9804200,Commodity
2019-09-30,Gold ETF,138.8699951171875,15459100,Commodity
2019-10-01,Gold ETF,139.6300048828125,12476200,Commodity
2019-10-02,Gold ETF,141.25999450683594,11914300,Commodity
2019-10-03,Gold ETF,141.89999389648438,12396100,Commodity
2019-10-04,Gold ETF,141.89999389648438,9651000,Commodity
2019-10-07,Gold ETF,140.69000244140625,6127200,Commodity
2019-10-08,Gold ETF,141.9199981689453,10428900,Commodity
2019-10-09,Gold ETF,142.0500030517578,6927700,Commodity
2019-10-10,Gold ETF,140.80999755859375,9301700,Commodity
2019-10-11,Gold ETF,140.02999877929688,11333400,Commodity
2019-10-14,Gold ETF,140.58999633789062,4006700,Commodity
2019-10-15,Gold ETF,139.61000061035156,9128300,Commodity
2019-10-16,Gold ETF,140.41000366210938,10330300,Commodity
2019-10-17,Gold ETF,140.61000061035156,6131000,Commodity
2019-10-18,Gold ETF,140.4600067138672,6416100,Commodity
2019-10-21,Gold ETF,139.7899932861328,8306200,Commodity
2019-10-22,Gold ETF,140.1999969482422,3879700,Commodity
2019-10-23,Gold ETF,140.52999877929688,4155300,Commodity
2019-10-24,Gold ETF,141.52999877929688,6174800,Commodity
2019-10-25,Gold ETF,141.86000061035156,6011500,Commodity
2019-10-28,Gold ETF,140.63999938964844,5442000,Commodity
2019-10-29,Gold ETF,140.25,3835400,Commodity
2019-10-30,Gold ETF,141.02000427246094,6992900,Commodity
2019-10-31,Gold ETF,142.42999267578125,7050900,Commodity
2019-11-01,Gold ETF,142.55999755859375,8090000,Commodity
2019-11-04,Gold ETF,142.14999389648438,4740300,Commodity
2019-11-05,Gold ETF,139.85000610351562,11782300,Commodity
2019-11-06,Gold ETF,140.4499969482422,6416500,Commodity
2019-11-07,Gold ETF,138.27000427246094,15214200,Commodity
2019-11-08,Gold ETF,137.38999938964844,10377400,Commodity
2019-11-11,Gold ETF,137.05999755859375,7037300,Commodity
2019-11-12,Gold ETF,137.42999267578125,6448600,Commodity
2019-11-13,Gold ETF,137.97999572753906,8776000,Commodity
2019-11-14,Gold ETF,138.55999755859375,5220500,Commodity
2019-11-15,Gold ETF,138.2100067138672,10106700,Commodity
2019-11-18,Gold ETF,138.6199951171875,5717900,Commodity
2019-11-19,Gold ETF,138.69000244140625,4824400,Commodity
2019-11-20,Gold ETF,138.75999450683594,6892100,Commodity
2019-11-21,Gold ETF,138.0,4197200,Commodity
2019-11-22,Gold ETF,137.74000549316406,3620300,Commodity
2019-11-25,Gold ETF,137.0800018310547,6415800,Commodity
2019-11-26,Gold ETF,137.74000549316406,4724400,Commodity
2019-11-27,Gold ETF,137.00999450683594,4111000,Commodity
2019-11-29,Gold ETF,137.86000061035156,4516400,Commodity
2019-12-02,Gold ETF,137.7899932861328,8274700,Commodity
2019-12-03,Gold ETF,139.11000061035156,8481700,Commodity
2019-12-04,Gold ETF,138.9199981689453,6322300,Commodity
2019-12-05,Gold ETF,139.0,5671500,Commodity
2019-12-06,Gold ETF,137.6199951171875,8714500,Commodity
2019-12-09,Gold ETF,137.5800018310547,2711600,Commodity
2019-12-10,Gold ETF,137.97000122070312,3240800,Commodity
2019-12-11,Gold ETF,138.9199981689453,6097500,Commodity
2019-12-12,Gold ETF,138.42999267578125,8815100,Commodity
2019-12-13,Gold ETF,139.0500030517578,6964300,Commodity
2019-12-16,Gold ETF,139.0399932861328,4646100,Commodity
2019-12-17,Gold ETF,139.00999450683594,4287500,Commodity
2019-12-18,Gold ETF,139.02000427246094,3607600,Commodity
2019-12-19,Gold ETF,139.3800048828125,4975000,Commodity
2019-12-20,Gold ETF,139.52000427246094,4463900,Commodity
2019-12-23,Gold ETF,139.9499969482422,5180900,Commodity
2019-12-24,Gold ETF,141.27000427246094,5303700,Commodity
2019-12-26,Gold ETF,142.3800048828125,8342500,Commodity
2019-12-27,Gold ETF,142.3300018310547,5119900,Commodity
2019-12-30,Gold ETF,142.6300048828125,4810600,Commodity
2019-12-31,Gold ETF,142.89999389648438,5313500,Commodity
2020-01-02,Gold ETF,143.9499969482422,7733800,Commodity
2020-01-03,Gold ETF,145.86000061035156,12272800,Commodity
2020-01-06,Gold ETF,147.38999938964844,14403300,Commodity
2020-01-07,Gold ETF,147.97000122070312,7978500,Commodity
2020-01-08,Gold ETF,146.86000061035156,22248500,Commodity
2020-01-09,Gold ETF,146.02999877929688,10292300,Commodity
2020-01-10,Gold ETF,146.91000366210938,6183300,Commodity
2020-01-13,Gold ETF,145.82000732421875,7593800,Commodity
2020-01-14,Gold ETF,145.69000244140625,6589700,Commodity
2020-01-15,Gold ETF,146.5399932861328,6510000,Commodity
2020-01-16,Gold ETF,146.30999755859375,6069100,Commodity
2020-01-17,Gold ETF,146.5800018310547,11121100,Commodity
2020-01-21,Gold ETF,146.74000549316406,6086100,Commodity
2020-01-22,Gold ETF,146.7899932861328,4778200,Commodity
2020-01-23,Gold ETF,147.1199951171875,8419800,Commodity
2020-01-24,Gold ETF,147.97999572753906,9919900,Commodity
2020-01-27,Gold ETF,148.99000549316406,9988100,Commodity
2020-01-28,Gold ETF,147.66000366210938,7543100,Commodity
2020-01-29,Gold ETF,148.4600067138672,5013100,Commodity
2020-01-30,Gold ETF,148.47000122070312,9119500,Commodity
2020-01-31,Gold ETF,149.3300018310547,14788300,Commodity
2020-02-03,Gold ETF,148.36000061035156,9105300,Commodity
2020-02-04,Gold ETF,146.42999267578125,10525600,Commodity
2020-02-05,Gold ETF,146.61000061035156,6160700,Commodity
2020-02-06,Gold ETF,147.39999389648438,4819800,Commodity
2020-02-07,Gold ETF,147.7899932861328,6379300,Commodity
2020-02-10,Gold ETF,148.1699981689453,5793600,Commodity
2020-02-11,Gold ETF,147.66000366210938,5179400,Commodity
2020-02-12,Gold ETF,147.5399932861328,5040600,Commodity
2020-02-13,Gold ETF,148.3800048828125,7082100,Commodity
2020-02-14,Gold ETF,149.0,5345400,Commodity
2020-02-18,Gold ETF,150.91000366210938,11524900,Commodity
2020-02-19,Gold ETF,151.7899932861328,9269800,Commodity
2020-02-20,Gold ETF,152.41000366210938,8457300,Commodity
2020-02-21,Gold ETF,154.6999969482422,16344500,Commodity
2020-02-24,Gold ETF,156.08999633789062,27171000,Commodity
2020-02-25,Gold ETF,153.3000030517578,28091500,Commodity
2020-02-26,Gold ETF,153.97000122070312,17912500,Commodity
2020-02-27,Gold ETF,154.0,27878500,Commodity
2020-02-28,Gold ETF,148.3800048828125,42699600,Commodity
2020-03-02,Gold ETF,149.1999969482422,16295400,Commodity
2020-03-03,Gold ETF,153.88999938964844,28687700,Commodity
2020-03-04,Gold ETF,154.16000366210938,12315500,Commodity
2020-03-05,Gold ETF,157.49000549316406,17973500,Commodity
2020-03-06,Gold ETF,157.5500030517578,26973400,Commodity
2020-03-09,Gold ETF,157.80999755859375,24868700,Commodity
2020-03-10,Gold ETF,154.47999572753906,18811500,Commodity
2020-03-11,Gold ETF,153.92999267578125,18159900,Commodity
2020-03-12,Gold ETF,147.7899932861328,32893400,Commodity
2020-03-13,Gold ETF,143.27999877929688,35177200,Commodity
2020-03-16,Gold ETF,141.63999938964844,24496000,Commodity
2020-03-17,Gold ETF,143.55999755859375,24490300,Commodity
2020-03-18,Gold ETF,140.6999969482422,21953400,Commodity
2020-03-19,Gold ETF,138.0399932861328,20828900,Commodity
2020-03-20,Gold ETF,140.11000061035156,20056000,Commodity
2020-03-23,Gold ETF,146.3000030517578,28275200,Commodity
2020-03-24,Gold ETF,153.39999389648438,20743500,Commodity
2020-03-25,Gold ETF,151.3000030517578,16457200,Commodity
2020-03-26,Gold ETF,153.24000549316406,12778200,Commodity
2020-03-27,Gold ETF,152.25,9824600,Commodity
2020-03-30,Gold ETF,152.9199981689453,12080900,Commodity
2020-03-31,Gold ETF,148.0500030517578,13319500,Commodity
2020-04-01,Gold ETF,149.4499969482422,11827400,Commodity
2020-04-02,Gold ETF,151.89999389648438,9188300,Commodity
2020-04-03,Gold ETF,152.64999389648438,8469100,Commodity
2020-04-06,Gold ETF,156.8800048828125,14739300,Commodity
2020-04-07,Gold ETF,156.0399932861328,9195400,Commodity
2020-04-08,Gold ETF,154.64999389648438,7600800,Commodity
2020-04-09,Gold ETF,158.69000244140625,18123000,Commodity
2020-04-13,Gold ETF,161.41000366210938,20549200,Commodity
2020-04-14,Gold ETF,162.67999267578125,17095100,Commodity
2020-04-15,Gold ETF,161.85000610351562,12141900,Commodity
2020-04-16,Gold ETF,161.7100067138672,9233200,Commodity
2020-04-17,Gold ETF,158.57000732421875,14652700,Commodity
2020-04-20,Gold ETF,159.6999969482422,10688700,Commodity
2020-04-21,Gold ETF,158.61000061035156,12478100,Commodity
2020-04-22,Gold ETF,161.72999572753906,12902100,Commodity
2020-04-23,Gold ETF,163.33999633789062,14928500,Commodity
2020-04-24,Gold ETF,162.63999938964844,11199300,Commodity
2020-04-27,Gold ETF,161.55999755859375,9033500,Commodity
2020-04-28,Gold ETF,160.83999633789062,10383000,Commodity
2020-04-29,Gold ETF,161.72999572753906,12232300,Commodity
2020-04-30,Gold ETF,158.8000030517578,13633500,Commodity
2020-05-01,Gold ETF,159.77999877929688,10914300,Commodity
2020-05-04,Gold ETF,160.33999633789062,7986200,Commodity
2020-05-05,Gold ETF,161.02000427246094,10563100,Commodity
2020-05-06,Gold ETF,158.9499969482422,13352000,Commodity
2020-05-07,Gold ETF,161.38999938964844,13691700,Commodity
2020-05-08,Gold ETF,160.4199981689453,12240900,Commodity
2020-05-11,Gold ETF,159.4199981689453,11209800,Commodity
2020-05-12,Gold ETF,160.0399932861328,10406000,Commodity
2020-05-13,Gold ETF,161.5800018310547,10950400,Commodity
2020-05-14,Gold ETF,163.00999450683594,17084400,Commodity
2020-05-15,Gold ETF,163.92999267578125,13918800,Commodity
2020-05-18,Gold ETF,162.69000244140625,14133800,Commodity
2020-05-19,Gold ETF,164.25999450683594,8535800,Commodity
2020-05-20,Gold ETF,164.64999389648438,10666100,Commodity
2020-05-21,Gold ETF,162.25,11791000,Commodity
2020-05-22,Gold ETF,163.2100067138672,8540900,Commodity
2020-05-26,Gold ETF,160.88999938964844,13972000,Commodity
2020-05-27,Gold ETF,161.17999267578125,13063500,Commodity
2020-05-28,Gold ETF,161.72000122070312,9758500,Commodity
2020-05-29,Gold ETF,162.91000366210938,12581800,Commodity
2020-06-01,Gold ETF,163.66000366210938,8140200,Commodity
2020-06-02,Gold ETF,162.60000610351562,10388900,Commodity
2020-06-03,Gold ETF,159.60000610351562,17000500,Commodity
2020-06-04,Gold ETF,161.27999877929688,10094000,Commodity
2020-06-05,Gold ETF,158.00999450683594,16021200,Commodity
2020-06-08,Gold ETF,159.72000122070312,9244400,Commodity
2020-06-09,Gold ETF,161.25999450683594,9045600,Commodity
2020-06-10,Gold ETF,163.57000732421875,13009300,Commodity
2020-06-11,Gold ETF,162.38999938964844,11673900,Commodity
2020-06-12,Gold ETF,162.6199951171875,6895400,Commodity
2020-06-15,Gold ETF,162.3300018310547,8532500,Commodity
2020-06-16,Gold ETF,162.25,7964000,Commodity
2020-06-17,Gold ETF,162.55999755859375,4758200,Commodity
2020-06-18,Gold ETF,162.24000549316406,5397600,Commodity
2020-06-19,Gold ETF,164.02999877929688,12187400,Commodity
2020-06-22,Gold ETF,165.08999633789062,12385600,Commodity
2020-06-23,Gold ETF,166.47999572753906,12137300,Commodity
2020-06-24,Gold ETF,165.89999389648438,10901400,Commodity
2020-06-25,Gold ETF,165.8000030517578,7093800,Commodity
2020-06-26,Gold ETF,166.5399932861328,9753500,Commodity
2020-06-29,Gold ETF,166.6300048828125,6735700,Commodity
2020-06-30,Gold ETF,167.3699951171875,12762300,Commodity
2020-07-01,Gold ETF,166.6199951171875,13214800,Commodity
2020-07-02,Gold ETF,166.97999572753906,8753500,Commodity
2020-07-06,Gold ETF,167.97999572753906,7265700,Commodity
2020-07-07,Gold ETF,169.0399932861328,11633100,Commodity
2020-07-08,Gold ETF,170.08999633789062,11662700,Commodity
2020-07-09,Gold ETF,169.6300048828125,13327400,Commodity
2020-07-10,Gold ETF,169.19000244140625,8218000,Commodity
2020-07-13,Gold ETF,169.39999389648438,11095900,Commodity
2020-07-14,Gold ETF,170.19000244140625,9812700,Commodity
2020-07-15,Gold ETF,170.33999633789062,7533800,Commodity
2020-07-16,Gold ETF,168.72999572753906,10242400,Commodity
2020-07-17,Gold ETF,170.1199951171875,10296000,Commodity
2020-07-20,Gold ETF,170.94000244140625,10095500,Commodity
2020-07-21,Gold ETF,173.0,12826100,Commodity
2020-07-22,Gold ETF,175.6300048828125,18712500,Commodity
2020-07-23,Gold ETF,177.17999267578125,23006800,Commodity
2020-07-24,Gold ETF,178.6999969482422,15601300,Commodity
2020-07-27,Gold ETF,182.22999572753906,21115600,Commodity
2020-07-28,Gold ETF,183.75,21164600,Commodity
2020-07-29,Gold ETF,185.1300048828125,25640100,Commodity
2020-07-30,Gold ETF,183.75999450683594,18061200,Commodity
2020-07-31,Gold ETF,185.42999267578125,15876700,Commodity
2020-08-03,Gold ETF,185.63999938964844,12897000,Commodity
2020-08-04,Gold ETF,189.58999633789062,20773200,Commodity
2020-08-05,Gold ETF,191.35000610351562,27078100,Commodity
2020-08-06,Gold ETF,193.88999938964844,20640100,Commodity
2020-08-07,Gold ETF,190.80999755859375,24570200,Commodity
2020-08-10,Gold ETF,190.14999389648438,19047200,Commodity
2020-08-11,Gold ETF,179.94000244140625,45355000,Commodity
2020-08-12,Gold ETF,179.10000610351562,28660500,Commodity
2020-08-13,Gold ETF,183.3300018310547,18596800,Commodity
2020-08-14,Gold ETF,182.5399932861328,11792000,Commodity
2020-08-17,Gold ETF,186.5,15709800,Commodity
2020-08-18,Gold ETF,188.17999267578125,16291600,Commodity
2020-08-19,Gold ETF,182.24000549316406,24646900,Commodity
2020-08-20,Gold ETF,183.5,16692200,Commodity
2020-08-21,Gold ETF,182.02999877929688,12713700,Commodity
2020-08-24,Gold ETF,181.0,11605800,Commodity
2020-08-25,Gold ETF,181.22000122070312,10056100,Commodity
2020-08-26,Gold ETF,183.36000061035156,12715800,Commodity
2020-08-27,Gold ETF,181.24000549316406,16299200,Commodity
2020-08-28,Gold ETF,184.38999938964844,13200800,Commodity
2020-08-31,Gold ETF,184.8300018310547,10251200,Commodity
2020-09-01,Gold ETF,185.0500030517578,10662100,Commodity
2020-09-02,Gold ETF,182.6199951171875,11536900,Commodity
2020-09-03,Gold ETF,181.13999938964844,12148100,Commodity
2020-09-04,Gold ETF,181.63999938964844,11567900,Commodity
2020-09-08,Gold ETF,181.2899932861328,13229200,Commodity
2020-09-09,Gold ETF,183.0500030517578,8424100,Commodity
2020-09-10,Gold ETF,182.4600067138672,9143600,Commodity
2020-09-11,Gold ETF,182.4499969482422,7662300,Commodity
2020-09-14,Gold ETF,183.88999938964844,9709500,Commodity
2020-09-15,Gold ETF,183.4499969482422,7993700,Commodity
2020-09-16,Gold ETF,183.97000122070312,12702400,Commodity
2020-09-17,Gold ETF,182.9600067138672,8836200,Commodity
2020-09-18,Gold ETF,183.1999969482422,9959700,Commodity
2020-09-21,Gold ETF,179.52000427246094,17436100,Commodity
2020-09-22,Gold ETF,178.64999389648438,7977900,Commodity
2020-09-23,Gold ETF,174.7899932861328,18134000,Commodity
2020-09-24,Gold ETF,175.44000244140625,11759200,Commodity
2020-09-25,Gold ETF,174.94000244140625,6779200,Commodity
2020-09-28,Gold ETF,176.6999969482422,7109700,Commodity
2020-09-29,Gold ETF,178.19000244140625,8718500,Commodity
2020-09-30,Gold ETF,177.1199951171875,8371800,Commodity
2020-10-01,Gold ETF,178.6999969482422,10402800,Commodity
2020-10-02,Gold ETF,178.5399932861328,7488500,Commodity
2020-10-05,Gold ETF,179.41000366210938,6969600,Commodity
2020-10-06,Gold ETF,177.3000030517578,8632800,Commodity
2020-10-07,Gold ETF,177.22000122070312,6410900,Commodity
2020-10-08,Gold ETF,177.85000610351562,6530800,Commodity
2020-10-09,Gold ETF,181.0800018310547,15979800,Commodity
2020-10-12,Gold ETF,180.55999755859375,4843000,Commodity
2020-10-13,Gold ETF,177.72000122070312,8384300,Commodity
2020-10-14,Gold ETF,178.27000427246094,9076600,Commodity
2020-10-15,Gold ETF,178.9199981689453,6815400,Commodity
2020-10-16,Gold ETF,178.3000030517578,7260700,Commodity
2020-10-19,Gold ETF,178.38999938964844,6084400,Commodity
2020-10-20,Gold ETF,179.25,7121400,Commodity
2020-10-21,Gold ETF,180.60000610351562,7548100,Commodity
2020-10-22,Gold ETF,178.8300018310547,8377000,Commodity
2020-10-23,Gold ETF,178.63999938964844,5919300,Commodity
2020-10-26,Gold ETF,178.5500030517578,5105100,Commodity
2020-10-27,Gold ETF,179.02000427246094,5826900,Commodity
2020-10-28,Gold ETF,176.1300048828125,11734100,Commodity
2020-10-29,Gold ETF,175.39999389648438,8474500,Commodity
2020-10-30,Gold ETF,176.1999969482422,7303000,Commodity
2020-11-02,Gold ETF,177.91000366210938,6498400,Commodity
2020-11-03,Gold ETF,178.9199981689453,7577200,Commodity
2020-11-04,Gold ETF,178.82000732421875,11117300,Commodity
2020-11-05,Gold ETF,182.92999267578125,16102800,Commodity
2020-11-06,Gold ETF,183.19000244140625,10378300,Commodity
2020-11-09,Gold ETF,175.0800018310547,29800700,Commodity
2020-11-10,Gold ETF,175.66000366210938,11728500,Commodity
2020-11-11,Gold ETF,174.89999389648438,9008500,Commodity
2020-11-12,Gold ETF,175.9600067138672,7167900,Commodity
2020-11-13,Gold ETF,177.16000366210938,6469800,Commodity
2020-11-16,Gold ETF,177.14999389648438,8358500,Commodity
2020-11-17,Gold ETF,176.5,8229100,Commodity
2020-11-18,Gold ETF,175.49000549316406,7384700,Commodity
2020-11-19,Gold ETF,175.16000366210938,6965100,Commodity
2020-11-20,Gold ETF,175.69000244140625,6379400,Commodity
2020-11-23,Gold ETF,172.22999572753906,15510600,Commodity
2020-11-24,Gold ETF,169.58999633789062,19504000,Commodity
2020-11-25,Gold ETF,169.50999450683594,10286600,Commodity
2020-11-27,Gold ETF,167.7899932861328,10569100,Commodity
2020-11-30,Gold ETF,166.6699981689453,13210000,Commodity
2020-12-01,Gold ETF,170.17999267578125,13533300,Commodity
2020-12-02,Gold ETF,171.4600067138672,9199700,Commodity
2020-12-03,Gold ETF,172.80999755859375,10457300,Commodity
2020-12-04,Gold ETF,172.32000732421875,10098600,Commodity
2020-12-07,Gold ETF,174.88999938964844,10555100,Commodity
2020-12-08,Gold ETF,175.5,6348400,Commodity
2020-12-09,Gold ETF,172.5,10743200,Commodity
2020-12-10,Gold ETF,172.1699981689453,6564000,Commodity
2020-12-11,Gold ETF,172.49000549316406,6084800,Commodity
2020-12-14,Gold ETF,171.5399932861328,7644400,Commodity
2020-12-15,Gold ETF,173.94000244140625,6840500,Commodity
2020-12-16,Gold ETF,174.89999389648438,8174700,Commodity
2020-12-17,Gold ETF,176.74000549316406,9475800,Commodity
2020-12-18,Gold ETF,176.44000244140625,6789900,Commodity
2020-12-21,Gold ETF,175.8800048828125,8168900,Commodity
2020-12-22,Gold ETF,174.49000549316406,9442400,Commodity
2020-12-23,Gold ETF,175.64999389648438,6542800,Commodity
2020-12-24,Gold ETF,176.35000610351562,3695400,Commodity
2020-12-28,Gold ETF,175.7100067138672,7778700,Commodity
2020-12-29,Gold ETF,176.35000610351562,5983700,Commodity
2020-12-30,Gold ETF,177.6999969482422,5914000,Commodity
2020-12-31,Gold ETF,178.36000061035156,7540800,Commodity
2021-01-04,Gold ETF,182.3300018310547,14331400,Commodity
2021-01-05,Gold ETF,182.8699951171875,12718800,Commodity
2021-01-06,Gold ETF,179.89999389648438,18453500,Commodity
2021-01-07,Gold ETF,179.47999572753906,7110200,Commodity
2021-01-08,Gold ETF,173.33999633789062,24399900,Commodity
2021-01-11,Gold ETF,173.0,8571400,Commodity
2021-01-12,Gold ETF,174.1199951171875,9798500,Commodity
2021-01-13,Gold ETF,173.3699951171875,14110300,Commodity
2021-01-14,Gold ETF,173.27999877929688,13522700,Commodity
2021-01-15,Gold ETF,171.1300048828125,16172500,Commodity
2021-01-19,Gold ETF,172.5800018310547,7485700,Commodity
2021-01-20,Gold ETF,175.38999938964844,9456000,Commodity
2021-01-21,Gold ETF,175.27999877929688,7246800,Commodity
2021-01-22,Gold ETF,173.89999389648438,7269600,Commodity
2021-01-25,Gold ETF,174.0500030517578,5936800,Commodity
2021-01-26,Gold ETF,173.6199951171875,4685600,Commodity
2021-01-27,Gold ETF,172.52000427246094,9036500,Commodity
2021-01-28,Gold ETF,172.67999267578125,9392400,Commodity
2021-01-29,Gold ETF,172.61000061035156,11252800,Commodity
2021-02-01,Gold ETF,174.22999572753906,9105500,Commodity
2021-02-02,Gold ETF,172.11000061035156,7221700,Commodity
2021-02-03,Gold ETF,171.85000610351562,4658100,Commodity
2021-02-04,Gold ETF,168.14999389648438,13736600,Commodity
2021-02-05,Gold ETF,169.80999755859375,6538500,Commodity
2021-02-08,Gold ETF,171.52000427246094,6887500,Commodity
2021-02-09,Gold ETF,172.0800018310547,5131800,Commodity
2021-02-10,Gold ETF,172.7100067138672,6112800,Commodity
2021-02-11,Gold ETF,171.2100067138672,5994500,Commodity
2021-02-12,Gold ETF,170.69000244140625,6018900,Commodity
2021-02-16,Gold ETF,168.24000549316406,14761100,Commodity
2021-02-17,Gold ETF,166.3300018310547,11400700,Commodity
2021-02-18,Gold ETF,166.32000732421875,7498200,Commodity
2021-02-19,Gold ETF,167.00999450683594,8273500,Commodity
2021-02-22,Gold ETF,169.50999450683594,10072000,Commodity
2021-02-23,Gold ETF,169.1199951171875,8616800,Commodity
2021-02-24,Gold ETF,169.0,8890600,Commodity
2021-02-25,Gold ETF,165.82000732421875,16359400,Commodity
2021-02-26,Gold ETF,161.80999755859375,23730400,Commodity
2021-03-01,Gold ETF,161.52999877929688,13828300,Commodity
2021-03-02,Gold ETF,162.41000366210938,11424600,Commodity
2021-03-03,Gold ETF,160.6199951171875,13059900,Commodity
2021-03-04,Gold ETF,159.0399932861328,13870100,Commodity
2021-03-05,Gold ETF,159.13999938964844,12821600,Commodity
2021-03-08,Gold ETF,157.49000549316406,12134900,Commodity
2021-03-09,Gold ETF,160.83999633789062,10382600,Commodity
2021-03-10,Gold ETF,161.66000366210938,7962000,Commodity
2021-03-11,Gold ETF,161.52000427246094,6749200,Commodity
2021-03-12,Gold ETF,161.49000549316406,8608500,Commodity
2021-03-15,Gold ETF,162.1999969482422,8104500,Commodity
2021-03-16,Gold ETF,162.35000610351562,7547400,Commodity
2021-03-17,Gold ETF,163.50999450683594,12626700,Commodity
2021-03-18,Gold ETF,162.55999755859375,8711100,Commodity
2021-03-19,Gold ETF,163.24000549316406,6868900,Commodity
2021-03-22,Gold ETF,163.0,5240000,Commodity
2021-03-23,Gold ETF,161.80999755859375,6048300,Commodity
2021-03-24,Gold ETF,162.3699951171875,6183700,Commodity
2021-03-25,Gold ETF,161.77999877929688,8398600,Commodity
2021-03-26,Gold ETF,162.24000549316406,6153900,Commodity
2021-03-29,Gold ETF,160.30999755859375,8409300,Commodity
2021-03-30,Gold ETF,157.57000732421875,8353200,Commodity
2021-03-31,Gold ETF,159.9600067138672,10623800,Commodity
2021-04-01,Gold ETF,161.97999572753906,7105200,Commodity
2021-04-05,Gold ETF,161.9199981689453,6163800,Commodity
2021-04-06,Gold ETF,163.22000122070312,6761200,Commodity
2021-04-07,Gold ETF,162.75999450683594,5436000,Commodity
2021-04-08,Gold ETF,164.50999450683594,6574500,Commodity
2021-04-09,Gold ETF,163.27000427246094,6657900,Commodity
2021-04-12,Gold ETF,162.27999877929688,4896700,Commodity
2021-04-13,Gold ETF,163.42999267578125,6995900,Commodity
2021-04-14,Gold ETF,162.72000122070312,6312300,Commodity
2021-04-15,Gold ETF,165.35000610351562,8250600,Commodity
2021-04-16,Gold ETF,166.35000610351562,10057600,Commodity
2021-04-19,Gold ETF,165.88999938964844,5721700,Commodity
2021-04-20,Gold ETF,166.47999572753906,6532000,Commodity
2021-04-21,Gold ETF,168.1300048828125,8380200,Commodity
2021-04-22,Gold ETF,167.0399932861328,7680100,Commodity
2021-04-23,Gold ETF,166.39999389648438,7106400,Commodity
2021-04-26,Gold ETF,166.83999633789062,4786600,Commodity
2021-04-27,Gold ETF,166.4199981689453,5363500,Commodity
2021-04-28,Gold ETF,166.91000366210938,6932200,Commodity
2021-04-29,Gold ETF,166.22000122070312,9067600,Commodity
2021-04-30,Gold ETF,165.66000366210938,6248700,Commodity
2021-05-03,Gold ETF,167.80999755859375,9014700,Commodity
2021-05-04,Gold ETF,166.5800018310547,10267400,Commodity
2021-05-05,Gold ETF,167.27000427246094,5950000,Commodity
2021-05-06,Gold ETF,170.05999755859375,13574100,Commodity
2021-05-07,Gold ETF,171.58999633789062,14748600,Commodity
2021-05-10,Gold ETF,172.11000061035156,8276600,Commodity
2021-05-11,Gold ETF,172.13999938964844,8348200,Commodity
2021-05-12,Gold ETF,170.42999267578125,12666300,Commodity
2021-05-13,Gold ETF,171.1300048828125,8078300,Commodity
2021-05-14,Gold ETF,172.69000244140625,9686800,Commodity
2021-05-17,Gold ETF,174.6999969482422,11956800,Commodity
2021-05-18,Gold ETF,175.0399932861328,7294000,Commodity
2021-05-19,Gold ETF,175.16000366210938,20741100,Commodity
2021-05-20,Gold ETF,175.9600067138672,9802800,Commodity
2021-05-21,Gold ETF,176.0399932861328,7677200,Commodity
2021-05-24,Gold ETF,176.35000610351562,5557300,Commodity
2021-05-25,Gold ETF,177.9499969482422,8986900,Commodity
2021-05-26,Gold ETF,177.63999938964844,8495400,Commodity
2021-05-27,Gold ETF,177.7100067138672,7993000,Commodity
2021-05-28,Gold ETF,178.3800048828125,9967000,Commodity
2021-06-01,Gold ETF,177.89999389648438,9143300,Commodity
2021-06-02,Gold ETF,178.77000427246094,6613100,Commodity
2021-06-03,Gold ETF,175.27000427246094,10153900,Commodity
2021-06-04,Gold ETF,177.16000366210938,8375300,Commodity
2021-06-07,Gold ETF,177.8699951171875,7709100,Commodity
2021-06-08,Gold ETF,177.32000732421875,5905800,Commodity
2021-06-09,Gold ETF,176.97999572753906,6346100,Commodity
2021-06-10,Gold ETF,177.74000549316406,9896600,Commodity
2021-06-11,Gold ETF,175.74000549316406,7836900,Commodity
2021-06-14,Gold ETF,174.7100067138672,7733600,Commodity
2021-06-15,Gold ETF,174.0500030517578,7550200,Commodity
2021-06-16,Gold ETF,171.11000061035156,16919700,Commodity
2021-06-17,Gold ETF,165.85000610351562,27232200,Commodity
2021-06-18,Gold ETF,164.92999267578125,15744300,Commodity
2021-06-21,Gold ETF,166.9499969482422,8371000,Commodity
2021-06-22,Gold ETF,166.25,7223900,Commodity
2021-06-23,Gold ETF,166.13999938964844,8474300,Commodity
2021-06-24,Gold ETF,166.0399932861328,6903400,Commodity
2021-06-25,Gold ETF,166.58999633789062,7473700,Commodity
2021-06-28,Gold ETF,166.5800018310547,6508900,Commodity
2021-06-29,Gold ETF,164.8300018310547,7451400,Commodity
2021-06-30,Gold ETF,165.6300048828125,7955800,Commodity
2021-07-01,Gold ETF,166.1999969482422,7430500,Commodity
2021-07-02,Gold ETF,167.2899932861328,7873600,Commodity
2021-07-06,Gold ETF,168.1199951171875,7932100,Commodity
2021-07-07,Gold ETF,168.75999450683594,7108900,Commodity
2021-07-08,Gold ETF,168.64999389648438,7244300,Commodity
2021-07-09,Gold ETF,169.2100067138672,4997400,Commodity
2021-07-12,Gold ETF,169.0,7315400,Commodity
2021-07-13,Gold ETF,169.22000122070312,7040300,Commodity
2021-07-14,Gold ETF,171.0399932861328,8830300,Commodity
2021-07-15,Gold ETF,171.07000732421875,6520100,Commodity
2021-07-16,Gold ETF,169.41000366210938,9460300,Commodity
2021-07-19,Gold ETF,169.61000061035156,6707400,Commodity
2021-07-20,Gold ETF,169.38999938964844,6540100,Commodity
2021-07-21,Gold ETF,168.75999450683594,4622600,Commodity
2021-07-22,Gold ETF,169.08999633789062,4793600,Commodity
2021-07-23,Gold ETF,168.55999755859375,5831500,Commodity
2021-07-26,Gold ETF,168.16000366210938,5229800,Commodity
2021-07-27,Gold ETF,168.44000244140625,6300200,Commodity
2021-07-28,Gold ETF,169.2899932861328,7905800,Commodity
2021-07-29,Gold ETF,171.1699981689453,8119600,Commodity
2021-07-30,Gold ETF,169.82000732421875,7391700,Commodity
2021-08-02,Gold ETF,169.61000061035156,10783200,Commodity
2021-08-03,Gold ETF,169.49000549316406,5402300,Commodity
2021-08-04,Gold ETF,169.52999877929688,9796300,Commodity
2021-08-05,Gold ETF,168.86000061035156,8015000,Commodity
2021-08-06,Gold ETF,164.63999938964844,13547600,Commodity
2021-08-09,Gold ETF,161.72000122070312,11547000,Commodity
2021-08-10,Gold ETF,161.77000427246094,6870800,Commodity
2021-08-11,Gold ETF,164.0,7382400,Commodity
2021-08-12,Gold ETF,164.0399932861328,5211700,Commodity
2021-08-13,Gold ETF,166.38999938964844,7466900,Commodity
2021-08-16,Gold ETF,167.22000122070312,7776500,Commodity
2021-08-17,Gold ETF,166.97000122070312,7107000,Commodity
2021-08-18,Gold ETF,167.10000610351562,7697900,Commodity
2021-08-19,Gold ETF,166.61000061035156,6934300,Commodity
2021-08-20,Gold ETF,166.6999969482422,7154000,Commodity
2021-08-23,Gold ETF,168.72999572753906,8190500,Commodity
2021-08-24,Gold ETF,168.64999389648438,4519200,Commodity
2021-08-25,Gold ETF,167.47999572753906,5588800,Commodity
2021-08-26,Gold ETF,167.6699981689453,4371900,Commodity
2021-08-27,Gold ETF,170.19000244140625,10036400,Commodity
2021-08-30,Gold ETF,169.35000610351562,3768600,Commodity
2021-08-31,Gold ETF,169.69000244140625,6336000,Commodity
2021-09-01,Gold ETF,169.6999969482422,4764900,Commodity
2021-09-02,Gold ETF,169.25,4599800,Commodity
2021-09-03,Gold ETF,171.05999755859375,8353300,Commodity
2021-09-07,Gold ETF,167.7100067138672,10004600,Commodity
2021-09-08,Gold ETF,167.2899932861328,6576000,Commodity
2021-09-09,Gold ETF,168.02999877929688,6641400,Commodity
2021-09-10,Gold ETF,167.17999267578125,7426300,Commodity
2021-09-13,Gold ETF,167.74000549316406,5474300,Commodity
2021-09-14,Gold ETF,168.82000732421875,7922900,Commodity
2021-09-15,Gold ETF,167.8300018310547,5624900,Commodity
2021-09-16,Gold ETF,164.02999877929688,11780400,Commodity
2021-09-17,Gold ETF,163.77000427246094,8369700,Commodity
2021-09-20,Gold ETF,164.94000244140625,7566600,Commodity
2021-09-21,Gold ETF,166.0399932861328,7181500,Commodity
2021-09-22,Gold ETF,165.4199981689453,9777800,Commodity
2021-09-23,Gold ETF,163.50999450683594,8451900,Commodity
2021-09-24,Gold ETF,163.3000030517578,6937500,Commodity
2021-09-27,Gold ETF,163.63999938964844,4943000,Commodity
2021-09-28,Gold ETF,162.0500030517578,9282800,Commodity
2021-09-29,Gold ETF,161.32000732421875,8360700,Commodity
2021-09-30,Gold ETF,164.22000122070312,10572900,Commodity
2021-10-01,Gold ETF,164.58999633789062,6654700,Commodity
2021-10-04,Gold ETF,165.36000061035156,7651700,Commodity
2021-10-05,Gold ETF,164.58999633789062,5617300,Commodity
2021-10-06,Gold ETF,165.02999877929688,6067200,Commodity
2021-10-07,Gold ETF,164.16000366210938,4791500,Commodity
2021-10-08,Gold ETF,164.22999572753906,8536100,Commodity
2021-10-11,Gold ETF,163.9199981689453,3820100,Commodity
2021-10-12,Gold ETF,164.66000366210938,5453000,Commodity
2021-10-13,Gold ETF,167.58999633789062,11113800,Commodity
2021-10-14,Gold ETF,168.0,5081400,Commodity
2021-10-15,Gold ETF,165.3300018310547,8699200,Commodity
2021-10-18,Gold ETF,164.9199981689453,4029600,Commodity
2021-10-19,Gold ETF,165.4499969482422,6588500,Commodity
2021-10-20,Gold ETF,166.89999389648438,5022000,Commodity
2021-10-21,Gold ETF,166.75,4412400,Commodity
2021-10-22,Gold ETF,167.77000427246094,10703900,Commodity
2021-10-25,Gold ETF,168.92999267578125,4881300,Commodity
2021-10-26,Gold ETF,167.67999267578125,6658900,Commodity
2021-10-27,Gold ETF,168.1199951171875,5823100,Commodity
2021-10-28,Gold ETF,168.0800018310547,7000700,Commodity
2021-10-29,Gold ETF,166.64999389648438,7531900,Commodity
2021-11-01,Gold ETF,167.52000427246094,4975600,Commodity
2021-11-02,Gold ETF,167.16000366210938,3760700,Commodity
2021-11-03,Gold ETF,165.77000427246094,9055200,Commodity
2021-11-04,Gold ETF,167.64999389648438,6656100,Commodity
2021-11-05,Gold ETF,169.83999633789062,9368900,Commodity
2021-11-08,Gold ETF,170.4499969482422,4966100,Commodity
2021-11-09,Gold ETF,171.2899932861328,5781200,Commodity
2021-11-10,Gold ETF,173.14999389648438,11461800,Commodity
2021-11-11,Gold ETF,174.1199951171875,5959600,Commodity
2021-11-12,Gold ETF,174.4499969482422,7894800,Commodity
2021-11-15,Gold ETF,174.17999267578125,5630800,Commodity
2021-11-16,Gold ETF,172.9199981689453,8667300,Commodity
2021-11-17,Gold ETF,174.5,6523100,Commodity
2021-11-18,Gold ETF,173.94000244140625,6252000,Commodity
2021-11-19,Gold ETF,172.61000061035156,8785600,Commodity
2021-11-22,Gold ETF,168.74000549316406,13091900,Commodity
2021-11-23,Gold ETF,167.27999877929688,8047800,Commodity
2021-11-24,Gold ETF,167.1199951171875,5359500,Commodity
2021-11-26,Gold ETF,166.85000610351562,9605200,Commodity
2021-11-29,Gold ETF,166.6199951171875,7394900,Commodity
2021-11-30,Gold ETF,165.5,12925300,Commodity
2021-12-01,Gold ETF,166.16000366210938,7808600,Commodity
2021-12-02,Gold ETF,165.24000549316406,9604100,Commodity
2021-12-03,Gold ETF,166.6300048828125,9507900,Commodity
2021-12-06,Gold ETF,166.22000122070312,4813600,Commodity
2021-12-07,Gold ETF,166.80999755859375,4900700,Commodity
2021-12-08,Gold ETF,166.89999389648438,4288900,Commodity
2021-12-09,Gold ETF,165.8800048828125,4913800,Commodity
2021-12-10,Gold ETF,166.5800018310547,6450600,Commodity
2021-12-13,Gold ETF,167.0,6610700,Commodity
2021-12-14,Gold ETF,165.44000244140625,8637900,Commodity
2021-12-15,Gold ETF,166.14999389648438,14231200,Commodity
2021-12-16,Gold ETF,168.16000366210938,11186200,Commodity
2021-12-17,Gold ETF,167.8000030517578,9856900,Commodity
2021-12-20,Gold ETF,167.08999633789062,6973000,Commodity
2021-12-21,Gold ETF,167.02000427246094,4548500,Commodity
2021-12-22,Gold ETF,168.58999633789062,4672900,Commodity
2021-12-23,Gold ETF,168.97000122070312,4551100,Commodity
2021-12-27,Gold ETF,169.3699951171875,4760300,Commodity
2021-12-28,Gold ETF,168.63999938964844,4541900,Commodity
2021-12-29,Gold ETF,168.58999633789062,5889700,Commodity
2021-12-30,Gold ETF,169.8000030517578,5426300,Commodity
2021-12-31,Gold ETF,170.9600067138672,7039300,Commodity
2022-01-03,Gold ETF,168.3300018310547,9014400,Commodity
2022-01-04,Gold ETF,169.57000732421875,6965600,Commodity
2022-01-05,Gold ETF,169.05999755859375,8715600,Commodity
2022-01-06,Gold ETF,166.99000549316406,10902700,Commodity
2022-01-07,Gold ETF,167.75,8191900,Commodity
2022-01-10,Gold ETF,168.25999450683594,7026500,Commodity
2022-01-11,Gold ETF,170.2899932861328,8369000,Commodity
2022-01-12,Gold ETF,170.74000549316406,6280700,Commodity
2022-01-13,Gold ETF,170.16000366210938,7034200,Commodity
2022-01-14,Gold ETF,169.6699981689453,7865900,Commodity
2022-01-18,Gold ETF,169.38999938964844,9322800,Commodity
2022-01-19,Gold ETF,172.0800018310547,15784500,Commodity
2022-01-20,Gold ETF,171.64999389648438,9570500,Commodity
2022-01-21,Gold ETF,171.08999633789062,10982500,Commodity
2022-01-24,Gold ETF,172.02999877929688,15727700,Commodity
2022-01-25,Gold ETF,172.5800018310547,17382100,Commodity
2022-01-26,Gold ETF,169.7899932861328,17799400,Commodity
2022-01-27,Gold ETF,167.60000610351562,15867300,Commodity
2022-01-28,Gold ETF,167.10000610351562,9782500,Commodity
2022-01-31,Gold ETF,168.08999633789062,8539300,Commodity
2022-02-01,Gold ETF,168.22999572753906,9763900,Commodity
2022-02-02,Gold ETF,168.83999633789062,9085300,Commodity
2022-02-03,Gold ETF,168.60000610351562,10650800,Commodity
2022-02-04,Gold ETF,168.86000061035156,9619600,Commodity
2022-02-07,Gold ETF,170.11000061035156,7796900,Commodity
2022-02-08,Gold ETF,170.6300048828125,5802000,Commodity
2022-02-09,Gold ETF,171.2100067138672,8002800,Commodity
2022-02-10,Gold ETF,170.55999755859375,10693500,Commodity
2022-02-11,Gold ETF,173.80999755859375,25741500,Commodity
2022-02-14,Gold ETF,174.74000549316406,13650700,Commodity
2022-02-15,Gold ETF,173.0800018310547,12603600,Commodity
2022-02-16,Gold ETF,174.86000061035156,12772100,Commodity
2022-02-17,Gold ETF,177.25,18612500,Commodity
2022-02-18,Gold ETF,177.1199951171875,12760700,Commodity
2022-02-22,Gold ETF,177.49000549316406,14960500,Commodity
2022-02-23,Gold ETF,178.2899932861328,11772200,Commodity
2022-02-24,Gold ETF,177.13999938964844,32726000,Commodity
2022-02-25,Gold ETF,176.5500030517578,11530900,Commodity
2022-02-28,Gold ETF,178.3800048828125,16055800,Commodity
2022-03-01,Gold ETF,181.6199951171875,21942100,Commodity
2022-03-02,Gold ETF,179.72999572753906,19727200,Commodity
2022-03-03,Gold ETF,180.8000030517578,15164400,Commodity
2022-03-04,Gold ETF,183.67999267578125,22390100,Commodity
2022-03-07,Gold ETF,186.41000366210938,27951800,Commodity
2022-03-08,Gold ETF,191.50999450683594,47347700,Commodity
2022-03-09,Gold ETF,185.82000732421875,26839700,Commodity
2022-03-10,Gold ETF,186.39999389648438,18455200,Commodity
2022-03-11,Gold ETF,185.08999633789062,14824700,Commodity
2022-03-14,Gold ETF,182.3000030517578,13186400,Commodity
2022-03-15,Gold ETF,178.88999938964844,16962300,Commodity
2022-03-16,Gold ETF,180.00999450683594,17548100,Commodity
2022-03-17,Gold ETF,180.88999938964844,10954100,Commodity
2022-03-18,Gold ETF,179.3000030517578,13996500,Commodity
2022-03-21,Gold ETF,180.6699981689453,10582200,Commodity
2022-03-22,Gold ETF,179.36000061035156,9621800,Commodity
2022-03-23,Gold ETF,181.80999755859375,12557300,Commodity
2022-03-24,Gold ETF,183.1300048828125,10970100,Commodity
2022-03-25,Gold ETF,182.3800048828125,7911100,Commodity
2022-03-28,Gold ETF,179.05999755859375,9489700,Commodity
2022-03-29,Gold ETF,179.13999938964844,10458900,Commodity
2022-03-30,Gold ETF,180.5800018310547,8361300,Commodity
2022-03-31,Gold ETF,180.64999389648438,9844400,Commodity
2022-04-01,Gold ETF,179.5,13034400,Commodity
2022-04-04,Gold ETF,180.3699951171875,7063100,Commodity
2022-04-05,Gold ETF,179.24000549316406,10828500,Commodity
2022-04-06,Gold ETF,179.66000366210938,8942100,Commodity
2022-04-07,Gold ETF,180.33999633789062,10140600,Commodity
2022-04-08,Gold ETF,181.47000122070312,10655700,Commodity
2022-04-11,Gold ETF,182.3699951171875,10071300,Commodity
2022-04-12,Gold ETF,183.77000427246094,12024600,Commodity
2022-04-13,Gold ETF,184.64999389648438,8651600,Commodity
2022-04-14,Gold ETF,184.0399932861328,11567200,Commodity
2022-04-18,Gold ETF,184.61000061035156,8886700,Commodity
2022-04-19,Gold ETF,181.82000732421875,12585600,Commodity
2022-04-20,Gold ETF,182.7100067138672,7038600,Commodity
2022-04-21,Gold ETF,182.05999755859375,9639800,Commodity
2022-04-22,Gold ETF,180.2899932861328,9147000,Commodity
2022-04-25,Gold ETF,177.0500030517578,13073700,Commodity
2022-04-26,Gold ETF,177.32000732421875,9042400,Commodity
2022-04-27,Gold ETF,175.97999572753906,8854700,Commodity
2022-04-28,Gold ETF,176.92999267578125,6381100,Commodity
2022-04-29,Gold ETF,176.91000366210938,7719700,Commodity
2022-05-02,Gold ETF,173.6300048828125,14318600,Commodity
2022-05-03,Gold ETF,174.08999633789062,7214300,Commodity
2022-05-04,Gold ETF,175.8000030517578,10491700,Commodity
2022-05-05,Gold ETF,175.1300048828125,12794200,Commodity
2022-05-06,Gold ETF,175.4199981689453,7643300,Commodity
2022-05-09,Gold ETF,172.8800048828125,10742400,Commodity
2022-05-10,Gold ETF,171.4199981689453,11010400,Commodity
2022-05-11,Gold ETF,172.82000732421875,9179600,Commodity
2022-05-12,Gold ETF,170.1699981689453,11626800,Commodity
2022-05-13,Gold ETF,168.7899932861328,13031100,Commodity
2022-05-16,Gold ETF,170.39999389648438,7319300,Commodity
2022-05-17,Gold ETF,169.3300018310547,6441100,Commodity
2022-05-18,Gold ETF,169.4199981689453,7472900,Commodity
2022-05-19,Gold ETF,171.91000366210938,10580300,Commodity
2022-05-20,Gold ETF,172.02999877929688,6578100,Commodity
2022-05-23,Gold ETF,172.8300018310547,5518500,Commodity
2022-05-24,Gold ETF,174.1300048828125,6794000,Commodity
2022-05-25,Gold ETF,173.0800018310547,4595900,Commodity
2022-05-26,Gold ETF,172.75999450683594,6467000,Commodity
2022-05-27,Gold ETF,172.85000610351562,3847900,Commodity
2022-05-31,Gold ETF,171.13999938964844,6244000,Commodity
2022-06-01,Gold ETF,172.22999572753906,6946500,Commodity
2022-06-02,Gold ETF,174.35000610351562,5623100,Commodity
2022-06-03,Gold ETF,172.5800018310547,5519400,Commodity
2022-06-06,Gold ETF,171.82000732421875,3766000,Commodity
2022-06-07,Gold ETF,172.94000244140625,3860000,Commodity
2022-06-08,Gold ETF,172.77999877929688,5140800,Commodity
2022-06-09,Gold ETF,172.22999572753906,4701100,Commodity
2022-06-10,Gold ETF,174.5399932861328,16856100,Commodity
2022-06-13,Gold ETF,169.92999267578125,13265200,Commodity
2022-06-14,Gold ETF,168.57000732421875,7347900,Commodity
2022-06-15,Gold ETF,170.77000427246094,9000300,Commodity
2022-06-16,Gold ETF,172.69000244140625,8823600,Commodity
2022-06-17,Gold ETF,171.27000427246094,7407200,Commodity
2022-06-21,Gold ETF,170.6300048828125,5608500,Commodity
2022-06-22,Gold ETF,171.30999755859375,6558700,Commodity
2022-06-23,Gold ETF,170.25999450683594,6535300,Commodity
2022-06-24,Gold ETF,170.08999633789062,6143100,Commodity
2022-06-27,Gold ETF,169.89999389648438,5719700,Commodity
2022-06-28,Gold ETF,169.6199951171875,2982700,Commodity
2022-06-29,Gold ETF,169.49000549316406,4785600,Commodity
2022-06-30,Gold ETF,168.4600067138672,9144400,Commodity
2022-07-01,Gold ETF,168.32000732421875,11380300,Commodity
2022-07-05,Gold ETF,164.75,14035400,Commodity
2022-07-06,Gold ETF,162.13999938964844,11861100,Commodity
2022-07-07,Gold ETF,162.22999572753906,4588400,Commodity
2022-07-08,Gold ETF,162.3000030517578,4584100,Commodity
2022-07-11,Gold ETF,161.42999267578125,4321700,Commodity
2022-07-12,Gold ETF,160.8300018310547,5375100,Commodity
2022-07-13,Gold ETF,161.60000610351562,8456600,Commodity
2022-07-14,Gold ETF,159.3300018310547,12213600,Commodity
2022-07-15,Gold ETF,159.00999450683594,6783800,Commodity
2022-07-18,Gold ETF,159.16000366210938,5791800,Commodity
2022-07-19,Gold ETF,159.5399932861328,3796200,Commodity
2022-07-20,Gold ETF,158.0399932861328,4795800,Commodity
2022-07-21,Gold ETF,160.27000427246094,5863300,Commodity
2022-07-22,Gold ETF,160.6699981689453,5733800,Commodity
2022-07-25,Gold ETF,160.22999572753906,3713400,Commodity
2022-07-26,Gold ETF,160.0399932861328,2672800,Commodity
2022-07-27,Gold ETF,161.6699981689453,5766100,Commodity
2022-07-28,Gold ETF,163.63999938964844,5606400,Commodity
2022-07-29,Gold ETF,164.10000610351562,7537300,Commodity
2022-08-01,Gold ETF,165.02999877929688,4666900,Commodity
2022-08-02,Gold ETF,164.0500030517578,5725400,Commodity
2022-08-03,Gold ETF,164.4499969482422,4417800,Commodity
2022-08-04,Gold ETF,167.1699981689453,5502000,Commodity
2022-08-05,Gold ETF,165.2899932861328,6023300,Commodity
2022-08-08,Gold ETF,166.69000244140625,3456300,Commodity
2022-08-09,Gold ETF,167.1999969482422,3205500,Commodity
2022-08-10,Gold ETF,166.77999877929688,4077300,Commodity
2022-08-11,Gold ETF,166.33999633789062,4446000,Commodity
2022-08-12,Gold ETF,167.8699951171875,5151700,Commodity
2022-08-15,Gold ETF,165.7100067138672,5236100,Commodity
2022-08-16,Gold ETF,165.4199981689453,4291500,Commodity
2022-08-17,Gold ETF,164.35000610351562,5569100,Commodity
2022-08-18,Gold ETF,163.9199981689453,3646100,Commodity
2022-08-19,Gold ETF,162.72000122070312,8173000,Commodity
2022-08-22,Gold ETF,161.63999938964844,4458100,Commodity
2022-08-23,Gold ETF,162.77000427246094,4425100,Commodity
2022-08-24,Gold ETF,163.25,3202400,Commodity
2022-08-25,Gold ETF,163.75,2857500,Commodity
2022-08-26,Gold ETF,161.75999450683594,6689300,Commodity
2022-08-29,Gold ETF,161.86000061035156,4702300,Commodity
2022-08-30,Gold ETF,160.50999450683594,4856600,Commodity
2022-08-31,Gold ETF,159.27000427246094,5438600,Commodity
2022-09-01,Gold ETF,157.8699951171875,7390800,Commodity
2022-09-02,Gold ETF,159.25999450683594,5196900,Commodity
2022-09-06,Gold ETF,158.3300018310547,4863800,Commodity
2022-09-07,Gold ETF,159.94000244140625,3981400,Commodity
2022-09-08,Gold ETF,158.97999572753906,4607100,Commodity
2022-09-09,Gold ETF,159.82000732421875,3927800,Commodity
2022-09-12,Gold ETF,160.6300048828125,4537500,Commodity
2022-09-13,Gold ETF,158.5399932861328,6526400,Commodity
2022-09-14,Gold ETF,157.92999267578125,6091100,Commodity
2022-09-15,Gold ETF,154.97999572753906,13181200,Commodity
2022-09-16,Gold ETF,155.83999633789062,7141200,Commodity
2022-09-19,Gold ETF,155.9600067138672,5582800,Commodity
2022-09-20,Gold ETF,155.07000732421875,5943700,Commodity
2022-09-21,Gold ETF,155.7899932861328,7816100,Commodity
2022-09-22,Gold ETF,155.6999969482422,5975200,Commodity
2022-09-23,Gold ETF,153.00999450683594,9598000,Commodity
2022-09-26,Gold ETF,151.22999572753906,8240500,Commodity
2022-09-27,Gold ETF,151.5399932861328,7151300,Commodity
2022-09-28,Gold ETF,154.69000244140625,8977200,Commodity
2022-09-29,Gold ETF,154.66000366210938,6317000,Commodity
2022-09-30,Gold ETF,154.6699981689453,6832400,Commodity
2022-10-03,Gold ETF,158.42999267578125,10362200,Commodity
2022-10-04,Gold ETF,160.6999969482422,8024500,Commodity
2022-10-05,Gold ETF,159.80999755859375,5296300,Commodity
2022-10-06,Gold ETF,159.6300048828125,5712600,Commodity
2022-10-07,Gold ETF,157.8800048828125,5030000,Commodity
2022-10-10,Gold ETF,155.47999572753906,6110800,Commodity
2022-10-11,Gold ETF,155.16000366210938,5306700,Commodity
2022-10-12,Gold ETF,155.99000549316406,3998500,Commodity
2022-10-13,Gold ETF,154.91000366210938,7083800,Commodity
2022-10-14,Gold ETF,152.97999572753906,5471900,Commodity
2022-10-17,Gold ETF,153.4199981689453,4348000,Commodity
2022-10-18,Gold ETF,153.75,4528400,Commodity
2022-10-19,Gold ETF,151.69000244140625,8257100,Commodity
2022-10-20,Gold ETF,151.4499969482422,5019800,Commodity
2022-10-21,Gold ETF,154.14999389648438,6898400,Commodity
2022-10-24,Gold ETF,153.64999389648438,4673300,Commodity
2022-10-25,Gold ETF,154.0,3434100,Commodity
2022-10-26,Gold ETF,154.97999572753906,4448200,Commodity
2022-10-27,Gold ETF,154.74000549316406,3654900,Commodity
2022-10-28,Gold ETF,153.16000366210938,4645400,Commodity
2022-10-31,Gold ETF,151.91000366210938,6097800,Commodity
2022-11-01,Gold ETF,153.4600067138672,4603600,Commodity
2022-11-02,Gold ETF,152.38999938964844,7210900,Commodity
2022-11-03,Gold ETF,151.80999755859375,5378800,Commodity
2022-11-04,Gold ETF,156.47000122070312,7692000,Commodity
2022-11-07,Gold ETF,155.85000610351562,4425700,Commodity
2022-11-08,Gold ETF,159.4499969482422,11299600,Commodity
2022-11-09,Gold ETF,158.64999389648438,6040600,Commodity
2022-11-10,Gold ETF,163.47999572753906,9939900,Commodity
2022-11-11,Gold ETF,164.55999755859375,4622400,Commodity
2022-11-14,Gold ETF,164.9199981689453,6187600,Commodity
2022-11-15,Gold ETF,165.5,9903500,Commodity
2022-11-16,Gold ETF,165.1199951171875,3645800,Commodity
2022-11-17,Gold ETF,163.9199981689453,4574400,Commodity
2022-11-18,Gold ETF,162.7899932861328,4321100,Commodity
2022-11-21,Gold ETF,161.8800048828125,4766500,Commodity
2022-11-22,Gold ETF,162.07000732421875,3203800,Commodity
2022-11-23,Gold ETF,163.0800018310547,4167000,Commodity
2022-11-25,Gold ETF,163.22000122070312,1436500,Commodity
2022-11-28,Gold ETF,161.92999267578125,4052900,Commodity
2022-11-29,Gold ETF,162.72999572753906,2620600,Commodity
2022-11-30,Gold ETF,164.80999755859375,4874700,Commodity
2022-12-01,Gold ETF,167.83999633789062,8625800,Commodity
2022-12-02,Gold ETF,167.25999450683594,5185900,Commodity
2022-12-05,Gold ETF,164.38999938964844,5436200,Commodity
2022-12-06,Gold ETF,164.83999633789062,3597800,Commodity
2022-12-07,Gold ETF,166.3300018310547,4610700,Commodity
2022-12-08,Gold ETF,166.47000122070312,3217900,Commodity
2022-12-09,Gold ETF,167.05999755859375,5431300,Commodity
2022-12-12,Gold ETF,165.67999267578125,3504400,Commodity
2022-12-13,Gold ETF,168.50999450683594,6750200,Commodity
2022-12-14,Gold ETF,168.10000610351562,5643000,Commodity
2022-12-15,Gold ETF,165.35000610351562,8363000,Commodity
2022-12-16,Gold ETF,166.7899932861328,5372000,Commodity
2022-12-19,Gold ETF,166.32000732421875,3940500,Commodity
2022-12-20,Gold ETF,169.0800018310547,7803100,Commodity
2022-12-21,Gold ETF,168.8000030517578,3990100,Commodity
2022-12-22,Gold ETF,166.75999450683594,5672700,Commodity
2022-12-23,Gold ETF,167.25999450683594,2912300,Commodity
2022-12-27,Gold ETF,168.6699981689453,6885700,Commodity
2022-12-28,Gold ETF,167.91000366210938,3662500,Commodity
2022-12-29,Gold ETF,168.85000610351562,3345900,Commodity
2022-12-30,Gold ETF,169.63999938964844,2864500,Commodity
2023-01-03,Gold ETF,171.05999755859375,7992900,Commodity
2023-01-04,Gold ETF,172.6699981689453,7574600,Commodity
2023-01-05,Gold ETF,170.52000427246094,4692600,Commodity
2023-01-06,Gold ETF,173.7100067138672,7889000,Commodity
2023-01-09,Gold ETF,174.10000610351562,5134500,Commodity
2023-01-10,Gold ETF,174.74000549316406,4398400,Commodity
2023-01-11,Gold ETF,174.6199951171875,3374200,Commodity
2023-01-12,Gold ETF,176.63999938964844,6936900,Commodity
2023-01-13,Gold ETF,178.75999450683594,7468800,Commodity
2023-01-17,Gold ETF,177.58999633789062,6610800,Commodity
2023-01-18,Gold ETF,177.0800018310547,5384700,Commodity
2023-01-19,Gold ETF,179.88999938964844,6678700,Commodity
2023-01-20,Gold ETF,179.2899932861328,5754800,Commodity
2023-01-23,Gold ETF,179.6300048828125,5265500,Commodity
2023-01-24,Gold ETF,180.27999877929688,4604600,Commodity
2023-01-25,Gold ETF,181.11000061035156,6925300,Commodity
2023-01-26,Gold ETF,179.47000122070312,5860100,Commodity
2023-01-27,Gold ETF,179.22000122070312,6052700,Commodity
2023-01-30,Gold ETF,178.75999450683594,4210700,Commodity
2023-01-31,Gold ETF,179.41000366210938,5976900,Commodity
2023-02-01,Gold ETF,181.6699981689453,7996000,Commodity
2023-02-02,Gold ETF,177.89999389648438,8842400,Commodity
2023-02-03,Gold ETF,173.4600067138672,13674400,Commodity
2023-02-06,Gold ETF,173.82000732421875,8957000,Commodity
2023-02-07,Gold ETF,173.97999572753906,6794200,Commodity
2023-02-08,Gold ETF,174.41000366210938,4075600,Commodity
2023-02-09,Gold ETF,173.02999877929688,5361300,Commodity
2023-02-10,Gold ETF,173.36000061035156,2971100,Commodity
2023-02-13,Gold ETF,172.47999572753906,3970800,Commodity
2023-02-14,Gold ETF,172.61000061035156,5403100,Commodity
2023-02-15,Gold ETF,170.88999938964844,5423800,Commodity
2023-02-16,Gold ETF,170.75,4540400,Commodity
2023-02-17,Gold ETF,171.25999450683594,4809800,Commodity
2023-02-21,Gold ETF,170.6199951171875,4035900,Commodity
2023-02-22,Gold ETF,169.66000366210938,4105700,Commodity
2023-02-23,Gold ETF,169.57000732421875,5073500,Commodity
2023-02-24,Gold ETF,168.35000610351562,6496500,Commodity
2023-02-27,Gold ETF,169.00999450683594,4509200,Commodity
2023-02-28,Gold ETF,169.77999877929688,6761600,Commodity
2023-03-01,Gold ETF,170.75999450683594,6590500,Commodity
2023-03-02,Gold ETF,170.66000366210938,3950700,Commodity
2023-03-03,Gold ETF,172.49000549316406,6894500,Commodity
2023-03-06,Gold ETF,171.6199951171875,4264100,Commodity
2023-03-07,Gold ETF,168.6199951171875,8713300,Commodity
2023-03-08,Gold ETF,168.5399932861328,5718600,Commodity
2023-03-09,Gold ETF,170.1999969482422,5583000,Commodity
2023-03-10,Gold ETF,173.8699951171875,13803400,Commodity
2023-03-13,Gold ETF,177.86000061035156,20554400,Commodity
2023-03-14,Gold ETF,176.8300018310547,10019000,Commodity
2023-03-15,Gold ETF,178.2100067138672,14546100,Commodity
2023-03-16,Gold ETF,178.57000732421875,10762200,Commodity
2023-03-17,Gold ETF,183.77000427246094,24156300,Commodity
2023-03-20,Gold ETF,183.83999633789062,11845700,Commodity
2023-03-21,Gold ETF,180.3699951171875,10734500,Commodity
2023-03-22,Gold ETF,183.44000244140625,11969600,Commodity
2023-03-23,Gold ETF,185.74000549316406,11347100,Commodity
2023-03-24,Gold ETF,183.64999389648438,9245900,Commodity
2023-03-27,Gold ETF,181.9499969482422,6925000,Commodity
2023-03-28,Gold ETF,183.44000244140625,6202600,Commodity
2023-03-29,Gold ETF,182.52999877929688,4996500,Commodity
2023-03-30,Gold ETF,184.17999267578125,6360300,Commodity
2023-03-31,Gold ETF,183.22000122070312,8003300,Commodity
2023-04-03,Gold ETF,184.5399932861328,9206600,Commodity
2023-04-04,Gold ETF,187.97999572753906,13765400,Commodity
2023-04-05,Gold ETF,187.8300018310547,11440800,Commodity
2023-04-06,Gold ETF,186.49000549316406,6648400,Commodity
2023-04-10,Gold ETF,185.11000061035156,6408100,Commodity
2023-04-11,Gold ETF,186.27999877929688,6031500,Commodity
2023-04-12,Gold ETF,187.19000244140625,10000900,Commodity
2023-04-13,Gold ETF,189.72000122070312,14060100,Commodity
2023-04-14,Gold ETF,186.36000061035156,13272500,Commodity
2023-04-17,Gold ETF,185.52999877929688,7468100,Commodity
2023-04-18,Gold ETF,186.25,8056900,Commodity
2023-04-19,Gold ETF,185.36000061035156,7373500,Commodity
2023-04-20,Gold ETF,186.08999633789062,5789900,Commodity
2023-04-21,Gold ETF,184.25,10698700,Commodity
2023-04-24,Gold ETF,184.80999755859375,8303400,Commodity
2023-04-25,Gold ETF,185.75,8451900,Commodity
2023-04-26,Gold ETF,184.74000549316406,8203600,Commodity
2023-04-27,Gold ETF,184.75,9107400,Commodity
2023-04-28,Gold ETF,184.8000030517578,6700400,Commodity
2023-05-01,Gold ETF,183.97000122070312,7997700,Commodity
2023-05-02,Gold ETF,187.52000427246094,14680600,Commodity
2023-05-03,Gold ETF,189.11000061035156,11133800,Commodity
2023-05-04,Gold ETF,190.44000244140625,14146800,Commodity
2023-05-05,Gold ETF,187.4600067138672,12508100,Commodity
2023-05-08,Gold ETF,187.69000244140625,6075400,Commodity
2023-05-09,Gold ETF,189.02000427246094,7098800,Commodity
2023-05-10,Gold ETF,188.75,9392100,Commodity
2023-05-11,Gold ETF,187.1300048828125,8245500,Commodity
2023-05-12,Gold ETF,186.80999755859375,7087500,Commodity
2023-05-15,Gold ETF,187.2100067138672,5518100,Commodity
2023-05-16,Gold ETF,184.8699951171875,9519500,Commodity
2023-05-17,Gold ETF,184.22999572753906,7474300,Commodity
2023-05-18,Gold ETF,181.83999633789062,8812600,Commodity
2023-05-19,Gold ETF,183.63999938964844,8435000,Commodity
2023-05-22,Gold ETF,183.2100067138672,4834300,Commodity
2023-05-23,Gold ETF,183.42999267578125,6345000,Commodity
2023-05-24,Gold ETF,181.9499969482422,6732900,Commodity
2023-05-25,Gold ETF,180.1999969482422,6919200,Commodity
2023-05-26,Gold ETF,180.9199981689453,5823700,Commodity
2023-05-30,Gold ETF,182.0399932861328,4906100,Commodity
2023-05-31,Gold ETF,182.32000732421875,8497900,Commodity
2023-06-01,Gold ETF,183.75999450683594,7300500,Commodity
2023-06-02,Gold ETF,181.0500030517578,8726100,Commodity
2023-06-05,Gold ETF,182.13999938964844,5748800,Commodity
2023-06-06,Gold ETF,182.33999633789062,4967200,Commodity
2023-06-07,Gold ETF,180.14999389648438,9066500,Commodity
2023-06-08,Gold ETF,182.52999877929688,6394100,Commodity
2023-06-09,Gold ETF,182.0399932861328,4379200,Commodity
2023-06-12,Gold ETF,181.8800048828125,4873600,Commodity
2023-06-13,Gold ETF,180.5399932861328,5126700,Commodity
2023-06-14,Gold ETF,180.63999938964844,6807000,Commodity
2023-06-15,Gold ETF,181.91000366210938,6739000,Commodity
2023-06-16,Gold ETF,181.6300048828125,8779100,Commodity
2023-06-20,Gold ETF,179.75,7584200,Commodity
2023-06-21,Gold ETF,179.49000549316406,6702300,Commodity
2023-06-22,Gold ETF,177.7100067138672,7945000,Commodity
2023-06-23,Gold ETF,178.1999969482422,5419800,Commodity
2023-06-26,Gold ETF,178.50999450683594,3222100,Commodity
2023-06-27,Gold ETF,177.69000244140625,5036900,Commodity
2023-06-28,Gold ETF,177.27999877929688,5866700,Commodity
2023-06-29,Gold ETF,177.08999633789062,6862500,Commodity
2023-06-30,Gold ETF,178.27000427246094,6420900,Commodity
2023-07-03,Gold ETF,178.47000122070312,4085700,Commodity
2023-07-05,Gold ETF,177.83999633789062,5650600,Commodity
2023-07-06,Gold ETF,177.30999755859375,5133000,Commodity
2023-07-07,Gold ETF,178.63999938964844,5201100,Commodity
2023-07-10,Gold ETF,178.77999877929688,3320500,Commodity
2023-07-11,Gold ETF,179.4499969482422,2818800,Commodity
2023-07-12,Gold ETF,181.8800048828125,7062000,Commodity
2023-07-13,Gold ETF,182.00999450683594,4527900,Commodity
2023-07-14,Gold ETF,181.42999267578125,5390000,Commodity
2023-07-17,Gold ETF,181.55999755859375,4152400,Commodity
2023-07-18,Gold ETF,183.63999938964844,8238000,Commodity
2023-07-19,Gold ETF,183.6699981689453,3911600,Commodity
2023-07-20,Gold ETF,182.74000549316406,4972900,Commodity
2023-07-21,Gold ETF,182.17999267578125,3845400,Commodity
2023-07-24,Gold ETF,181.39999389648438,4370000,Commodity
2023-07-25,Gold ETF,182.41000366210938,4090100,Commodity
2023-07-26,Gold ETF,183.3000030517578,6158400,Commodity
2023-07-27,Gold ETF,180.4199981689453,7592800,Commodity
2023-07-28,Gold ETF,181.86000061035156,3828800,Commodity
2023-07-31,Gold ETF,182.35000610351562,5494800,Commodity
2023-08-01,Gold ETF,180.4600067138672,6239700,Commodity
2023-08-02,Gold ETF,179.60000610351562,6339700,Commodity
2023-08-03,Gold ETF,179.5399932861328,4636300,Commodity
2023-08-04,Gold ETF,180.19000244140625,5326200,Commodity
2023-08-07,Gold ETF,179.77999877929688,4510400,Commodity
2023-08-08,Gold ETF,178.63999938964844,6162900,Commodity
2023-08-09,Gold ETF,177.7899932861328,4644000,Commodity
2023-08-10,Gold ETF,177.60000610351562,5934600,Commodity
2023-08-11,Gold ETF,177.60000610351562,5289700,Commodity
2023-08-14,Gold ETF,177.05999755859375,9554500,Commodity
2023-08-15,Gold ETF,176.58999633789062,7582700,Commodity
2023-08-16,Gold ETF,175.57000732421875,6559400,Commodity
2023-08-17,Gold ETF,175.3000030517578,7937700,Commodity
2023-08-18,Gold ETF,175.3300018310547,6253000,Commodity
2023-08-21,Gold ETF,175.80999755859375,4206400,Commodity
2023-08-22,Gold ETF,176.10000610351562,5892200,Commodity
2023-08-23,Gold ETF,177.88999938964844,7949100,Commodity
2023-08-24,Gold ETF,177.85000610351562,5526400,Commodity
2023-08-25,Gold ETF,177.6199951171875,6132800,Commodity
2023-08-28,Gold ETF,178.1300048828125,4740700,Commodity
2023-08-29,Gold ETF,179.8699951171875,7576600,Commodity
2023-08-30,Gold ETF,180.32000732421875,6593700,Commodity
2023-08-31,Gold ETF,180.02000427246094,4795600,Commodity
2023-09-01,Gold ETF,180.11000061035156,4970700,Commodity
2023-09-05,Gold ETF,178.63999938964844,7056800,Commodity
2023-09-06,Gold ETF,177.8300018310547,6427200,Commodity
2023-09-07,Gold ETF,178.02000427246094,3257200,Commodity
2023-09-08,Gold ETF,178.0800018310547,3292700,Commodity
2023-09-11,Gold ETF,178.41000366210938,3689100,Commodity
2023-09-12,Gold ETF,177.49000549316406,4445400,Commodity
2023-09-13,Gold ETF,177.0800018310547,3874800,Commodity
2023-09-14,Gold ETF,177.1699981689453,6184400,Commodity
2023-09-15,Gold ETF,178.33999633789062,5620900,Commodity
2023-09-18,Gold ETF,179.38999938964844,5049300,Commodity
2023-09-19,Gold ETF,179.22000122070312,4224700,Commodity
2023-09-20,Gold ETF,179.35000610351562,9328000,Commodity
2023-09-21,Gold ETF,178.0500030517578,7571900,Commodity
2023-09-22,Gold ETF,178.6199951171875,3634800,Commodity
2023-09-25,Gold ETF,177.6999969482422,5582100,Commodity
2023-09-26,Gold ETF,176.27999877929688,7181100,Commodity
2023-09-27,Gold ETF,174.10000610351562,10919600,Commodity
2023-09-28,Gold ETF,173.22999572753906,10061900,Commodity
2023-09-29,Gold ETF,171.4499969482422,10427400,Commodity
2023-10-02,Gold ETF,169.64999389648438,12706000,Commodity
2023-10-03,Gold ETF,169.16000366210938,11459800,Commodity
2023-10-04,Gold ETF,169.13999938964844,10034600,Commodity
2023-10-05,Gold ETF,168.8300018310547,6970200,Commodity
2023-10-06,Gold ETF,169.6999969482422,9948400,Commodity
2023-10-09,Gold ETF,172.82000732421875,10201500,Commodity
2023-10-10,Gold ETF,172.52999877929688,5844000,Commodity
2023-10-11,Gold ETF,173.7899932861328,7128000,Commodity
2023-10-12,Gold ETF,173.25999450683594,5912700,Commodity
2023-10-13,Gold ETF,178.8300018310547,18796500,Commodity
2023-10-16,Gold ETF,177.9600067138672,8385400,Commodity
2023-10-17,Gold ETF,178.2899932861328,8231900,Commodity
2023-10-18,Gold ETF,180.8699951171875,13920800,Commodity
2023-10-19,Gold ETF,183.08999633789062,13406600,Commodity
2023-10-20,Gold ETF,183.58999633789062,12785700,Commodity
2023-10-23,Gold ETF,182.97000122070312,9479800,Commodity
2023-10-24,Gold ETF,182.9499969482422,6594000,Commodity
2023-10-25,Gold ETF,183.72000122070312,10087000,Commodity
2023-10-26,Gold ETF,184.00999450683594,7671400,Commodity
2023-10-27,Gold ETF,186.14999389648438,14102800,Commodity
2023-10-30,Gold ETF,185.10000610351562,8756400,Commodity
2023-10-31,Gold ETF,184.08999633789062,10104600,Commodity
2023-11-01,Gold ETF,183.50999450683594,9048600,Commodity
2023-11-02,Gold ETF,184.1199951171875,7343700,Commodity
2023-11-03,Gold ETF,184.7899932861328,8530400,Commodity
2023-11-06,Gold ETF,183.35000610351562,8274700,Commodity
2023-11-07,Gold ETF,182.58999633789062,6795800,Commodity
2023-11-08,Gold ETF,180.77000427246094,6738300,Commodity
2023-11-09,Gold ETF,181.49000549316406,6486300,Commodity
2023-11-10,Gold ETF,179.50999450683594,7606600,Commodity
2023-11-13,Gold ETF,180.50999450683594,5385900,Commodity
2023-11-14,Gold ETF,182.1199951171875,6831600,Commodity
2023-11-15,Gold ETF,181.63999938964844,4909400,Commodity
2023-11-16,Gold ETF,183.69000244140625,8253300,Commodity
2023-11-17,Gold ETF,183.6699981689453,4871100,Commodity
2023-11-20,Gold ETF,183.3699951171875,5389300,Commodity
2023-11-21,Gold ETF,185.35000610351562,7322400,Commodity
2023-11-22,Gold ETF,184.55999755859375,4337700,Commodity
2023-11-24,Gold ETF,185.52000427246094,2445100,Commodity
2023-11-27,Gold ETF,186.77000427246094,6320400,Commodity
2023-11-28,Gold ETF,189.25999450683594,10901900,Commodity
2023-11-29,Gold ETF,189.5399932861328,8407300,Commodity
2023-11-30,Gold ETF,188.75,7558100,Commodity
2023-12-01,Gold ETF,192.00999450683594,16727600,Commodity
2023-12-04,Gold ETF,187.86000061035156,18460500,Commodity
2023-12-05,Gold ETF,187.14999389648438,7027700,Commodity
2023-12-06,Gold ETF,187.83999633789062,5778600,Commodity
2023-12-07,Gold ETF,188.14999389648438,5802000,Commodity
2023-12-08,Gold ETF,185.63999938964844,7883200,Commodity
2023-12-11,Gold ETF,183.58999633789062,8519500,Commodity
2023-12-12,Gold ETF,183.49000549316406,5056900,Commodity
2023-12-13,Gold ETF,187.6300048828125,10635500,Commodity
2023-12-14,Gold ETF,188.72999572753906,9107200,Commodity
2023-12-15,Gold ETF,187.0,8324800,Commodity
2023-12-18,Gold ETF,187.85000610351562,5358000,Commodity
2023-12-19,Gold ETF,189.1300048828125,6025600,Commodity
2023-12-20,Gold ETF,188.10000610351562,6002400,Commodity
2023-12-21,Gold ETF,189.42999267578125,4620000,Commodity
2023-12-22,Gold ETF,190.27000427246094,7176300,Commodity
2023-12-26,Gold ETF,191.72000122070312,4502700,Commodity
2023-12-27,Gold ETF,192.58999633789062,5813300,Commodity
2023-12-28,Gold ETF,191.47000122070312,6171500,Commodity
2023-12-29,Gold ETF,191.1699981689453,4612300,Commodity
2024-01-02,Gold ETF,190.72000122070312,6025600,Commodity
2024-01-03,Gold ETF,189.1300048828125,8661600,Commodity
2024-01-04,Gold ETF,189.32000732421875,4416700,Commodity
2024-01-05,Gold ETF,189.35000610351562,7481900,Commodity
2024-01-08,Gold ETF,187.8699951171875,6215000,Commodity
2024-01-09,Gold ETF,187.92999267578125,4437300,Commodity
2024-01-10,Gold ETF,187.5,4504700,Commodity
2024-01-11,Gold ETF,187.8699951171875,6831100,Commodity
2024-01-12,Gold ETF,189.7100067138672,6833700,Commodity
2024-01-16,Gold ETF,187.91000366210938,6548100,Commodity
2024-01-17,Gold ETF,185.83999633789062,8643200,Commodity
2024-01-18,Gold ETF,187.3699951171875,4685200,Commodity
2024-01-19,Gold ETF,187.92999267578125,5719700,Commodity
2024-01-22,Gold ETF,187.22000122070312,4397500,Commodity
2024-01-23,Gold ETF,187.9499969482422,5040800,Commodity
2024-01-24,Gold ETF,186.39999389648438,6085400,Commodity
2024-01-25,Gold ETF,187.13999938964844,4651000,Commodity
2024-01-26,Gold ETF,187.00999450683594,5064800,Commodity
2024-01-29,Gold ETF,188.3300018310547,5629700,Commodity
2024-01-30,Gold ETF,188.58999633789062,4976500,Commodity
2024-01-31,Gold ETF,188.4499969482422,7886100,Commodity
2024-02-01,Gold ETF,190.41000366210938,10278100,Commodity
2024-02-02,Gold ETF,188.61000061035156,7337600,Commodity
2024-02-05,Gold ETF,187.57000732421875,5436100,Commodity
2024-02-06,Gold ETF,188.5500030517578,4866100,Commodity
2024-02-07,Gold ETF,188.5,6276900,Commodity
2024-02-08,Gold ETF,188.3300018310547,3873300,Commodity
2024-02-09,Gold ETF,187.60000610351562,4412600,Commodity
2024-02-12,Gold ETF,187.11000061035156,4706300,Commodity
2024-02-13,Gold ETF,184.52999877929688,9525800,Commodity
2024-02-14,Gold ETF,184.4199981689453,7031600,Commodity
2024-02-15,Gold ETF,185.66000366210938,6228900,Commodity
2024-02-16,Gold ETF,186.33999633789062,6518500,Commodity
2024-02-20,Gold ETF,187.47000122070312,5531200,Commodity
2024-02-21,Gold ETF,187.47999572753906,5789200,Commodity
2024-02-22,Gold ETF,187.55999755859375,4550800,Commodity
2024-02-23,Gold ETF,188.6199951171875,6827300,Commodity
2024-02-26,Gold ETF,188.1999969482422,4491900,Commodity
2024-02-27,Gold ETF,188.0,5165400,Commodity
2024-02-28,Gold ETF,188.33999633789062,2824100,Commodity
2024-02-29,Gold ETF,189.30999755859375,6848600,Commodity
2024-03-01,Gold ETF,192.88999938964844,13411000,Commodity
2024-03-04,Gold ETF,196.00999450683594,12216300,Commodity
2024-03-05,Gold ETF,197.19000244140625,9672200,Commodity
2024-03-06,Gold ETF,198.80999755859375,10459300,Commodity
2024-03-07,Gold ETF,199.94000244140625,8403700,Commodity
2024-03-08,Gold ETF,201.6300048828125,13540100,Commodity
2024-03-11,Gold ETF,202.0,7329600,Commodity
2024-03-12,Gold ETF,199.7899932861328,9436600,Commodity
2024-03-13,Gold ETF,201.19000244140625,5930000,Commodity
2024-03-14,Gold ETF,200.35000610351562,6865000,Commodity
2024-03-15,Gold ETF,199.7100067138672,4556700,Commodity
2024-03-18,Gold ETF,200.02999877929688,7206800,Commodity
2024-03-19,Gold ETF,199.8000030517578,4657500,Commodity
2024-03-20,Gold ETF,202.17999267578125,9593800,Commodity
2024-03-21,Gold ETF,201.97000122070312,7396500,Commodity
2024-03-22,Gold ETF,200.35000610351562,6918500,Commodity
2024-03-25,Gold ETF,200.99000549316406,4034800,Commodity
2024-03-26,Gold ETF,201.63999938964844,5752700,Commodity
2024-03-27,Gold ETF,203.10000610351562,6041000,Commodity
2024-03-28,Gold ETF,205.72000122070312,9194500,Commodity
2024-04-01,Gold ETF,207.82000732421875,13677100,Commodity
2024-04-02,Gold ETF,210.88999938964844,13421100,Commodity
2024-04-03,Gold ETF,212.74000549316406,11416200,Commodity
2024-04-04,Gold ETF,211.52000427246094,12307300,Commodity
2024-04-05,Gold ETF,215.13999938964844,13382700,Commodity
2024-04-08,Gold ETF,216.47999572753906,10331400,Commodity
2024-04-09,Gold ETF,217.6699981689453,13069900,Commodity
2024-04-10,Gold ETF,215.61000061035156,13317500,Commodity
2024-04-11,Gold ETF,219.8000030517578,11415200,Commodity
2024-04-12,Gold ETF,216.88999938964844,30898800,Commodity
2024-04-15,Gold ETF,220.9499969482422,13239000,Commodity
2024-04-16,Gold ETF,221.22000122070312,10746100,Commodity
2024-04-17,Gold ETF,219.58999633789062,11521100,Commodity
2024-04-18,Gold ETF,220.33999633789062,6496900,Commodity
2024-04-19,Gold ETF,221.02999877929688,8689000,Commodity
2024-04-22,Gold ETF,215.57000732421875,13404300,Commodity
2024-04-23,Gold ETF,215.0399932861328,10730300,Commodity
2024-04-24,Gold ETF,214.63999938964844,5741100,Commodity
2024-04-25,Gold ETF,215.9199981689453,6606500,Commodity
2024-04-26,Gold ETF,216.6199951171875,6268500,Commodity
2024-04-29,Gold ETF,216.17999267578125,6409900,Commodity
2024-04-30,Gold ETF,211.8699951171875,11248600,Commodity
2024-05-01,Gold ETF,213.7899932861328,10373900,Commodity
2024-05-02,Gold ETF,213.1300048828125,6287000,Commodity
2024-05-03,Gold ETF,212.9600067138672,8679900,Commodity
2024-05-06,Gold ETF,215.1999969482422,6840500,Commodity
2024-05-07,Gold ETF,214.2100067138672,5660700,Commodity
2024-05-08,Gold ETF,213.5800018310547,4462700,Commodity
2024-05-09,Gold ETF,216.9499969482422,7732500,Commodity
2024-05-10,Gold ETF,218.7100067138672,8700900,Commodity
2024-05-13,Gold ETF,216.25999450683594,4896300,Commodity
2024-05-14,Gold ETF,218.08999633789062,4662700,Commodity
2024-05-15,Gold ETF,220.88999938964844,9297700,Commodity
2024-05-16,Gold ETF,220.02999877929688,4301700,Commodity
2024-05-17,Gold ETF,223.66000366210938,10481900,Commodity
2024-05-20,Gold ETF,224.55999755859375,5990900,Commodity
2024-05-21,Gold ETF,224.22999572753906,4002600,Commodity
2024-05-22,Gold ETF,220.11000061035156,8903100,Commodity
2024-05-23,Gold ETF,215.72000122070312,9537900,Commodity
2024-05-24,Gold ETF,215.9199981689453,4212400,Commodity
2024-05-28,Gold ETF,218.19000244140625,3809700,Commodity
2024-05-29,Gold ETF,216.16000366210938,4185000,Commodity
2024-05-30,Gold ETF,216.57000732421875,3068800,Commodity
2024-05-31,Gold ETF,215.3000030517578,5617200,Commodity
2024-06-03,Gold ETF,217.22000122070312,6172600,Commodity
2024-06-04,Gold ETF,215.27000427246094,5509400,Commodity
2024-06-05,Gold ETF,217.82000732421875,5479200,Commodity
2024-06-06,Gold ETF,219.42999267578125,5283900,Commodity
2024-06-07,Gold ETF,211.60000610351562,12195100,Commodity
2024-06-10,Gold ETF,213.5399932861328,4215300,Commodity
2024-06-11,Gold ETF,214.14999389648438,4004100,Commodity
2024-06-12,Gold ETF,214.72000122070312,5911900,Commodity
2024-06-13,Gold ETF,212.97000122070312,5861100,Commodity
2024-06-14,Gold ETF,215.72999572753906,7076500,Commodity
2024-06-17,Gold ETF,214.61000061035156,3877700,Commodity
2024-06-18,Gold ETF,215.47000122070312,4921400,Commodity
2024-06-20,Gold ETF,218.16000366210938,7290500,Commodity
2024-06-21,Gold ETF,214.77999877929688,8865600,Commodity
2024-06-24,Gold ETF,215.6300048828125,4626900,Commodity
2024-06-25,Gold ETF,214.55999755859375,3820900,Commodity
2024-06-26,Gold ETF,212.5800018310547,4690300,Commodity
2024-06-27,Gold ETF,214.99000549316406,4977800,Commodity
2024-06-28,Gold ETF,215.00999450683594,3955100,Commodity
2024-07-01,Gold ETF,215.57000732421875,3797900,Commodity
2024-07-02,Gold ETF,215.55999755859375,4921700,Commodity
2024-07-03,Gold ETF,217.99000549316406,5055300,Commodity
2024-07-05,Gold ETF,220.92999267578125,5950600,Commodity
2024-07-08,Gold ETF,218.19000244140625,5790800,Commodity
2024-07-09,Gold ETF,218.55999755859375,3901500,Commodity
2024-07-10,Gold ETF,219.36000061035156,5556200,Commodity
2024-07-11,Gold ETF,223.25,9322000,Commodity
2024-07-12,Gold ETF,223.11000061035156,5179300,Commodity
2024-07-15,Gold ETF,223.8300018310547,5719300,Commodity
2024-07-16,Gold ETF,228.2899932861328,11070700,Commodity
2024-07-17,Gold ETF,227.22999572753906,8620500,Commodity
2024-07-18,Gold ETF,225.77999877929688,5485500,Commodity
2024-07-19,Gold ETF,221.72999572753906,8666000,Commodity
2024-07-22,Gold ETF,221.8000030517578,5334100,Commodity
2024-07-23,Gold ETF,222.5800018310547,4435700,Commodity
2024-07-24,Gold ETF,221.8000030517578,6838800,Commodity
2024-07-25,Gold ETF,218.3300018310547,9777100,Commodity
2024-07-26,Gold ETF,220.6300048828125,6328800,Commodity
2024-07-29,Gold ETF,220.32000732421875,4665100,Commodity
2024-07-30,Gold ETF,222.52000427246094,4939500,Commodity
2024-07-31,Gold ETF,226.5500030517578,7316600,Commodity
2024-08-01,Gold ETF,225.77000427246094,7217200,Commodity
2024-08-02,Gold ETF,225.33999633789062,11109400,Commodity
2024-08-05,Gold ETF,222.47999572753906,8939000,Commodity
2024-08-06,Gold ETF,220.6999969482422,14362300,Commodity
2024-08-07,Gold ETF,220.5500030517578,5287800,Commodity
2024-08-08,Gold ETF,224.00999450683594,6327100,Commodity
2024-08-09,Gold ETF,224.55999755859375,4441000,Commodity
2024-08-12,Gold ETF,228.41000366210938,5561300,Commodity
2024-08-13,Gold ETF,228.05999755859375,6740200,Commodity
2024-08-14,Gold ETF,226.1999969482422,5462500,Commodity
2024-08-15,Gold ETF,226.91000366210938,5273300,Commodity
2024-08-16,Gold ETF,231.99000549316406,11924500,Commodity
2024-08-19,Gold ETF,231.61000061035156,5164800,Commodity
2024-08-20,Gold ETF,232.4600067138672,9073600,Commodity
2024-08-21,Gold ETF,232.14999389648438,5337400,Commodity
2024-08-22,Gold ETF,229.3699951171875,5765400,Commodity
2024-08-23,Gold ETF,232.02000427246094,5418200,Commodity
2024-08-26,Gold ETF,232.75999450683594,3151400,Commodity
2024-08-27,Gold ETF,233.38999938964844,4435600,Commodity
2024-08-28,Gold ETF,231.75,4961500,Commodity
2024-08-29,Gold ETF,232.9499969482422,5524200,Commodity
2024-08-30,Gold ETF,231.2899932861328,5743000,Commodity
2024-09-03,Gold ETF,230.2899932861328,6417900,Commodity
2024-09-04,Gold ETF,230.42999267578125,4696000,Commodity
2024-09-05,Gold ETF,232.35000610351562,4838100,Commodity
2024-09-06,Gold ETF,230.6300048828125,6315800,Commodity
2024-09-09,Gold ETF,231.60000610351562,3548800,Commodity
2024-09-10,Gold ETF,232.6199951171875,4378300,Commodity
2024-09-11,Gold ETF,232.25,4637300,Commodity
2024-09-12,Gold ETF,236.3300018310547,9930200,Commodity
2024-09-13,Gold ETF,238.67999267578125,7455100,Commodity
2024-09-16,Gold ETF,238.66000366210938,4713500,Commodity
2024-09-17,Gold ETF,237.33999633789062,5257100,Commodity
2024-09-18,Gold ETF,235.50999450683594,11081100,Commodity
2024-09-19,Gold ETF,239.1699981689453,6108200,Commodity
2024-09-20,Gold ETF,242.2100067138672,7737400,Commodity
2024-09-23,Gold ETF,242.67999267578125,5426200,Commodity
2024-09-24,Gold ETF,246.07000732421875,8386300,Commodity
2024-09-25,Gold ETF,245.72999572753906,7393400,Commodity
2024-09-26,Gold ETF,246.97999572753906,7041100,Commodity
2024-09-27,Gold ETF,245.02000427246094,8329600,Commodity
2024-09-30,Gold ETF,243.05999755859375,6916700,Commodity
2024-10-01,Gold ETF,245.61000061035156,10605500,Commodity
2024-10-02,Gold ETF,245.66000366210938,6798800,Commodity
2024-10-03,Gold ETF,245.49000549316406,5674500,Commodity
2024-10-04,Gold ETF,245.0,5947800,Commodity
2024-10-07,Gold ETF,244.1699981689453,3849000,Commodity
2024-10-08,Gold ETF,242.3699951171875,7669800,Commodity
2024-10-09,Gold ETF,241.0500030517578,4120500,Commodity
2024-10-10,Gold ETF,242.82000732421875,4792700,Commodity
2024-10-11,Gold ETF,245.47000122070312,5789500,Commodity
2024-10-14,Gold ETF,245.07000732421875,3922900,Commodity
2024-10-15,Gold ETF,245.9199981689453,5640800,Commodity
2024-10-16,Gold ETF,247.14999389648438,5431900,Commodity
2024-10-17,Gold ETF,248.6300048828125,5176200,Commodity
2024-10-18,Gold ETF,251.27000427246094,7833600,Commodity
2024-10-21,Gold ETF,251.22000122070312,9258600,Commodity
2024-10-22,Gold ETF,253.92999267578125,5756300,Commodity
2024-10-23,Gold ETF,250.8699951171875,8081000,Commodity
2024-10-24,Gold ETF,252.8000030517578,5962200,Commodity
2024-10-25,Gold ETF,253.32000732421875,4424500,Commodity
2024-10-28,Gold ETF,253.3300018310547,4029100,Commodity
2024-10-29,Gold ETF,256.0899963378906,8875500,Commodity
2024-10-30,Gold ETF,257.5,6386200,Commodity
2024-10-31,Gold ETF,253.50999450683594,9930800,Commodity
2024-11-01,Gold ETF,252.47000122070312,6473000,Commodity
2024-11-04,Gold ETF,252.8300018310547,4581400,Commodity
2024-11-05,Gold ETF,253.39999389648438,6029900,Commodity
2024-11-06,Gold ETF,245.6999969482422,14600200,Commodity
2024-11-07,Gold ETF,249.64999389648438,8821400,Commodity
2024-11-08,Gold ETF,247.9600067138672,6267900,Commodity
2024-11-11,Gold ETF,242.13999938964844,11653800,Commodity
2024-11-12,Gold ETF,240.0500030517578,10145500,Commodity
2024-11-13,Gold ETF,237.6300048828125,8431700,Commodity
2024-11-14,Gold ETF,237.00999450683594,8262400,Commodity
2024-11-15,Gold ETF,236.58999633789062,7299500,Commodity
2024-11-18,Gold ETF,241.08999633789062,6323400,Commodity
2024-11-19,Gold ETF,243.25,6579100,Commodity
2024-11-20,Gold ETF,244.6199951171875,6630700,Commodity
2024-11-21,Gold ETF,246.66000366210938,7646400,Commodity
2024-11-22,Gold ETF,249.83999633789062,7503000,Commodity
2024-11-25,Gold ETF,242.47999572753906,10733100,Commodity
2024-11-26,Gold ETF,242.9499969482422,4945900,Commodity
2024-11-27,Gold ETF,243.49000549316406,6930600,Commodity
2024-11-29,Gold ETF,245.58999633789062,2708500,Commodity
2024-12-02,Gold ETF,243.44000244140625,4765000,Commodity
2024-12-03,Gold ETF,243.92999267578125,3557800,Commodity
2024-12-04,Gold ETF,244.6699981689453,4608600,Commodity
2024-12-05,Gold ETF,242.86000061035156,4806200,Commodity
2024-12-06,Gold ETF,242.9499969482422,3540700,Commodity
2024-12-09,Gold ETF,245.36000061035156,4711500,Commodity
2024-12-10,Gold ETF,248.58999633789062,4642000,Commodity
2024-12-11,Gold ETF,250.9600067138672,11033800,Commodity
2024-12-12,Gold ETF,247.27999877929688,10149600,Commodity
2024-12-13,Gold ETF,244.2899932861328,6602600,Commodity
2024-12-16,Gold ETF,244.8800048828125,3310000,Commodity
2024-12-17,Gold ETF,243.94000244140625,4421300,Commodity
2024-12-18,Gold ETF,239.25999450683594,8015800,Commodity
2024-12-19,Gold ETF,239.60000610351562,8111400,Commodity
2024-12-20,Gold ETF,242.10000610351562,9527800,Commodity
2024-12-23,Gold ETF,240.9600067138672,5835500,Commodity
2024-12-24,Gold ETF,241.44000244140625,2421000,Commodity
2024-12-26,Gold ETF,243.07000732421875,4645100,Commodity
2024-12-27,Gold ETF,241.39999389648438,4728100,Commodity
2024-12-30,Gold ETF,240.6300048828125,3522500,Commodity
2024-12-31,Gold ETF,242.1300048828125,2522100,Commodity
2025-01-02,Gold ETF,245.4199981689453,6241900,Commodity
2025-01-03,Gold ETF,243.49000549316406,4872100,Commodity
2025-01-06,Gold ETF,243.19000244140625,3758900,Commodity
2025-01-07,Gold ETF,244.55999755859375,5090300,Commodity
2025-01-08,Gold ETF,245.86000061035156,6303300,Commodity
2025-01-10,Gold ETF,248.2100067138672,12380100,Commodity
2025-01-13,Gold ETF,245.74000549316406,8448600,Commodity
2025-01-14,Gold ETF,247.02999877929688,4914800,Commodity
2025-01-15,Gold ETF,248.8800048828125,6345000,Commodity
2025-01-16,Gold ETF,250.60000610351562,9236000,Commodity
2025-01-17,Gold ETF,249.27000427246094,8312900,Commodity
2025-01-21,Gold ETF,253.1300048828125,7668100,Commodity
2025-01-22,Gold ETF,254.42999267578125,5213800,Commodity
2025-01-23,Gold ETF,254.07000732421875,6511500,Commodity
2025-01-24,Gold ETF,255.64999389648438,7341300,Commodity
2025-01-27,Gold ETF,252.99000549316406,5799800,Commodity
2025-01-28,Gold ETF,255.17999267578125,5332000,Commodity
2025-01-29,Gold ETF,254.1999969482422,5671800,Commodity
2025-01-30,Gold ETF,258.04998779296875,12981200,Commodity
2025-01-31,Gold ETF,258.55999755859375,8961100,Commodity
2025-02-03,Gold ETF,259.94000244140625,11521100,Commodity
2025-02-04,Gold ETF,262.5,9850400,Commodity
2025-02-05,Gold ETF,264.1300048828125,12681100,Commodity
2025-02-06,Gold ETF,263.42999267578125,8731400,Commodity
2025-02-07,Gold ETF,263.8999938964844,9154000,Commodity
2025-02-10,Gold ETF,268.3699951171875,13250300,Commodity
2025-02-11,Gold ETF,267.3900146484375,7169500,Commodity
2025-02-12,Gold ETF,267.6700134277344,9328600,Commodity
2025-02-13,Gold ETF,270.30999755859375,8347500,Commodity
2025-02-14,Gold ETF,266.2900085449219,11546700,Commodity
2025-02-18,Gold ETF,270.70001220703125,8185900,Commodity
2025-02-19,Gold ETF,270.8500061035156,9342500,Commodity
2025-02-20,Gold ETF,270.989990234375,7356900,Commodity
2025-02-21,Gold ETF,270.739990234375,8917400,Commodity
2025-02-24,Gold ETF,272.2099914550781,5374400,Commodity
2025-02-25,Gold ETF,268.6199951171875,10079800,Commodity
2025-02-26,Gold ETF,269.0299987792969,7276000,Commodity
2025-02-27,Gold ETF,264.92999267578125,9374600,Commodity
2025-02-28,Gold ETF,263.2699890136719,11504500,Commodity
2025-03-03,Gold ETF,266.739990234375,7725600,Commodity
2025-03-04,Gold ETF,269.05999755859375,8481300,Commodity
2025-03-05,Gold ETF,269.6199951171875,6990400,Commodity
2025-03-06,Gold ETF,268.25,6136400,Commodity
2025-03-07,Gold ETF,268.3900146484375,10431200,Commodity
2025-03-10,Gold ETF,266.0400085449219,7593900,Commodity
2025-03-11,Gold ETF,269.1600036621094,8436600,Commodity
2025-03-12,Gold ETF,270.3299865722656,7236200,Commodity
2025-03-13,Gold ETF,275.1300048828125,13741500,Commodity
2025-03-14,Gold ETF,275.239990234375,13365000,Commodity
2025-03-17,Gold ETF,276.7300109863281,8583400,Commodity
2025-03-18,Gold ETF,279.9599914550781,9596500,Commodity
2025-03-19,Gold ETF,281.1099853515625,8822200,Commodity
2025-03-20,Gold ETF,280.75,5863300,Commodity
2025-03-21,Gold ETF,278.489990234375,9359300,Commodity
2025-03-24,Gold ETF,277.25,7870100,Commodity
2025-03-25,Gold ETF,278.4700012207031,5090200,Commodity
2025-03-26,Gold ETF,278.239990234375,3717500,Commodity
2025-03-27,Gold ETF,281.9700012207031,8476300,Commodity
2025-03-28,Gold ETF,284.05999755859375,9563700,Commodity
2025-03-31,Gold ETF,288.1400146484375,13925100,Commodity
2025-04-01,Gold ETF,287.57000732421875,15923600,Commodity
2025-04-02,Gold ETF,288.1600036621094,11074800,Commodity
2025-04-03,Gold ETF,286.4200134277344,20524400,Commodity
2025-04-04,Gold ETF,279.7200012207031,21517200,Commodity
2025-04-07,Gold ETF,273.7099914550781,19807000,Commodity
2025-04-08,Gold ETF,275.20001220703125,12639500,Commodity
2025-04-09,Gold ETF,285.3800048828125,25342200,Commodity
2025-04-10,Gold ETF,292.3500061035156,19837800,Commodity
2025-04-11,Gold ETF,297.92999267578125,21080100,Commodity
2025-04-14,Gold ETF,296.2300109863281,12427600,Commodity
2025-04-15,Gold ETF,297.7799987792969,7924100,Commodity
2025-04-16,Gold ETF,307.4700012207031,20778100,Commodity
2025-04-17,Gold ETF,306.1199951171875,18287800,Commodity
2025-04-21,Gold ETF,315.5899963378906,20372300,Commodity
2025-04-22,Gold ETF,311.1099853515625,35242300,Commodity
2025-04-23,Gold ETF,303.6499938964844,25421500,Commodity
2025-04-24,Gold ETF,308.07000732421875,10845000,Commodity
2025-04-25,Gold ETF,304.7300109863281,10691600,Commodity
2025-04-28,Gold ETF,309.07000732421875,9375500,Commodity
2025-04-29,Gold ETF,306.05999755859375,6852100,Commodity
2025-04-30,Gold ETF,303.7699890136719,8331900,Commodity
2025-05-01,Gold ETF,297.4599914550781,14969100,Commodity
2025-05-02,Gold ETF,297.9800109863281,8678400,Commodity
2025-05-05,Gold ETF,306.8800048828125,8924000,Commodity
2025-05-06,Gold ETF,315.4800109863281,11445300,Commodity
2025-05-07,Gold ETF,310.75,7888300,Commodity
2025-05-08,Gold ETF,304.6300048828125,11927600,Commodity
2025-05-09,Gold ETF,306.8399963378906,6913100,Commodity
2025-05-12,Gold ETF,298.19000244140625,14375900,Commodity
2025-05-13,Gold ETF,299.4599914550781,10233600,Commodity
2025-05-14,Gold ETF,293.1600036621094,14800600,Commodity
2025-05-15,Gold ETF,297.8399963378906,13497700,Commodity
2025-05-16,Gold ETF,294.239990234375,14173000,Commodity
2025-05-19,Gold ETF,298.0299987792969,11656300,Commodity
2025-05-20,Gold ETF,303.5799865722656,12851000,Commodity
2025-05-21,Gold ETF,305.82000732421875,12414500,Commodity
2025-05-22,Gold ETF,303.1099853515625,9704200,Commodity
2025-05-23,Gold ETF,309.75,13339500,Commodity
2025-05-27,Gold ETF,304.5,9578500,Commodity
2025-05-28,Gold ETF,303.80999755859375,8803300,Commodity
2025-05-29,Gold ETF,305.6099853515625,9487900,Commodity
2025-05-30,Gold ETF,303.6000061035156,9553300,Commodity
2025-06-02,Gold ETF,311.6700134277344,13593200,Commodity
2025-06-03,Gold ETF,308.9100036621094,9315100,Commodity
2025-06-04,Gold ETF,310.8999938964844,7462500,Commodity
2025-06-05,Gold ETF,309.3299865722656,10817800,Commodity
2025-06-06,Gold ETF,305.17999267578125,7787500,Commodity
2025-06-09,Gold ETF,306.6199951171875,7159000,Commodity
2025-06-10,Gold ETF,306.7099914550781,7071700,Commodity
2025-06-11,Gold ETF,308.3699951171875,9248800,Commodity
2025-06-12,Gold ETF,312.20001220703125,11531400,Commodity
2025-06-13,Gold ETF,316.2900085449219,16592900,Commodity
2025-06-16,Gold ETF,311.7799987792969,12848400,Commodity
2025-06-17,Gold ETF,311.94000244140625,8234100,Commodity
2025-06-18,Gold ETF,310.260009765625,9370800,Commodity
2025-06-20,Gold ETF,310.1300048828125,8794700,Commodity
2025-06-23,Gold ETF,311.0799865722656,12687900,Commodity
2025-06-24,Gold ETF,306.19000244140625,12035200,Commodity
2025-06-25,Gold ETF,307.1199951171875,6733200,Commodity
2025-06-26,Gold ETF,306.7799987792969,6787500,Commodity
2025-06-27,Gold ETF,301.2200012207031,13301300,Commodity
2025-06-30,Gold ETF,304.8299865722656,8192100,Commodity
2025-07-01,Gold ETF,307.54998779296875,9335600,Commodity
2025-07-02,Gold ETF,309.25,8316400,Commodity
2025-07-03,Gold ETF,307.1400146484375,5275800,Commodity
2025-07-07,Gold ETF,307.3699951171875,7351600,Commodity
2025-07-08,Gold ETF,304.1600036621094,11840500,Commodity
2025-07-09,Gold ETF,305.5199890136719,10644100,Commodity
2025-07-10,Gold ETF,306.20001220703125,7053700,Commodity
2025-07-11,Gold ETF,309.1400146484375,9187300,Commodity
2025-07-14,Gold ETF,308.010009765625,5772900,Commodity
2025-07-15,Gold ETF,306.7300109863281,8149000,Commodity
2025-07-16,Gold ETF,308.260009765625,17693100,Commodity
2025-07-17,Gold ETF,307.5899963378906,6642300,Commodity
2025-07-18,Gold ETF,308.3900146484375,5574300,Commodity
2025-07-21,Gold ETF,313.1300048828125,10995800,Commodity
2025-07-22,Gold ETF,316.1000061035156,13691800,Commodity
2025-07-23,Gold ETF,312.17999267578125,10547500,Commodity
2025-07-24,Gold ETF,310.2699890136719,7698800,Commodity
2025-07-25,Gold ETF,307.3999938964844,9376400,Commodity
2025-07-28,Gold ETF,305.4100036621094,9275400,Commodity
2025-07-29,Gold ETF,306.25,5741100,Commodity
2025-07-30,Gold ETF,300.9599914550781,13459600,Commodity
2025-07-31,Gold ETF,302.9599914550781,8981000,Commodity
2025-08-01,Gold ETF,309.1099853515625,12843400,Commodity
2025-08-04,Gold ETF,310.9100036621094,7639000,Commodity
2025-08-05,Gold ETF,311.1600036621094,6997700,Commodity
2025-08-06,Gold ETF,310.5,7418200,Commodity
2025-08-07,Gold ETF,313.1199951171875,10891500,Commodity
2025-08-08,Gold ETF,313.04998779296875,19886800,Commodity
2025-08-11,Gold ETF,308.54998779296875,10326700,Commodity
2025-08-12,Gold ETF,308.2699890136719,9697400,Commodity
2025-08-13,Gold ETF,309.2099914550781,4718600,Commodity
2025-08-14,Gold ETF,307.25,5817700,Commodity
2025-08-15,Gold ETF,307.42999267578125,5990100,Commodity
2025-08-18,Gold ETF,306.95001220703125,6150100,Commodity
2025-08-19,Gold ETF,305.2699890136719,5029900,Commodity
2025-08-20,Gold ETF,308.3599853515625,6515400,Commodity
2025-08-21,Gold ETF,307.2900085449219,4809000,Commodity
2025-08-22,Gold ETF,310.5799865722656,8526500,Commodity
2025-08-25,Gold ETF,309.8299865722656,4044400,Commodity
2025-08-26,Gold ETF,312.0799865722656,11698500,Commodity
2025-08-27,Gold ETF,312.7099914550781,4320100,Commodity
2025-08-28,Gold ETF,315.0299987792969,9610200,Commodity
2025-08-29,Gold ETF,318.07000732421875,15642600,Commodity
2025-09-02,Gold ETF,325.5899963378906,21247500,Commodity
2025-09-03,Gold ETF,328.1400146484375,16062200,Commodity
2025-09-04,Gold ETF,326.69000244140625,11703100,Commodity
2025-09-05,Gold ETF,331.04998779296875,16065200,Commodity
2025-09-08,Gold ETF,334.82000732421875,18617300,Commodity
2025-09-09,Gold ETF,334.05999755859375,21641900,Commodity
2025-09-10,Gold ETF,335.260009765625,11945700,Commodity
2025-09-11,Gold ETF,334.760009765625,9082600,Commodity
2025-09-12,Gold ETF,335.4200134277344,9619700,Commodity
2025-09-15,Gold ETF,338.9100036621094,10569900,Commodity
2025-09-16,Gold ETF,339.5899963378906,12161500,Commodity
2025-09-17,Gold ETF,336.9700012207031,16535300,Commodity
2025-09-18,Gold ETF,335.6199951171875,14913300,Commodity
2025-09-19,Gold ETF,339.17999267578125,14982600,Commodity
2025-09-22,Gold ETF,345.04998779296875,12386400,Commodity
2025-09-23,Gold ETF,346.4599914550781,18384000,Commodity
2025-09-24,Gold ETF,343.32000732421875,12709100,Commodity
2025-09-25,Gold ETF,344.75,12639600,Commodity
2025-09-26,Gold ETF,346.739990234375,11698200,Commodity
2025-09-29,Gold ETF,352.4599914550781,15719600,Commodity
2025-09-30,Gold ETF,355.4700012207031,13312400,Commodity
2025-10-01,Gold ETF,356.0299987792969,15573600,Commodity
2025-10-02,Gold ETF,354.7900085449219,16162100,Commodity
2025-10-03,Gold ETF,357.6400146484375,14464000,Commodity
2025-10-06,Gold ETF,364.3800048828125,17093700,Commodity
2025-10-07,Gold ETF,366.260009765625,16836800,Commodity
2025-10-08,Gold ETF,372.29998779296875,28052300,Commodity
2025-10-09,Gold ETF,365.42999267578125,33674800,Commodity
2025-10-10,Gold ETF,369.1199951171875,24192800,Commodity
2025-10-13,Gold ETF,378.0899963378906,18514400,Commodity
2025-10-14,Gold ETF,380.7900085449219,18409600,Commodity
2025-10-15,Gold ETF,387.3900146484375,20598300,Commodity
2025-10-16,Gold ETF,396.45001220703125,33621400,Commodity
2025-10-17,Gold ETF,388.989990234375,62025000,Commodity
2025-10-20,Gold ETF,403.1499938964844,34523000,Commodity
2025-10-21,Gold ETF,377.239990234375,54101400,Commodity
2025-10-22,Gold ETF,377.2799987792969,30524100,Commodity
2025-10-23,Gold ETF,378.7900085449219,13695500,Commodity
2025-10-24,Gold ETF,377.5199890136719,13263800,Commodity
2025-10-27,Gold ETF,367.010009765625,23657600,Commodity
2025-10-28,Gold ETF,364.3800048828125,19257600,Commodity
2025-10-29,Gold ETF,363.0,18891800,Commodity
2025-10-30,Gold ETF,370.1300048828125,14812800,Commodity
2025-10-31,Gold ETF,368.1199951171875,11077900,Commodity
2025-11-03,Gold ETF,368.7799987792969,7254300,Commodity
2025-11-04,Gold ETF,362.32000732421875,11540100,Commodity
2025-11-05,Gold ETF,366.510009765625,8357300,Commodity
2025-11-06,Gold ETF,366.07000732421875,6891100,Commodity
2025-11-07,Gold ETF,368.30999755859375,11060400,Commodity
2025-11-10,Gold ETF,378.3800048828125,13456200,Commodity
2025-11-11,Gold ETF,379.8699951171875,10753200,Commodity
2025-11-12,Gold ETF,385.989990234375,16203700,Commodity
2025-11-13,Gold ETF,382.8699951171875,15867900,Commodity
2025-11-14,Gold ETF,375.9599914550781,15198000,Commodity
2025-11-17,Gold ETF,371.6499938964844,13295200,Commodity
2025-11-18,Gold ETF,374.3500061035156,7818800,Commodity
2025-11-19,Gold ETF,374.9599914550781,10980400,Commodity
2025-11-20,Gold ETF,374.8500061035156,10506500,Commodity
2025-11-21,Gold ETF,374.2699890136719,13194600,Commodity
2025-11-24,Gold ETF,380.20001220703125,10085300,Commodity
2025-11-25,Gold ETF,380.0799865722656,10462800,Commodity
2025-11-26,Gold ETF,383.1199951171875,9184100,Commodity
2025-11-28,Gold ETF,387.8800048828125,7175400,Commodity
2025-12-01,Gold ETF,389.75,11177100,Commodity
2025-12-02,Gold ETF,387.239990234375,8103900,Commodity
2025-12-03,Gold ETF,386.8800048828125,7886800,Commodity
2025-12-04,Gold ETF,387.1300048828125,6754400,Commodity
2025-12-05,Gold ETF,386.44000244140625,9449800,Commodity
2025-12-08,Gold ETF,385.4200134277344,6822100,Commodity
2025-12-09,Gold ETF,387.3999938964844,6358700,Commodity
2025-12-10,Gold ETF,389.04998779296875,9120500,Commodity
2025-12-11,Gold ETF,393.239990234375,11240600,Commodity
2025-12-12,Gold ETF,395.44000244140625,16792100,Commodity
2025-12-15,Gold ETF,395.79998779296875,11345000,Commodity
2025-12-16,Gold ETF,395.8900146484375,9201600,Commodity
2025-12-17,Gold ETF,399.2900085449219,10456900,Commodity
2025-12-18,Gold ETF,398.57000732421875,11837600,Commodity
2025-12-19,Gold ETF,399.0199890136719,9894800,Commodity
2025-12-22,Gold ETF,408.2300109863281,14202100,Commodity
2025-12-23,Gold ETF,413.6400146484375,13193300,Commodity
2025-12-24,Gold ETF,411.92999267578125,6718400,Commodity
2025-12-26,Gold ETF,416.739990234375,10476200,Commodity
2025-12-29,Gold ETF,398.6000061035156,20679200,Commodity
2025-12-30,Gold ETF,398.8900146484375,10179000,Commodity
2025-12-31,Gold ETF,396.30999755859375,10194700,Commodity
2026-01-02,Gold ETF,398.2799987792969,10372600,Commodity
2026-01-05,Gold ETF,408.760009765625,13410600,Commodity
2026-01-06,Gold ETF,413.17999267578125,11640900,Commodity
2026-01-07,Gold ETF,409.2300109863281,10589500,Commodity
2026-01-08,Gold ETF,411.489990234375,8705900,Commodity
2026-01-09,Gold ETF,414.4700012207031,14011200,Commodity
2026-01-12,Gold ETF,422.2300109863281,20904100,Commodity
2026-01-13,Gold ETF,421.6300048828125,16681200,Commodity
2026-01-14,Gold ETF,425.94000244140625,18305500,Commodity
2026-01-15,Gold ETF,423.3299865722656,14253200,Commodity
2026-01-16,Gold ETF,421.2900085449219,20951600,Commodity
2026-01-20,Gold ETF,437.2300109863281,21308100,Commodity
2026-01-21,Gold ETF,443.6000061035156,38830200,Commodity
2026-01-22,Gold ETF,451.7900085449219,19251200,Commodity
2026-01-23,Gold ETF,458.0,21531900,Commodity
2026-01-26,Gold ETF,464.70001220703125,34156000,Commodity
2026-01-27,Gold ETF,476.1000061035156,28386200,Commodity
2026-01-28,Gold ETF,494.55999755859375,44154600,Commodity
2026-01-29,Gold ETF,495.8999938964844,69970900,Commodity
2026-01-30,Gold ETF,444.95001220703125,86593500,Commodity
2026-02-02,Gold ETF,427.1300048828125,41626200,Commodity
2026-02-03,Gold ETF,454.2900085449219,28703500,Commodity
2026-02-04,Gold ETF,453.9700012207031,24427900,Commodity
2026-02-05,Gold ETF,441.8800048828125,17718100,Commodity
2026-02-06,Gold ETF,455.4599914550781,12663900,Commodity
2026-02-09,Gold ETF,467.0299987792969,12330900,Commodity
2026-02-10,Gold ETF,462.3999938964844,7861600,Commodity
2026-02-11,Gold ETF,467.6300048828125,11209600,Commodity
2026-02-12,Gold ETF,451.3900146484375,20488800,Commodity
2026-02-13,Gold ETF,462.6199951171875,12359300,Commodity
2026-02-17,Gold ETF,448.20001220703125,10976100,Commodity
2026-02-18,Gold ETF,458.2799987792969,10226300,Commodity
2026-02-19,Gold ETF,459.55999755859375,8411400,Commodity
2026-02-20,Gold ETF,468.6199951171875,14316300,Commodity
2026-02-23,Gold ETF,481.2799987792969,17441600,Commodity
2026-02-24,Gold ETF,474.6099853515625,14147100,Commodity
2026-02-25,Gold ETF,473.4200134277344,12954300,Commodity
2026-02-26,Gold ETF,477.4800109863281,12375000,Commodity
2026-02-27,Gold ETF,483.75,16795100,Commodity
2026-03-02,Gold ETF,490.0,19916600,Commodity
2026-03-03,Gold ETF,468.1400146484375,22591500,Commodity
2026-03-04,Gold ETF,471.79998779296875,9985900,Commodity
2026-03-05,Gold ETF,466.1300048828125,11674800,Commodity
2026-03-06,Gold ETF,473.510009765625,10489800,Commodity
2026-03-09,Gold ETF,472.5299987792969,8829800,Commodity
2026-03-10,Gold ETF,477.8599853515625,9616800,Commodity
2026-03-11,Gold ETF,476.239990234375,7522900,Commodity
2026-03-12,Gold ETF,466.8800048828125,11900600,Commodity
2026-03-13,Gold ETF,460.8399963378906,11741600,Commodity
2026-03-16,Gold ETF,460.42999267578125,8964100,Commodity
2026-03-17,Gold ETF,459.2699890136719,7610100,Commodity
2026-03-18,Gold ETF,444.739990234375,18375600,Commodity
2026-03-19,Gold ETF,426.4100036621094,30206000,Commodity
2026-03-20,Gold ETF,413.3800048828125,27204900,Commodity
2026-03-23,Gold ETF,404.0400085449219,36796800,Commodity
2026-03-24,Gold ETF,404.1300048828125,17478500,Commodity
2026-03-25,Gold ETF,416.2900085449219,15713200,Commodity
2026-03-26,Gold ETF,400.6400146484375,15756300,Commodity
2026-03-27,Gold ETF,414.70001220703125,16580700,Commodity
2026-03-30,Gold ETF,414.5799865722656,13172100,Commodity
2026-03-31,Gold ETF,430.2900085449219,14534300,Commodity
2026-04-01,Gold ETF,437.82000732421875,14133100,Commodity
2026-04-02,Gold ETF,429.4100036621094,10838600,Commodity
2026-04-06,Gold ETF,427.6499938964844,5417300,Commodity
2026-04-07,Gold ETF,431.80999755859375,7263500,Commodity
2026-04-08,Gold ETF,434.5299987792969,9689700,Commodity
2026-04-09,Gold ETF,437.9100036621094,6748500,Commodity
2026-04-10,Gold ETF,437.1300048828125,6193300,Commodity
2026-04-13,Gold ETF,435.3599853515625,5549400,Commodity
2026-04-14,Gold ETF,445.0899963378906,8731700,Commodity
2026-04-15,Gold ETF,440.4599914550781,6455900,Commodity
2026-04-16,Gold ETF,440.0799865722656,5350100,Commodity
2026-04-17,Gold ETF,445.92999267578125,9712000,Commodity
2026-04-20,Gold ETF,442.0899963378906,8473000,Commodity
2026-04-21,Gold ETF,429.57000732421875,9480000,Commodity
2026-04-22,Gold ETF,435.260009765625,5178100,Commodity
2026-04-23,Gold ETF,431.0400085449219,4976400,Commodity
2026-04-24,Gold ETF,433.25,5920000,Commodity
2016-04-25,NASDAQ 100 ETF,108.9800033569336,14351900,Equity
2016-04-26,NASDAQ 100 ETF,108.44999694824219,19118300,Equity
2016-04-27,NASDAQ 100 ETF,107.58000183105469,33059800,Equity
2016-04-28,NASDAQ 100 ETF,106.27999877929688,29818200,Equity
2016-04-29,NASDAQ 100 ETF,105.72000122070312,67502800,Equity
2016-05-02,NASDAQ 100 ETF,106.72000122070312,24813800,Equity
2016-05-03,NASDAQ 100 ETF,105.7300033569336,38569400,Equity
2016-05-04,NASDAQ 100 ETF,105.05000305175781,27474500,Equity
2016-05-05,NASDAQ 100 ETF,105.0199966430664,20788100,Equity
2016-05-06,NASDAQ 100 ETF,105.58000183105469,30758500,Equity
2016-05-09,NASDAQ 100 ETF,105.87999725341797,19289600,Equity
2016-05-10,NASDAQ 100 ETF,107.33000183105469,21178900,Equity
2016-05-11,NASDAQ 100 ETF,106.36000061035156,20966300,Equity
2016-05-12,NASDAQ 100 ETF,105.88999938964844,29196300,Equity
2016-05-13,NASDAQ 100 ETF,105.5,21059300,Equity
2016-05-16,NASDAQ 100 ETF,106.81999969482422,18311900,Equity
2016-05-17,NASDAQ 100 ETF,105.4800033569336,29932700,Equity
2016-05-18,NASDAQ 100 ETF,105.86000061035156,27524400,Equity
2016-05-19,NASDAQ 100 ETF,105.30999755859375,27334600,Equity
2016-05-20,NASDAQ 100 ETF,106.47000122070312,29549600,Equity
2016-05-23,NASDAQ 100 ETF,106.33000183105469,15729800,Equity
2016-05-24,NASDAQ 100 ETF,108.45999908447266,29931300,Equity
2016-05-25,NASDAQ 100 ETF,109.23999786376953,37951700,Equity
2016-05-26,NASDAQ 100 ETF,109.55999755859375,21885900,Equity
2016-05-27,NASDAQ 100 ETF,110.12999725341797,19870000,Equity
2016-05-31,NASDAQ 100 ETF,110.33999633789062,24366100,Equity
2016-06-01,NASDAQ 100 ETF,110.3499984741211,19571500,Equity
2016-06-02,NASDAQ 100 ETF,110.58000183105469,15696600,Equity
2016-06-03,NASDAQ 100 ETF,110.05999755859375,20269900,Equity
2016-06-06,NASDAQ 100 ETF,110.45999908447266,12502400,Equity
2016-06-07,NASDAQ 100 ETF,110.18000030517578,12184300,Equity
2016-06-08,NASDAQ 100 ETF,110.37000274658203,14568700,Equity
2016-06-09,NASDAQ 100 ETF,110.19000244140625,17571600,Equity
2016-06-10,NASDAQ 100 ETF,108.94000244140625,32965000,Equity
2016-06-13,NASDAQ 100 ETF,108.02999877929688,25154700,Equity
2016-06-14,NASDAQ 100 ETF,108.02999877929688,24588500,Equity
2016-06-15,NASDAQ 100 ETF,107.72000122070312,24605700,Equity
2016-06-16,NASDAQ 100 ETF,108.04000091552734,32079900,Equity
2016-06-17,NASDAQ 100 ETF,106.48999786376953,29208800,Equity
2016-06-20,NASDAQ 100 ETF,107.16000366210938,20562800,Equity
2016-06-21,NASDAQ 100 ETF,107.5,22804100,Equity
2016-06-22,NASDAQ 100 ETF,107.23999786376953,22724200,Equity
2016-06-23,NASDAQ 100 ETF,108.7699966430664,18714200,Equity
2016-06-24,NASDAQ 100 ETF,104.29000091552734,68012700,Equity
2016-06-27,NASDAQ 100 ETF,102.22000122070312,48222600,Equity
2016-06-28,NASDAQ 100 ETF,104.45999908447266,28260600,Equity
2016-06-29,NASDAQ 100 ETF,106.30999755859375,31356700,Equity
2016-06-30,NASDAQ 100 ETF,107.54000091552734,36300800,Equity
2016-07-01,NASDAQ 100 ETF,108.08000183105469,19902800,Equity
2016-07-05,NASDAQ 100 ETF,107.41999816894531,21167900,Equity
2016-07-06,NASDAQ 100 ETF,108.30000305175781,24579300,Equity
2016-07-07,NASDAQ 100 ETF,108.62000274658203,19161700,Equity
2016-07-08,NASDAQ 100 ETF,110.30000305175781,29457900,Equity
2016-07-11,NASDAQ 100 ETF,110.93000030517578,20218500,Equity
2016-07-12,NASDAQ 100 ETF,111.48999786376953,21906100,Equity
2016-07-13,NASDAQ 100 ETF,111.22000122070312,21107800,Equity
2016-07-14,NASDAQ 100 ETF,111.9800033569336,20871000,Equity
2016-07-15,NASDAQ 100 ETF,111.80000305175781,17999300,Equity
2016-07-18,NASDAQ 100 ETF,112.54000091552734,20713900,Equity
2016-07-19,NASDAQ 100 ETF,112.12999725341797,18936700,Equity
2016-07-20,NASDAQ 100 ETF,113.44000244140625,24997900,Equity
2016-07-21,NASDAQ 100 ETF,113.18000030517578,18885400,Equity
2016-07-22,NASDAQ 100 ETF,113.6500015258789,20003400,Equity
2016-07-25,NASDAQ 100 ETF,113.66000366210938,12968100,Equity
2016-07-26,NASDAQ 100 ETF,113.79000091552734,21223800,Equity
2016-07-27,NASDAQ 100 ETF,114.58000183105469,27646100,Equity
2016-07-28,NASDAQ 100 ETF,114.9800033569336,16939700,Equity
2016-07-29,NASDAQ 100 ETF,115.2300033569336,22385300,Equity
2016-08-01,NASDAQ 100 ETF,115.83999633789062,13990100,Equity
2016-08-02,NASDAQ 100 ETF,114.95999908447266,21278400,Equity
2016-08-03,NASDAQ 100 ETF,115.33999633789062,15011300,Equity
2016-08-04,NASDAQ 100 ETF,115.66999816894531,12835300,Equity
2016-08-05,NASDAQ 100 ETF,116.77999877929688,23196600,Equity
2016-08-08,NASDAQ 100 ETF,116.6500015258789,12358200,Equity
2016-08-09,NASDAQ 100 ETF,116.91999816894531,13276500,Equity
2016-08-10,NASDAQ 100 ETF,116.62000274658203,14688400,Equity
2016-08-11,NASDAQ 100 ETF,117.12000274658203,12969800,Equity
2016-08-12,NASDAQ 100 ETF,117.19999694824219,19379000,Equity
2016-08-15,NASDAQ 100 ETF,117.69999694824219,11777800,Equity
2016-08-16,NASDAQ 100 ETF,117.05000305175781,14161400,Equity
2016-08-17,NASDAQ 100 ETF,117.26000213623047,15980300,Equity
2016-08-18,NASDAQ 100 ETF,117.29000091552734,10036300,Equity
2016-08-19,NASDAQ 100 ETF,117.26000213623047,18743000,Equity
2016-08-22,NASDAQ 100 ETF,117.3499984741211,14500600,Equity
2016-08-23,NASDAQ 100 ETF,117.55999755859375,11997900,Equity
2016-08-24,NASDAQ 100 ETF,116.80000305175781,17728700,Equity
2016-08-25,NASDAQ 100 ETF,116.61000061035156,24266300,Equity
2016-08-26,NASDAQ 100 ETF,116.77999877929688,23896000,Equity
2016-08-29,NASDAQ 100 ETF,116.94000244140625,11184900,Equity
2016-08-30,NASDAQ 100 ETF,116.55999755859375,19843300,Equity
2016-08-31,NASDAQ 100 ETF,116.44000244140625,16169800,Equity
2016-09-01,NASDAQ 100 ETF,116.73999786376953,20944700,Equity
2016-09-02,NASDAQ 100 ETF,117.12000274658203,18088200,Equity
2016-09-06,NASDAQ 100 ETF,117.8499984741211,18525200,Equity
2016-09-07,NASDAQ 100 ETF,117.91999816894531,17546900,Equity
2016-09-08,NASDAQ 100 ETF,117.2300033569336,20125300,Equity
2016-09-09,NASDAQ 100 ETF,114.27999877929688,50813300,Equity
2016-09-12,NASDAQ 100 ETF,116.33000183105469,39646000,Equity
2016-09-13,NASDAQ 100 ETF,115.29000091552734,45863900,Equity
2016-09-14,NASDAQ 100 ETF,115.83999633789062,28221800,Equity
2016-09-15,NASDAQ 100 ETF,117.63999938964844,38521400,Equity
2016-09-16,NASDAQ 100 ETF,117.29000091552734,27596500,Equity
2016-09-19,NASDAQ 100 ETF,116.77999877929688,16222900,Equity
2016-09-20,NASDAQ 100 ETF,117.0,18078600,Equity
2016-09-21,NASDAQ 100 ETF,118.1500015258789,31546800,Equity
2016-09-22,NASDAQ 100 ETF,119.08999633789062,22614400,Equity
2016-09-23,NASDAQ 100 ETF,118.33000183105469,22213400,Equity
2016-09-26,NASDAQ 100 ETF,117.33999633789062,16403900,Equity
2016-09-27,NASDAQ 100 ETF,118.5,20238400,Equity
2016-09-28,NASDAQ 100 ETF,118.69999694824219,14794300,Equity
2016-09-29,NASDAQ 100 ETF,117.83999633789062,27207500,Equity
2016-09-30,NASDAQ 100 ETF,118.72000122070312,25543200,Equity
2016-10-03,NASDAQ 100 ETF,118.55000305175781,19216400,Equity
2016-10-04,NASDAQ 100 ETF,118.37000274658203,21239700,Equity
2016-10-05,NASDAQ 100 ETF,118.79000091552734,14481300,Equity
2016-10-06,NASDAQ 100 ETF,118.7300033569336,11987100,Equity
2016-10-07,NASDAQ 100 ETF,118.47000122070312,19984200,Equity
2016-10-10,NASDAQ 100 ETF,119.22000122070312,19687300,Equity
2016-10-11,NASDAQ 100 ETF,117.5199966430664,27774400,Equity
2016-10-12,NASDAQ 100 ETF,117.41999816894531,14267800,Equity
2016-10-13,NASDAQ 100 ETF,117.0,22821000,Equity
2016-10-14,NASDAQ 100 ETF,117.13999938964844,21313300,Equity
2016-10-17,NASDAQ 100 ETF,116.81999969482422,14182700,Equity
2016-10-18,NASDAQ 100 ETF,117.86000061035156,19276700,Equity
2016-10-19,NASDAQ 100 ETF,117.8499984741211,13702900,Equity
2016-10-20,NASDAQ 100 ETF,117.70999908447266,18132200,Equity
2016-10-21,NASDAQ 100 ETF,118.1500015258789,15707800,Equity
2016-10-24,NASDAQ 100 ETF,119.56999969482422,19143000,Equity
2016-10-25,NASDAQ 100 ETF,119.19000244140625,20341800,Equity
2016-10-26,NASDAQ 100 ETF,118.37999725341797,20463700,Equity
2016-10-27,NASDAQ 100 ETF,117.83999633789062,19099800,Equity
2016-10-28,NASDAQ 100 ETF,117.0999984741211,35369300,Equity
2016-10-31,NASDAQ 100 ETF,116.98999786376953,18749400,Equity
2016-11-01,NASDAQ 100 ETF,116.11000061035156,23498700,Equity
2016-11-02,NASDAQ 100 ETF,115.18000030517578,26960100,Equity
2016-11-03,NASDAQ 100 ETF,114.05000305175781,36205200,Equity
2016-11-04,NASDAQ 100 ETF,113.6500015258789,26997500,Equity
2016-11-07,NASDAQ 100 ETF,116.3499984741211,26591200,Equity
2016-11-08,NASDAQ 100 ETF,117.11000061035156,20777900,Equity
2016-11-09,NASDAQ 100 ETF,117.6500015258789,70234400,Equity
2016-11-10,NASDAQ 100 ETF,115.75,72825400,Equity
2016-11-11,NASDAQ 100 ETF,115.80000305175781,41115200,Equity
2016-11-14,NASDAQ 100 ETF,114.62999725341797,35906000,Equity
2016-11-15,NASDAQ 100 ETF,116.22000122070312,31796600,Equity
2016-11-16,NASDAQ 100 ETF,116.91000366210938,16538100,Equity
2016-11-17,NASDAQ 100 ETF,117.76000213623047,20598600,Equity
2016-11-18,NASDAQ 100 ETF,117.31999969482422,16428700,Equity
2016-11-21,NASDAQ 100 ETF,118.54000091552734,20268500,Equity
2016-11-22,NASDAQ 100 ETF,118.9000015258789,18850600,Equity
2016-11-23,NASDAQ 100 ETF,118.41999816894531,22926000,Equity
2016-11-25,NASDAQ 100 ETF,118.80000305175781,7162800,Equity
2016-11-28,NASDAQ 100 ETF,118.52999877929688,13479000,Equity
2016-11-29,NASDAQ 100 ETF,118.94000244140625,18553000,Equity
2016-11-30,NASDAQ 100 ETF,117.5,30405300,Equity
2016-12-01,NASDAQ 100 ETF,115.47000122070312,39796600,Equity
2016-12-02,NASDAQ 100 ETF,115.69999694824219,32876800,Equity
2016-12-05,NASDAQ 100 ETF,116.5999984741211,21419700,Equity
2016-12-06,NASDAQ 100 ETF,116.87999725341797,27293300,Equity
2016-12-07,NASDAQ 100 ETF,118.36000061035156,26622400,Equity
2016-12-08,NASDAQ 100 ETF,118.56999969482422,18578400,Equity
2016-12-09,NASDAQ 100 ETF,119.5,21863100,Equity
2016-12-12,NASDAQ 100 ETF,118.95999908447266,23259300,Equity
2016-12-13,NASDAQ 100 ETF,120.45999908447266,54477900,Equity
2016-12-14,NASDAQ 100 ETF,120.20999908447266,28746000,Equity
2016-12-15,NASDAQ 100 ETF,120.4000015258789,22762300,Equity
2016-12-16,NASDAQ 100 ETF,119.5999984741211,26283900,Equity
2016-12-19,NASDAQ 100 ETF,120.08999633789062,21138700,Equity
2016-12-20,NASDAQ 100 ETF,120.55000305175781,11461800,Equity
2016-12-21,NASDAQ 100 ETF,120.45999908447266,7079300,Equity
2016-12-22,NASDAQ 100 ETF,120.12000274658203,16645000,Equity
2016-12-23,NASDAQ 100 ETF,120.19999694824219,9007500,Equity
2016-12-27,NASDAQ 100 ETF,120.81999969482422,16110600,Equity
2016-12-28,NASDAQ 100 ETF,119.87999725341797,17975200,Equity
2016-12-29,NASDAQ 100 ETF,119.70999908447266,13267500,Equity
2016-12-30,NASDAQ 100 ETF,118.4800033569336,41749000,Equity
2017-01-03,NASDAQ 100 ETF,119.54000091552734,22307600,Equity
2017-01-04,NASDAQ 100 ETF,120.19000244140625,19749100,Equity
2017-01-05,NASDAQ 100 ETF,120.87000274658203,20644300,Equity
2017-01-06,NASDAQ 100 ETF,121.93000030517578,24074300,Equity
2017-01-09,NASDAQ 100 ETF,122.33000183105469,18909200,Equity
2017-01-10,NASDAQ 100 ETF,122.5999984741211,16176600,Equity
2017-01-11,NASDAQ 100 ETF,122.93000030517578,20686000,Equity
2017-01-12,NASDAQ 100 ETF,122.73999786376953,19622500,Equity
2017-01-13,NASDAQ 100 ETF,123.16000366210938,16930800,Equity
2017-01-17,NASDAQ 100 ETF,122.79000091552734,14538500,Equity
2017-01-18,NASDAQ 100 ETF,123.04000091552734,12499700,Equity
2017-01-19,NASDAQ 100 ETF,122.9800033569336,12710700,Equity
2017-01-20,NASDAQ 100 ETF,123.25,22091000,Equity
2017-01-23,NASDAQ 100 ETF,123.3499984741211,17434200,Equity
2017-01-24,NASDAQ 100 ETF,124.18000030517578,17640900,Equity
2017-01-25,NASDAQ 100 ETF,125.43000030517578,15036200,Equity
2017-01-26,NASDAQ 100 ETF,125.55999755859375,16052200,Equity
2017-01-27,NASDAQ 100 ETF,125.80000305175781,15053000,Equity
2017-01-30,NASDAQ 100 ETF,124.81999969482422,25006700,Equity
2017-01-31,NASDAQ 100 ETF,124.56999969482422,19091100,Equity
2017-02-01,NASDAQ 100 ETF,125.43000030517578,22861900,Equity
2017-02-02,NASDAQ 100 ETF,125.31999969482422,15101400,Equity
2017-02-03,NASDAQ 100 ETF,125.68000030517578,16957200,Equity
2017-02-06,NASDAQ 100 ETF,125.83000183105469,11630100,Equity
2017-02-07,NASDAQ 100 ETF,126.29000091552734,17541100,Equity
2017-02-08,NASDAQ 100 ETF,126.5,12569100,Equity
2017-02-09,NASDAQ 100 ETF,126.95999908447266,17542700,Equity
2017-02-10,NASDAQ 100 ETF,127.37999725341797,13915700,Equity
2017-02-13,NASDAQ 100 ETF,128.10000610351562,19120200,Equity
2017-02-14,NASDAQ 100 ETF,128.52999877929688,16333500,Equity
2017-02-15,NASDAQ 100 ETF,129.2899932861328,17891400,Equity
2017-02-16,NASDAQ 100 ETF,129.25,15098300,Equity
2017-02-17,NASDAQ 100 ETF,129.80999755859375,15563700,Equity
2017-02-21,NASDAQ 100 ETF,130.4499969482422,18479600,Equity
2017-02-22,NASDAQ 100 ETF,130.5,12110900,Equity
2017-02-23,NASDAQ 100 ETF,130.00999450683594,17489000,Equity
2017-02-24,NASDAQ 100 ETF,130.25999450683594,18624500,Equity
2017-02-27,NASDAQ 100 ETF,130.4199981689453,12008700,Equity
2017-02-28,NASDAQ 100 ETF,130.02000427246094,16598600,Equity
2017-03-01,NASDAQ 100 ETF,131.44000244140625,25813800,Equity
2017-03-02,NASDAQ 100 ETF,130.77999877929688,19951400,Equity
2017-03-03,NASDAQ 100 ETF,131.02000427246094,13722700,Equity
2017-03-06,NASDAQ 100 ETF,130.72999572753906,12026200,Equity
2017-03-07,NASDAQ 100 ETF,130.50999450683594,15500900,Equity
2017-03-08,NASDAQ 100 ETF,130.74000549316406,15776000,Equity
2017-03-09,NASDAQ 100 ETF,130.83999633789062,20855300,Equity
2017-03-10,NASDAQ 100 ETF,131.38999938964844,21922600,Equity
2017-03-13,NASDAQ 100 ETF,131.61000061035156,10731600,Equity
2017-03-14,NASDAQ 100 ETF,131.2899932861328,14019700,Equity
2017-03-15,NASDAQ 100 ETF,132.10000610351562,22709100,Equity
2017-03-16,NASDAQ 100 ETF,132.00999450683594,18457300,Equity
2017-03-17,NASDAQ 100 ETF,131.69000244140625,21234500,Equity
2017-03-20,NASDAQ 100 ETF,131.80999755859375,10105200,Equity
2017-03-21,NASDAQ 100 ETF,129.80999755859375,35841900,Equity
2017-03-22,NASDAQ 100 ETF,130.69000244140625,29177900,Equity
2017-03-23,NASDAQ 100 ETF,130.36000061035156,20311700,Equity
2017-03-24,NASDAQ 100 ETF,130.6300048828125,22967600,Equity
2017-03-27,NASDAQ 100 ETF,130.83999633789062,18472400,Equity
2017-03-28,NASDAQ 100 ETF,131.63999938964844,23721900,Equity
2017-03-29,NASDAQ 100 ETF,132.25,13710000,Equity
2017-03-30,NASDAQ 100 ETF,132.47000122070312,16092400,Equity
2017-03-31,NASDAQ 100 ETF,132.3800048828125,19841400,Equity
2017-04-03,NASDAQ 100 ETF,132.3000030517578,23700300,Equity
2017-04-04,NASDAQ 100 ETF,132.50999450683594,13400000,Equity
2017-04-05,NASDAQ 100 ETF,131.97000122070312,32011200,Equity
2017-04-06,NASDAQ 100 ETF,132.0399932861328,18832200,Equity
2017-04-07,NASDAQ 100 ETF,131.97000122070312,16743100,Equity
2017-04-10,NASDAQ 100 ETF,132.02000427246094,15619300,Equity
2017-04-11,NASDAQ 100 ETF,131.4499969482422,33778400,Equity
2017-04-12,NASDAQ 100 ETF,130.9199981689453,15955200,Equity
2017-04-13,NASDAQ 100 ETF,130.39999389648438,23683000,Equity
2017-04-17,NASDAQ 100 ETF,131.47999572753906,13325500,Equity
2017-04-18,NASDAQ 100 ETF,131.27999877929688,12841100,Equity
2017-04-19,NASDAQ 100 ETF,131.49000549316406,17764800,Equity
2017-04-20,NASDAQ 100 ETF,132.58999633789062,21977900,Equity
2017-04-21,NASDAQ 100 ETF,132.55999755859375,22454900,Equity
2017-04-24,NASDAQ 100 ETF,134.16000366210938,22469900,Equity
2017-04-25,NASDAQ 100 ETF,135.1300048828125,19384400,Equity
2017-04-26,NASDAQ 100 ETF,134.94000244140625,25398500,Equity
2017-04-27,NASDAQ 100 ETF,135.75,16136500,Equity
2017-04-28,NASDAQ 100 ETF,135.99000549316406,22771900,Equity
2017-05-01,NASDAQ 100 ETF,137.1999969482422,24815500,Equity
2017-05-02,NASDAQ 100 ETF,137.42999267578125,18345100,Equity
2017-05-03,NASDAQ 100 ETF,136.99000549316406,23827600,Equity
2017-05-04,NASDAQ 100 ETF,137.0399932861328,14630100,Equity
2017-05-05,NASDAQ 100 ETF,137.5399932861328,19330700,Equity
2017-05-08,NASDAQ 100 ETF,137.83999633789062,13279900,Equity
2017-05-09,NASDAQ 100 ETF,138.32000732421875,28426100,Equity
2017-05-10,NASDAQ 100 ETF,138.39999389648438,20499400,Equity
2017-05-11,NASDAQ 100 ETF,138.2899932861328,27232100,Equity
2017-05-12,NASDAQ 100 ETF,138.60000610351562,19738600,Equity
2017-05-15,NASDAQ 100 ETF,139.0399932861328,20481300,Equity
2017-05-16,NASDAQ 100 ETF,139.6199951171875,21786000,Equity
2017-05-17,NASDAQ 100 ETF,136.07000732421875,55642200,Equity
2017-05-18,NASDAQ 100 ETF,137.25999450683594,41319900,Equity
2017-05-19,NASDAQ 100 ETF,137.83999633789062,36730100,Equity
2017-05-22,NASDAQ 100 ETF,139.0,19509700,Equity
2017-05-23,NASDAQ 100 ETF,139.13999938964844,19687500,Equity
2017-05-24,NASDAQ 100 ETF,139.77999877929688,15891900,Equity
2017-05-25,NASDAQ 100 ETF,140.97000122070312,23928600,Equity
2017-05-26,NASDAQ 100 ETF,141.22000122070312,13851600,Equity
2017-05-30,NASDAQ 100 ETF,141.33999633789062,20306400,Equity
2017-05-31,NASDAQ 100 ETF,141.2899932861328,33229400,Equity
2017-06-01,NASDAQ 100 ETF,141.83999633789062,20120700,Equity
2017-06-02,NASDAQ 100 ETF,143.4600067138672,37222900,Equity
2017-06-05,NASDAQ 100 ETF,143.42999267578125,15727500,Equity
2017-06-06,NASDAQ 100 ETF,142.86000061035156,22393000,Equity
2017-06-07,NASDAQ 100 ETF,143.4199981689453,18842400,Equity
2017-06-08,NASDAQ 100 ETF,143.57000732421875,25417400,Equity
2017-06-09,NASDAQ 100 ETF,139.97999572753906,109783700,Equity
2017-06-12,NASDAQ 100 ETF,139.22999572753906,104454000,Equity
2017-06-13,NASDAQ 100 ETF,140.36000061035156,51193000,Equity
2017-06-14,NASDAQ 100 ETF,139.75,60093800,Equity
2017-06-15,NASDAQ 100 ETF,139.1300048828125,55145200,Equity
2017-06-16,NASDAQ 100 ETF,138.14999389648438,48087400,Equity
2017-06-19,NASDAQ 100 ETF,140.4600067138672,39626500,Equity
2017-06-20,NASDAQ 100 ETF,139.36000061035156,40935100,Equity
2017-06-21,NASDAQ 100 ETF,140.74000549316406,35743400,Equity
2017-06-22,NASDAQ 100 ETF,140.6999969482422,24099100,Equity
2017-06-23,NASDAQ 100 ETF,141.24000549316406,21654300,Equity
2017-06-26,NASDAQ 100 ETF,140.5800018310547,34411100,Equity
2017-06-27,NASDAQ 100 ETF,138.02999877929688,65957800,Equity
2017-06-28,NASDAQ 100 ETF,140.02000427246094,57427200,Equity
2017-06-29,NASDAQ 100 ETF,137.58999633789062,88769400,Equity
2017-06-30,NASDAQ 100 ETF,137.63999938964844,68898300,Equity
2017-07-03,NASDAQ 100 ETF,136.19000244140625,32797000,Equity
2017-07-05,NASDAQ 100 ETF,137.52999877929688,42116600,Equity
2017-07-06,NASDAQ 100 ETF,136.2899932861328,48430500,Equity
2017-07-07,NASDAQ 100 ETF,137.75999450683594,36970400,Equity
2017-07-10,NASDAQ 100 ETF,138.66000366210938,24853500,Equity
2017-07-11,NASDAQ 100 ETF,139.0500030517578,31517700,Equity
2017-07-12,NASDAQ 100 ETF,140.6999969482422,36045800,Equity
2017-07-13,NASDAQ 100 ETF,141.00999450683594,31073600,Equity
2017-07-14,NASDAQ 100 ETF,142.1199951171875,34544800,Equity
2017-07-17,NASDAQ 100 ETF,142.19000244140625,25343200,Equity
2017-07-18,NASDAQ 100 ETF,143.13999938964844,25748500,Equity
2017-07-19,NASDAQ 100 ETF,143.97999572753906,33752300,Equity
2017-07-20,NASDAQ 100 ETF,144.1699981689453,36139400,Equity
2017-07-21,NASDAQ 100 ETF,144.11000061035156,39697100,Equity
2017-07-24,NASDAQ 100 ETF,144.77000427246094,26712700,Equity
2017-07-25,NASDAQ 100 ETF,144.39999389648438,28120900,Equity
2017-07-26,NASDAQ 100 ETF,144.8699951171875,18610600,Equity
2017-07-27,NASDAQ 100 ETF,143.9600067138672,80665900,Equity
2017-07-28,NASDAQ 100 ETF,143.83999633789062,38013200,Equity
2017-07-31,NASDAQ 100 ETF,143.22999572753906,33848600,Equity
2017-08-01,NASDAQ 100 ETF,143.55999755859375,20149400,Equity
2017-08-02,NASDAQ 100 ETF,143.9499969482422,41769700,Equity
2017-08-03,NASDAQ 100 ETF,143.38999938964844,27112800,Equity
2017-08-04,NASDAQ 100 ETF,143.64999389648438,29472900,Equity
2017-08-07,NASDAQ 100 ETF,144.55999755859375,17933900,Equity
2017-08-08,NASDAQ 100 ETF,144.30999755859375,30810400,Equity
2017-08-09,NASDAQ 100 ETF,144.1199951171875,36169500,Equity
2017-08-10,NASDAQ 100 ETF,141.02999877929688,63331700,Equity
2017-08-11,NASDAQ 100 ETF,142.10000610351562,45862500,Equity
2017-08-14,NASDAQ 100 ETF,143.92999267578125,34161000,Equity
2017-08-15,NASDAQ 100 ETF,144.02999877929688,25509200,Equity
2017-08-16,NASDAQ 100 ETF,144.27999877929688,31913000,Equity
2017-08-17,NASDAQ 100 ETF,141.3300018310547,70191000,Equity
2017-08-18,NASDAQ 100 ETF,141.22999572753906,60751900,Equity
2017-08-21,NASDAQ 100 ETF,141.0500030517578,37111500,Equity
2017-08-22,NASDAQ 100 ETF,143.1999969482422,36294200,Equity
2017-08-23,NASDAQ 100 ETF,142.69000244140625,25702300,Equity
2017-08-24,NASDAQ 100 ETF,142.27000427246094,38160800,Equity
2017-08-25,NASDAQ 100 ETF,141.97000122070312,26380400,Equity
2017-08-28,NASDAQ 100 ETF,142.41000366210938,15362100,Equity
2017-08-29,NASDAQ 100 ETF,142.97000122070312,24498300,Equity
2017-08-30,NASDAQ 100 ETF,144.64999389648438,33642700,Equity
2017-08-31,NASDAQ 100 ETF,146.1999969482422,38480700,Equity
2017-09-01,NASDAQ 100 ETF,146.0,22293600,Equity
2017-09-05,NASDAQ 100 ETF,144.69000244140625,44794300,Equity
2017-09-06,NASDAQ 100 ETF,145.1300048828125,30722700,Equity
2017-09-07,NASDAQ 100 ETF,145.47000122070312,22721100,Equity
2017-09-08,NASDAQ 100 ETF,144.2100067138672,27890100,Equity
2017-09-11,NASDAQ 100 ETF,145.8699951171875,27126300,Equity
2017-09-12,NASDAQ 100 ETF,146.22000122070312,30256700,Equity
2017-09-13,NASDAQ 100 ETF,146.4199981689453,28450900,Equity
2017-09-14,NASDAQ 100 ETF,145.55999755859375,35296400,Equity
2017-09-15,NASDAQ 100 ETF,146.05999755859375,46422400,Equity
2017-09-18,NASDAQ 100 ETF,145.5500030517578,24858200,Equity
2017-09-19,NASDAQ 100 ETF,145.8000030517578,20871200,Equity
2017-09-20,NASDAQ 100 ETF,145.35000610351562,34236200,Equity
2017-09-21,NASDAQ 100 ETF,144.4600067138672,28841800,Equity
2017-09-22,NASDAQ 100 ETF,144.32000732421875,21702400,Equity
2017-09-25,NASDAQ 100 ETF,142.8000030517578,54947700,Equity
2017-09-26,NASDAQ 100 ETF,143.1699981689453,29628800,Equity
2017-09-27,NASDAQ 100 ETF,144.4600067138672,33249400,Equity
2017-09-28,NASDAQ 100 ETF,144.41000366210938,24149400,Equity
2017-09-29,NASDAQ 100 ETF,145.4499969482422,43102400,Equity
2017-10-02,NASDAQ 100 ETF,145.5800018310547,27351300,Equity
2017-10-03,NASDAQ 100 ETF,145.88999938964844,19715200,Equity
2017-10-04,NASDAQ 100 ETF,146.02999877929688,26381100,Equity
2017-10-05,NASDAQ 100 ETF,147.4600067138672,31562400,Equity
2017-10-06,NASDAQ 100 ETF,147.66000366210938,23561100,Equity
2017-10-09,NASDAQ 100 ETF,147.49000549316406,13704800,Equity
2017-10-10,NASDAQ 100 ETF,147.60000610351562,19223100,Equity
2017-10-11,NASDAQ 100 ETF,148.0399932861328,12439100,Equity
2017-10-12,NASDAQ 100 ETF,147.77000427246094,14513500,Equity
2017-10-13,NASDAQ 100 ETF,148.33999633789062,18409900,Equity
2017-10-16,NASDAQ 100 ETF,148.85000610351562,21809400,Equity
2017-10-17,NASDAQ 100 ETF,149.0399932861328,13138200,Equity
2017-10-18,NASDAQ 100 ETF,148.86000061035156,17218200,Equity
2017-10-19,NASDAQ 100 ETF,148.30999755859375,27680300,Equity
2017-10-20,NASDAQ 100 ETF,148.7100067138672,30173300,Equity
2017-10-23,NASDAQ 100 ETF,147.74000549316406,29297100,Equity
2017-10-24,NASDAQ 100 ETF,147.99000549316406,20289500,Equity
2017-10-25,NASDAQ 100 ETF,147.42999267578125,36179100,Equity
2017-10-26,NASDAQ 100 ETF,146.9600067138672,28230200,Equity
2017-10-27,NASDAQ 100 ETF,151.24000549316406,60165100,Equity
2017-10-30,NASDAQ 100 ETF,151.5800018310547,31733400,Equity
2017-10-31,NASDAQ 100 ETF,152.14999389648438,26319300,Equity
2017-11-01,NASDAQ 100 ETF,152.10000610351562,29481600,Equity
2017-11-02,NASDAQ 100 ETF,151.80999755859375,31017400,Equity
2017-11-03,NASDAQ 100 ETF,153.27000427246094,26199200,Equity
2017-11-06,NASDAQ 100 ETF,153.7899932861328,28693900,Equity
2017-11-07,NASDAQ 100 ETF,153.8800048828125,21333100,Equity
2017-11-08,NASDAQ 100 ETF,154.5,17373500,Equity
2017-11-09,NASDAQ 100 ETF,153.69000244140625,40594500,Equity
2017-11-10,NASDAQ 100 ETF,153.67999267578125,20150800,Equity
2017-11-13,NASDAQ 100 ETF,153.8699951171875,12522400,Equity
2017-11-14,NASDAQ 100 ETF,153.30999755859375,25173800,Equity
2017-11-15,NASDAQ 100 ETF,152.58999633789062,24808000,Equity
2017-11-16,NASDAQ 100 ETF,154.5399932861328,34790600,Equity
2017-11-17,NASDAQ 100 ETF,153.9499969482422,28725800,Equity
2017-11-20,NASDAQ 100 ETF,153.8300018310547,21143900,Equity
2017-11-21,NASDAQ 100 ETF,155.5,20147800,Equity
2017-11-22,NASDAQ 100 ETF,155.69000244140625,17299000,Equity
2017-11-24,NASDAQ 100 ETF,156.25999450683594,8280600,Equity
2017-11-27,NASDAQ 100 ETF,156.19000244140625,22653400,Equity
2017-11-28,NASDAQ 100 ETF,156.58999633789062,25227300,Equity
2017-11-29,NASDAQ 100 ETF,153.86000061035156,71986300,Equity
2017-11-30,NASDAQ 100 ETF,155.14999389648438,56595500,Equity
2017-12-01,NASDAQ 100 ETF,154.49000549316406,59015800,Equity
2017-12-04,NASDAQ 100 ETF,152.7100067138672,51319100,Equity
2017-12-05,NASDAQ 100 ETF,152.80999755859375,40604200,Equity
2017-12-06,NASDAQ 100 ETF,153.5,28647800,Equity
2017-12-07,NASDAQ 100 ETF,154.02000427246094,32666200,Equity
2017-12-08,NASDAQ 100 ETF,154.6999969482422,28081700,Equity
2017-12-11,NASDAQ 100 ETF,155.89999389648438,20821500,Equity
2017-12-12,NASDAQ 100 ETF,155.69000244140625,20310300,Equity
2017-12-13,NASDAQ 100 ETF,155.99000549316406,24418500,Equity
2017-12-14,NASDAQ 100 ETF,155.8800048828125,24594700,Equity
2017-12-15,NASDAQ 100 ETF,157.64999389648438,49816200,Equity
2017-12-18,NASDAQ 100 ETF,158.63999938964844,26844500,Equity
2017-12-19,NASDAQ 100 ETF,157.6999969482422,31415000,Equity
2017-12-20,NASDAQ 100 ETF,157.52999877929688,38972600,Equity
2017-12-21,NASDAQ 100 ETF,157.5500030517578,18638700,Equity
2017-12-22,NASDAQ 100 ETF,157.3699951171875,23330400,Equity
2017-12-26,NASDAQ 100 ETF,156.52000427246094,21918700,Equity
2017-12-27,NASDAQ 100 ETF,156.5399932861328,22388200,Equity
2017-12-28,NASDAQ 100 ETF,156.72999572753906,25393800,Equity
2017-12-29,NASDAQ 100 ETF,155.75999450683594,33186000,Equity
2018-01-02,NASDAQ 100 ETF,158.49000549316406,32573300,Equity
2018-01-03,NASDAQ 100 ETF,160.02999877929688,29383600,Equity
2018-01-04,NASDAQ 100 ETF,160.30999755859375,24776100,Equity
2018-01-05,NASDAQ 100 ETF,161.9199981689453,26992300,Equity
2018-01-08,NASDAQ 100 ETF,162.5500030517578,23159100,Equity
2018-01-09,NASDAQ 100 ETF,162.55999755859375,24782400,Equity
2018-01-10,NASDAQ 100 ETF,162.17999267578125,34004000,Equity
2018-01-11,NASDAQ 100 ETF,163.2899932861328,20473500,Equity
2018-01-12,NASDAQ 100 ETF,164.49000549316406,37762700,Equity
2018-01-16,NASDAQ 100 ETF,164.02000427246094,41231800,Equity
2018-01-17,NASDAQ 100 ETF,165.7899932861328,33849900,Equity
2018-01-18,NASDAQ 100 ETF,165.82000732421875,26432200,Equity
2018-01-19,NASDAQ 100 ETF,166.33999633789062,38937600,Equity
2018-01-22,NASDAQ 100 ETF,168.1199951171875,26081400,Equity
2018-01-23,NASDAQ 100 ETF,169.50999450683594,37989700,Equity
2018-01-24,NASDAQ 100 ETF,168.41000366210938,54287400,Equity
2018-01-25,NASDAQ 100 ETF,168.35000610351562,28925000,Equity
2018-01-26,NASDAQ 100 ETF,170.92999267578125,32038200,Equity
2018-01-29,NASDAQ 100 ETF,170.10000610351562,37277800,Equity
2018-01-30,NASDAQ 100 ETF,168.6999969482422,44987700,Equity
2018-01-31,NASDAQ 100 ETF,169.39999389648438,42449200,Equity
2018-02-01,NASDAQ 100 ETF,167.9600067138672,38037900,Equity
2018-02-02,NASDAQ 100 ETF,164.61000061035156,68478100,Equity
2018-02-05,NASDAQ 100 ETF,158.1199951171875,105372200,Equity
2018-02-06,NASDAQ 100 ETF,162.30999755859375,118537900,Equity
2018-02-07,NASDAQ 100 ETF,160.2100067138672,91028300,Equity
2018-02-08,NASDAQ 100 ETF,153.4499969482422,94184800,Equity
2018-02-09,NASDAQ 100 ETF,156.10000610351562,113836600,Equity
2018-02-12,NASDAQ 100 ETF,158.8699951171875,63050600,Equity
2018-02-13,NASDAQ 100 ETF,159.69000244140625,31785600,Equity
2018-02-14,NASDAQ 100 ETF,162.67999267578125,52107400,Equity
2018-02-15,NASDAQ 100 ETF,165.6999969482422,51633900,Equity
2018-02-16,NASDAQ 100 ETF,164.9600067138672,62256300,Equity
2018-02-20,NASDAQ 100 ETF,165.2899932861328,36785600,Equity
2018-02-21,NASDAQ 100 ETF,164.82000732421875,41161800,Equity
2018-02-22,NASDAQ 100 ETF,164.8000030517578,37074400,Equity
2018-02-23,NASDAQ 100 ETF,168.1699981689453,50096900,Equity
2018-02-26,NASDAQ 100 ETF,170.39999389648438,39266700,Equity
2018-02-27,NASDAQ 100 ETF,168.2899932861328,42209900,Equity
2018-02-28,NASDAQ 100 ETF,167.2100067138672,42936300,Equity
2018-03-01,NASDAQ 100 ETF,164.47999572753906,76809900,Equity
2018-03-02,NASDAQ 100 ETF,165.99000549316406,57445100,Equity
2018-03-05,NASDAQ 100 ETF,167.8300018310547,38540200,Equity
2018-03-06,NASDAQ 100 ETF,168.5399932861328,29480900,Equity
2018-03-07,NASDAQ 100 ETF,168.92999267578125,34609400,Equity
2018-03-08,NASDAQ 100 ETF,169.86000061035156,25828400,Equity
2018-03-09,NASDAQ 100 ETF,173.16000366210938,38310500,Equity
2018-03-12,NASDAQ 100 ETF,174.0800018310547,37635000,Equity
2018-03-13,NASDAQ 100 ETF,171.7100067138672,55638900,Equity
2018-03-14,NASDAQ 100 ETF,171.67999267578125,40536400,Equity
2018-03-15,NASDAQ 100 ETF,171.52999877929688,28810400,Equity
2018-03-16,NASDAQ 100 ETF,171.02000427246094,31176700,Equity
2018-03-19,NASDAQ 100 ETF,167.10000610351562,71395100,Equity
2018-03-20,NASDAQ 100 ETF,167.64999389648438,34075700,Equity
2018-03-21,NASDAQ 100 ETF,166.9199981689453,43863500,Equity
2018-03-22,NASDAQ 100 ETF,162.8000030517578,66607300,Equity
2018-03-23,NASDAQ 100 ETF,158.50999450683594,80110400,Equity
2018-03-26,NASDAQ 100 ETF,164.39999389648438,57481500,Equity
2018-03-27,NASDAQ 100 ETF,159.0800018310547,78889100,Equity
2018-03-28,NASDAQ 100 ETF,157.25,89369700,Equity
2018-03-29,NASDAQ 100 ETF,160.1300048828125,68692600,Equity
2018-04-02,NASDAQ 100 ETF,155.50999450683594,85549400,Equity
2018-04-03,NASDAQ 100 ETF,157.25999450683594,64090000,Equity
2018-04-04,NASDAQ 100 ETF,159.74000549316406,65768700,Equity
2018-04-05,NASDAQ 100 ETF,160.64999389648438,43054900,Equity
2018-04-06,NASDAQ 100 ETF,156.6300048828125,59870900,Equity
2018-04-09,NASDAQ 100 ETF,157.72999572753906,41810400,Equity
2018-04-10,NASDAQ 100 ETF,161.2100067138672,48296800,Equity
2018-04-11,NASDAQ 100 ETF,160.27999877929688,41622100,Equity
2018-04-12,NASDAQ 100 ETF,162.2100067138672,30467900,Equity
2018-04-13,NASDAQ 100 ETF,161.3699951171875,44604900,Equity
2018-04-16,NASDAQ 100 ETF,162.60000610351562,28180800,Equity
2018-04-17,NASDAQ 100 ETF,166.10000610351562,35536100,Equity
2018-04-18,NASDAQ 100 ETF,166.44000244140625,29573900,Equity
2018-04-19,NASDAQ 100 ETF,164.91000366210938,34705700,Equity
2018-04-20,NASDAQ 100 ETF,162.3000030517578,49197100,Equity
2018-04-23,NASDAQ 100 ETF,161.88999938964844,33040600,Equity
2018-04-24,NASDAQ 100 ETF,158.4600067138672,70256800,Equity
2018-04-25,NASDAQ 100 ETF,158.64999389648438,52089300,Equity
2018-04-26,NASDAQ 100 ETF,161.99000549316406,43005500,Equity
2018-04-27,NASDAQ 100 ETF,162.08999633789062,51043400,Equity
2018-04-30,NASDAQ 100 ETF,160.94000244140625,35615300,Equity
2018-05-01,NASDAQ 100 ETF,162.77999877929688,36513500,Equity
2018-05-02,NASDAQ 100 ETF,161.82000732421875,38646800,Equity
2018-05-03,NASDAQ 100 ETF,161.8000030517578,60337100,Equity
2018-05-04,NASDAQ 100 ETF,164.8699951171875,41543200,Equity
2018-05-07,NASDAQ 100 ETF,166.24000549316406,32500200,Equity
2018-05-08,NASDAQ 100 ETF,166.07000732421875,26040200,Equity
2018-05-09,NASDAQ 100 ETF,167.8800048828125,29122700,Equity
2018-05-10,NASDAQ 100 ETF,169.6199951171875,27067600,Equity
2018-05-11,NASDAQ 100 ETF,169.4600067138672,24688800,Equity
2018-05-14,NASDAQ 100 ETF,169.75,21821700,Equity
2018-05-15,NASDAQ 100 ETF,167.8699951171875,49361600,Equity
2018-05-16,NASDAQ 100 ETF,168.97999572753906,22941200,Equity
2018-05-17,NASDAQ 100 ETF,168.3300018310547,27480200,Equity
2018-05-18,NASDAQ 100 ETF,167.4600067138672,26217900,Equity
2018-05-21,NASDAQ 100 ETF,168.39999389648438,22954600,Equity
2018-05-22,NASDAQ 100 ETF,168.17999267578125,19477700,Equity
2018-05-23,NASDAQ 100 ETF,169.60000610351562,26557800,Equity
2018-05-24,NASDAQ 100 ETF,169.5500030517578,27696500,Equity
2018-05-25,NASDAQ 100 ETF,169.72000122070312,27460500,Equity
2018-05-29,NASDAQ 100 ETF,168.97000122070312,41220500,Equity
2018-05-30,NASDAQ 100 ETF,170.17999267578125,22665800,Equity
2018-05-31,NASDAQ 100 ETF,170.07000732421875,35670900,Equity
2018-06-01,NASDAQ 100 ETF,172.74000549316406,45543300,Equity
2018-06-04,NASDAQ 100 ETF,174.3000030517578,20459600,Equity
2018-06-05,NASDAQ 100 ETF,174.83999633789062,24779300,Equity
2018-06-06,NASDAQ 100 ETF,175.86000061035156,25036600,Equity
2018-06-07,NASDAQ 100 ETF,174.42999267578125,39600300,Equity
2018-06-08,NASDAQ 100 ETF,174.44000244140625,31780300,Equity
2018-06-11,NASDAQ 100 ETF,174.91000366210938,22319700,Equity
2018-06-12,NASDAQ 100 ETF,175.8300018310547,22511800,Equity
2018-06-13,NASDAQ 100 ETF,175.82000732421875,37858600,Equity
2018-06-14,NASDAQ 100 ETF,177.60000610351562,35916000,Equity
2018-06-15,NASDAQ 100 ETF,176.97999572753906,49615700,Equity
2018-06-18,NASDAQ 100 ETF,176.5,31633200,Equity
2018-06-19,NASDAQ 100 ETF,176.0,38236000,Equity
2018-06-20,NASDAQ 100 ETF,177.25,33038000,Equity
2018-06-21,NASDAQ 100 ETF,175.7100067138672,43469400,Equity
2018-06-22,NASDAQ 100 ETF,175.32000732421875,30073200,Equity
2018-06-25,NASDAQ 100 ETF,171.3699951171875,77799700,Equity
2018-06-26,NASDAQ 100 ETF,172.07000732421875,39008100,Equity
2018-06-27,NASDAQ 100 ETF,169.72999572753906,52843500,Equity
2018-06-28,NASDAQ 100 ETF,171.19000244140625,46407700,Equity
2018-06-29,NASDAQ 100 ETF,171.64999389648438,36408500,Equity
2018-07-02,NASDAQ 100 ETF,172.8000030517578,31770000,Equity
2018-07-03,NASDAQ 100 ETF,170.8000030517578,25512700,Equity
2018-07-05,NASDAQ 100 ETF,172.9199981689453,31626200,Equity
2018-07-06,NASDAQ 100 ETF,175.61000061035156,37005600,Equity
2018-07-09,NASDAQ 100 ETF,177.19000244140625,27362100,Equity
2018-07-10,NASDAQ 100 ETF,177.32000732421875,23902500,Equity
2018-07-11,NASDAQ 100 ETF,176.4199981689453,30280600,Equity
2018-07-12,NASDAQ 100 ETF,179.4600067138672,27930100,Equity
2018-07-13,NASDAQ 100 ETF,179.61000061035156,28049800,Equity
2018-07-16,NASDAQ 100 ETF,179.17999267578125,21405300,Equity
2018-07-17,NASDAQ 100 ETF,180.27000427246094,31034100,Equity
2018-07-18,NASDAQ 100 ETF,179.92999267578125,23220800,Equity
2018-07-19,NASDAQ 100 ETF,179.02999877929688,31094100,Equity
2018-07-20,NASDAQ 100 ETF,178.99000549316406,35897300,Equity
2018-07-23,NASDAQ 100 ETF,179.55999755859375,22184700,Equity
2018-07-24,NASDAQ 100 ETF,180.3000030517578,36900300,Equity
2018-07-25,NASDAQ 100 ETF,182.82000732421875,35026600,Equity
2018-07-26,NASDAQ 100 ETF,180.0500030517578,40873500,Equity
2018-07-27,NASDAQ 100 ETF,177.6199951171875,59456100,Equity
2018-07-30,NASDAQ 100 ETF,175.11000061035156,60193000,Equity
2018-07-31,NASDAQ 100 ETF,176.4499969482422,47285100,Equity
2018-08-01,NASDAQ 100 ETF,177.1199951171875,37101900,Equity
2018-08-02,NASDAQ 100 ETF,179.52999877929688,47178200,Equity
2018-08-03,NASDAQ 100 ETF,180.0800018310547,28934400,Equity
2018-08-06,NASDAQ 100 ETF,181.13999938964844,24808800,Equity
2018-08-07,NASDAQ 100 ETF,181.8000030517578,29895700,Equity
2018-08-08,NASDAQ 100 ETF,182.02000427246094,22680700,Equity
2018-08-09,NASDAQ 100 ETF,181.91000366210938,18852900,Equity
2018-08-10,NASDAQ 100 ETF,180.52000427246094,33818500,Equity
2018-08-13,NASDAQ 100 ETF,180.32000732421875,26089200,Equity
2018-08-14,NASDAQ 100 ETF,181.4499969482422,20913000,Equity
2018-08-15,NASDAQ 100 ETF,179.22999572753906,58528000,Equity
2018-08-16,NASDAQ 100 ETF,179.82000732421875,27711800,Equity
2018-08-17,NASDAQ 100 ETF,179.86000061035156,36092600,Equity
2018-08-20,NASDAQ 100 ETF,179.6999969482422,24939000,Equity
2018-08-21,NASDAQ 100 ETF,180.36000061035156,26258700,Equity
2018-08-22,NASDAQ 100 ETF,181.05999755859375,18042400,Equity
2018-08-23,NASDAQ 100 ETF,180.8000030517578,25776200,Equity
2018-08-24,NASDAQ 100 ETF,182.47999572753906,23136100,Equity
2018-08-27,NASDAQ 100 ETF,184.33999633789062,29343600,Equity
2018-08-28,NASDAQ 100 ETF,184.61000061035156,20277000,Equity
2018-08-29,NASDAQ 100 ETF,186.74000549316406,29175600,Equity
2018-08-30,NASDAQ 100 ETF,186.41000366210938,29315500,Equity
2018-08-31,NASDAQ 100 ETF,186.64999389648438,28653200,Equity
2018-09-04,NASDAQ 100 ETF,185.85000610351562,29063500,Equity
2018-09-05,NASDAQ 100 ETF,183.4499969482422,42623300,Equity
2018-09-06,NASDAQ 100 ETF,181.80999755859375,46091400,Equity
2018-09-07,NASDAQ 100 ETF,181.11000061035156,46629500,Equity
2018-09-10,NASDAQ 100 ETF,181.72000122070312,26132000,Equity
2018-09-11,NASDAQ 100 ETF,183.1199951171875,30116500,Equity
2018-09-12,NASDAQ 100 ETF,182.5800018310547,36204000,Equity
2018-09-13,NASDAQ 100 ETF,184.52999877929688,31133200,Equity
2018-09-14,NASDAQ 100 ETF,183.99000549316406,31224100,Equity
2018-09-17,NASDAQ 100 ETF,181.33999633789062,33071200,Equity
2018-09-18,NASDAQ 100 ETF,182.83999633789062,31877300,Equity
2018-09-19,NASDAQ 100 ETF,182.6999969482422,31843400,Equity
2018-09-20,NASDAQ 100 ETF,184.72000122070312,33295800,Equity
2018-09-21,NASDAQ 100 ETF,183.7100067138672,38605400,Equity
2018-09-24,NASDAQ 100 ETF,183.88999938964844,34945600,Equity
2018-09-25,NASDAQ 100 ETF,184.13999938964844,25277500,Equity
2018-09-26,NASDAQ 100 ETF,184.27000427246094,36210600,Equity
2018-09-27,NASDAQ 100 ETF,185.8300018310547,33113300,Equity
2018-09-28,NASDAQ 100 ETF,185.7899932861328,28076800,Equity
2018-10-01,NASDAQ 100 ETF,186.1699981689453,27371300,Equity
2018-10-02,NASDAQ 100 ETF,185.75,25618600,Equity
2018-10-03,NASDAQ 100 ETF,185.9499969482422,29128700,Equity
2018-10-04,NASDAQ 100 ETF,182.3800048828125,80557300,Equity
2018-10-05,NASDAQ 100 ETF,180.14999389648438,83325600,Equity
2018-10-08,NASDAQ 100 ETF,179.0500030517578,66864500,Equity
2018-10-09,NASDAQ 100 ETF,179.6300048828125,49097900,Equity
2018-10-10,NASDAQ 100 ETF,171.72999572753906,114471100,Equity
2018-10-11,NASDAQ 100 ETF,169.60000610351562,143084500,Equity
2018-10-12,NASDAQ 100 ETF,174.32000732421875,102078400,Equity
2018-10-15,NASDAQ 100 ETF,172.2100067138672,64885300,Equity
2018-10-16,NASDAQ 100 ETF,177.22000122070312,71979700,Equity
2018-10-17,NASDAQ 100 ETF,177.2899932861328,66987600,Equity
2018-10-18,NASDAQ 100 ETF,173.17999267578125,82486200,Equity
2018-10-19,NASDAQ 100 ETF,173.02000427246094,82923700,Equity
2018-10-22,NASDAQ 100 ETF,173.91000366210938,52909300,Equity
2018-10-23,NASDAQ 100 ETF,173.27000427246094,77567000,Equity
2018-10-24,NASDAQ 100 ETF,165.33999633789062,102997400,Equity
2018-10-25,NASDAQ 100 ETF,171.05999755859375,83481100,Equity
2018-10-26,NASDAQ 100 ETF,166.66000366210938,130970900,Equity
2018-10-29,NASDAQ 100 ETF,163.22999572753906,111871900,Equity
2018-10-30,NASDAQ 100 ETF,165.9199981689453,92584000,Equity
2018-10-31,NASDAQ 100 ETF,169.82000732421875,73828600,Equity
2018-11-01,NASDAQ 100 ETF,172.05999755859375,52706800,Equity
2018-11-02,NASDAQ 100 ETF,169.3800048828125,75966800,Equity
2018-11-05,NASDAQ 100 ETF,168.9600067138672,39573500,Equity
2018-11-06,NASDAQ 100 ETF,170.24000549316406,34410400,Equity
2018-11-07,NASDAQ 100 ETF,175.5800018310547,51169600,Equity
2018-11-08,NASDAQ 100 ETF,174.4600067138672,40296500,Equity
2018-11-09,NASDAQ 100 ETF,171.52000427246094,50602700,Equity
2018-11-12,NASDAQ 100 ETF,166.3300018310547,62578400,Equity
2018-11-13,NASDAQ 100 ETF,166.47000122070312,64128100,Equity
2018-11-14,NASDAQ 100 ETF,165.1999969482422,75270700,Equity
2018-11-15,NASDAQ 100 ETF,168.08999633789062,73254300,Equity
2018-11-16,NASDAQ 100 ETF,167.5,65390700,Equity
2018-11-19,NASDAQ 100 ETF,162.05999755859375,67280500,Equity
2018-11-20,NASDAQ 100 ETF,159.16000366210938,102652800,Equity
2018-11-21,NASDAQ 100 ETF,160.3699951171875,42965800,Equity
2018-11-23,NASDAQ 100 ETF,159.2100067138672,23503700,Equity
2018-11-26,NASDAQ 100 ETF,162.88999938964844,42012600,Equity
2018-11-27,NASDAQ 100 ETF,163.44000244140625,36608100,Equity
2018-11-28,NASDAQ 100 ETF,168.6999969482422,70141000,Equity
2018-11-29,NASDAQ 100 ETF,168.14999389648438,44885700,Equity
2018-11-30,NASDAQ 100 ETF,169.3699951171875,36722800,Equity
2018-12-03,NASDAQ 100 ETF,172.3300018310547,50771700,Equity
2018-12-04,NASDAQ 100 ETF,165.72000122070312,70594700,Equity
2018-12-06,NASDAQ 100 ETF,166.88999938964844,71715500,Equity
2018-12-07,NASDAQ 100 ETF,161.3800048828125,80432200,Equity
2018-12-10,NASDAQ 100 ETF,163.07000732421875,73960800,Equity
2018-12-11,NASDAQ 100 ETF,163.61000061035156,59058300,Equity
2018-12-12,NASDAQ 100 ETF,165.0500030517578,53780000,Equity
2018-12-13,NASDAQ 100 ETF,165.10000610351562,46378500,Equity
2018-12-14,NASDAQ 100 ETF,161.0800018310547,56547400,Equity
2018-12-17,NASDAQ 100 ETF,157.42999267578125,74834100,Equity
2018-12-18,NASDAQ 100 ETF,158.4199981689453,63642100,Equity
2018-12-19,NASDAQ 100 ETF,154.52999877929688,81856500,Equity
2018-12-20,NASDAQ 100 ETF,152.2899932861328,99002100,Equity
2018-12-21,NASDAQ 100 ETF,147.57000732421875,141129400,Equity
2018-12-24,NASDAQ 100 ETF,143.5,56163300,Equity
2018-12-26,NASDAQ 100 ETF,152.4600067138672,98982100,Equity
2018-12-27,NASDAQ 100 ETF,153.0500030517578,85824300,Equity
2018-12-28,NASDAQ 100 ETF,152.97000122070312,77856600,Equity
2018-12-31,NASDAQ 100 ETF,154.25999450683594,53015300,Equity
2019-01-02,NASDAQ 100 ETF,154.8800048828125,58576700,Equity
2019-01-03,NASDAQ 100 ETF,149.82000732421875,74820200,Equity
2019-01-04,NASDAQ 100 ETF,156.22999572753906,74709300,Equity
2019-01-07,NASDAQ 100 ETF,158.08999633789062,52059300,Equity
2019-01-08,NASDAQ 100 ETF,159.52000427246094,49388700,Equity
2019-01-09,NASDAQ 100 ETF,160.82000732421875,46491700,Equity
2019-01-10,NASDAQ 100 ETF,161.27999877929688,38943400,Equity
2019-01-11,NASDAQ 100 ETF,160.69000244140625,30176600,Equity
2019-01-14,NASDAQ 100 ETF,159.27000427246094,30710200,Equity
2019-01-15,NASDAQ 100 ETF,162.3800048828125,40874200,Equity
2019-01-16,NASDAQ 100 ETF,162.35000610351562,33812200,Equity
2019-01-17,NASDAQ 100 ETF,163.6300048828125,39329000,Equity
2019-01-18,NASDAQ 100 ETF,165.25,57183200,Equity
2019-01-22,NASDAQ 100 ETF,161.94000244140625,56711700,Equity
2019-01-23,NASDAQ 100 ETF,162.14999389648438,38106100,Equity
2019-01-24,NASDAQ 100 ETF,163.1999969482422,32417800,Equity
2019-01-25,NASDAQ 100 ETF,165.14999389648438,36515900,Equity
2019-01-28,NASDAQ 100 ETF,163.11000061035156,33491200,Equity
2019-01-29,NASDAQ 100 ETF,161.57000732421875,30784200,Equity
2019-01-30,NASDAQ 100 ETF,165.67999267578125,41346500,Equity
2019-01-31,NASDAQ 100 ETF,168.16000366210938,37258400,Equity
2019-02-01,NASDAQ 100 ETF,167.4499969482422,32143700,Equity
2019-02-04,NASDAQ 100 ETF,169.52999877929688,26718800,Equity
2019-02-05,NASDAQ 100 ETF,171.02999877929688,28156400,Equity
2019-02-06,NASDAQ 100 ETF,170.52000427246094,27970000,Equity
2019-02-07,NASDAQ 100 ETF,168.22999572753906,42036200,Equity
2019-02-08,NASDAQ 100 ETF,168.55999755859375,29020700,Equity
2019-02-11,NASDAQ 100 ETF,168.39999389648438,21434100,Equity
2019-02-12,NASDAQ 100 ETF,170.88999938964844,29722100,Equity
2019-02-13,NASDAQ 100 ETF,171.00999450683594,26094100,Equity
2019-02-14,NASDAQ 100 ETF,171.22000122070312,30326800,Equity
2019-02-15,NASDAQ 100 ETF,171.94000244140625,32521700,Equity
2019-02-19,NASDAQ 100 ETF,172.27999877929688,19487700,Equity
2019-02-20,NASDAQ 100 ETF,172.25,32593000,Equity
2019-02-21,NASDAQ 100 ETF,171.6199951171875,25207400,Equity
2019-02-22,NASDAQ 100 ETF,172.88999938964844,27735400,Equity
2019-02-25,NASDAQ 100 ETF,173.52000427246094,32608800,Equity
2019-02-26,NASDAQ 100 ETF,173.6999969482422,21939700,Equity
2019-02-27,NASDAQ 100 ETF,173.58999633789062,25162000,Equity
2019-02-28,NASDAQ 100 ETF,173.19000244140625,25085500,Equity
2019-03-01,NASDAQ 100 ETF,174.38999938964844,31431200,Equity
2019-03-04,NASDAQ 100 ETF,174.4199981689453,38063500,Equity
2019-03-05,NASDAQ 100 ETF,174.5500030517578,22319900,Equity
2019-03-06,NASDAQ 100 ETF,173.55999755859375,27194600,Equity
2019-03-07,NASDAQ 100 ETF,171.42999267578125,39407400,Equity
2019-03-08,NASDAQ 100 ETF,171.1699981689453,39303200,Equity
2019-03-11,NASDAQ 100 ETF,174.72999572753906,30518400,Equity
2019-03-12,NASDAQ 100 ETF,175.69000244140625,33953500,Equity
2019-03-13,NASDAQ 100 ETF,177.00999450683594,42426100,Equity
2019-03-14,NASDAQ 100 ETF,176.7100067138672,23751500,Equity
2019-03-15,NASDAQ 100 ETF,178.35000610351562,38192000,Equity
2019-03-18,NASDAQ 100 ETF,178.4499969482422,32935100,Equity
2019-03-19,NASDAQ 100 ETF,179.0500030517578,36893300,Equity
2019-03-20,NASDAQ 100 ETF,179.75999450683594,50105000,Equity
2019-03-21,NASDAQ 100 ETF,182.57000732421875,42428500,Equity
2019-03-22,NASDAQ 100 ETF,178.55999755859375,70794500,Equity
2019-03-25,NASDAQ 100 ETF,178.22000122070312,46336500,Equity
2019-03-26,NASDAQ 100 ETF,179.0500030517578,33248100,Equity
2019-03-27,NASDAQ 100 ETF,177.89999389648438,37096700,Equity
2019-03-28,NASDAQ 100 ETF,178.30999755859375,30368200,Equity
2019-03-29,NASDAQ 100 ETF,179.66000366210938,35205500,Equity
2019-04-01,NASDAQ 100 ETF,182.0399932861328,30969500,Equity
2019-04-02,NASDAQ 100 ETF,182.72999572753906,22645200,Equity
2019-04-03,NASDAQ 100 ETF,183.77999877929688,31633500,Equity
2019-04-04,NASDAQ 100 ETF,183.7100067138672,28530800,Equity
2019-04-05,NASDAQ 100 ETF,184.66000366210938,25674700,Equity
2019-04-08,NASDAQ 100 ETF,185.1300048828125,22697500,Equity
2019-04-09,NASDAQ 100 ETF,184.47999572753906,25631900,Equity
2019-04-10,NASDAQ 100 ETF,185.47000122070312,24563000,Equity
2019-04-11,NASDAQ 100 ETF,185.02999877929688,20654100,Equity
2019-04-12,NASDAQ 100 ETF,185.8300018310547,24989100,Equity
2019-04-15,NASDAQ 100 ETF,185.86000061035156,21073000,Equity
2019-04-16,NASDAQ 100 ETF,186.5,27195700,Equity
2019-04-17,NASDAQ 100 ETF,187.14999389648438,29651600,Equity
2019-04-18,NASDAQ 100 ETF,187.38999938964844,28580900,Equity
2019-04-22,NASDAQ 100 ETF,187.9199981689453,17936000,Equity
2019-04-23,NASDAQ 100 ETF,190.30999755859375,33665600,Equity
2019-04-24,NASDAQ 100 ETF,189.7100067138672,24977100,Equity
2019-04-25,NASDAQ 100 ETF,190.47999572753906,29517500,Equity
2019-04-26,NASDAQ 100 ETF,190.64999389648438,26359500,Equity
2019-04-29,NASDAQ 100 ETF,191.02000427246094,21716200,Equity
2019-04-30,NASDAQ 100 ETF,189.5399932861328,31495300,Equity
2019-05-01,NASDAQ 100 ETF,188.92999267578125,34797100,Equity
2019-05-02,NASDAQ 100 ETF,188.11000061035156,44110100,Equity
2019-05-03,NASDAQ 100 ETF,191.11000061035156,30386200,Equity
2019-05-06,NASDAQ 100 ETF,189.94000244140625,38371800,Equity
2019-05-07,NASDAQ 100 ETF,186.24000549316406,58818100,Equity
2019-05-08,NASDAQ 100 ETF,185.77000427246094,37165300,Equity
2019-05-09,NASDAQ 100 ETF,184.77000427246094,55351700,Equity
2019-05-10,NASDAQ 100 ETF,185.0,58526400,Equity
2019-05-13,NASDAQ 100 ETF,178.5800018310547,67185800,Equity
2019-05-14,NASDAQ 100 ETF,180.5399932861328,43360600,Equity
2019-05-15,NASDAQ 100 ETF,183.08999633789062,40944500,Equity
2019-05-16,NASDAQ 100 ETF,184.92999267578125,39281200,Equity
2019-05-17,NASDAQ 100 ETF,183.0399932861328,44702300,Equity
2019-05-20,NASDAQ 100 ETF,179.9499969482422,38608300,Equity
2019-05-21,NASDAQ 100 ETF,181.8300018310547,31613800,Equity
2019-05-22,NASDAQ 100 ETF,181.02000427246094,24332600,Equity
2019-05-23,NASDAQ 100 ETF,178.25,45351300,Equity
2019-05-24,NASDAQ 100 ETF,178.16000366210938,25903300,Equity
2019-05-28,NASDAQ 100 ETF,177.49000549316406,24763800,Equity
2019-05-29,NASDAQ 100 ETF,176.02999877929688,42178800,Equity
2019-05-30,NASDAQ 100 ETF,176.77000427246094,30354800,Equity
2019-05-31,NASDAQ 100 ETF,173.9499969482422,45446200,Equity
2019-06-03,NASDAQ 100 ETF,170.1199951171875,75842300,Equity
2019-06-04,NASDAQ 100 ETF,174.91000366210938,47797800,Equity
2019-06-05,NASDAQ 100 ETF,176.2100067138672,34412700,Equity
2019-06-06,NASDAQ 100 ETF,177.61000061035156,29913200,Equity
2019-06-07,NASDAQ 100 ETF,181.0399932861328,45888300,Equity
2019-06-10,NASDAQ 100 ETF,183.14999389648438,41385300,Equity
2019-06-11,NASDAQ 100 ETF,183.39999389648438,41260300,Equity
2019-06-12,NASDAQ 100 ETF,182.33999633789062,27758100,Equity
2019-06-13,NASDAQ 100 ETF,183.4199981689453,23715800,Equity
2019-06-14,NASDAQ 100 ETF,182.63999938964844,22844100,Equity
2019-06-17,NASDAQ 100 ETF,183.74000549316406,20379500,Equity
2019-06-18,NASDAQ 100 ETF,186.41000366210938,48177300,Equity
2019-06-19,NASDAQ 100 ETF,187.11000061035156,31672900,Equity
2019-06-20,NASDAQ 100 ETF,188.85000610351562,40922000,Equity
2019-06-21,NASDAQ 100 ETF,188.57000732421875,39980400,Equity
2019-06-24,NASDAQ 100 ETF,188.16000366210938,19375200,Equity
2019-06-25,NASDAQ 100 ETF,184.92999267578125,33921100,Equity
2019-06-26,NASDAQ 100 ETF,185.7899932861328,22595700,Equity
2019-06-27,NASDAQ 100 ETF,186.5,19709200,Equity
2019-06-28,NASDAQ 100 ETF,186.74000549316406,21179200,Equity
2019-07-01,NASDAQ 100 ETF,189.25999450683594,31025600,Equity
2019-07-02,NASDAQ 100 ETF,190.00999450683594,18035800,Equity
2019-07-03,NASDAQ 100 ETF,191.44000244140625,15792100,Equity
2019-07-05,NASDAQ 100 ETF,191.0500030517578,21415600,Equity
2019-07-08,NASDAQ 100 ETF,189.7100067138672,17598800,Equity
2019-07-09,NASDAQ 100 ETF,190.66000366210938,19193500,Equity
2019-07-10,NASDAQ 100 ETF,192.55999755859375,28374500,Equity
2019-07-11,NASDAQ 100 ETF,192.4199981689453,23736100,Equity
2019-07-12,NASDAQ 100 ETF,193.52999877929688,20211900,Equity
2019-07-15,NASDAQ 100 ETF,194.14999389648438,15606100,Equity
2019-07-16,NASDAQ 100 ETF,193.14999389648438,20190900,Equity
2019-07-17,NASDAQ 100 ETF,192.1999969482422,16765100,Equity
2019-07-18,NASDAQ 100 ETF,192.4199981689453,28877000,Equity
2019-07-19,NASDAQ 100 ETF,191.00999450683594,29387900,Equity
2019-07-22,NASDAQ 100 ETF,192.52999877929688,18954900,Equity
2019-07-23,NASDAQ 100 ETF,193.7899932861328,23786700,Equity
2019-07-24,NASDAQ 100 ETF,195.14999389648438,20422900,Equity
2019-07-25,NASDAQ 100 ETF,193.3000030517578,23434700,Equity
2019-07-26,NASDAQ 100 ETF,195.2899932861328,20431200,Equity
2019-07-29,NASDAQ 100 ETF,194.6199951171875,20451700,Equity
2019-07-30,NASDAQ 100 ETF,193.77999877929688,18705000,Equity
2019-07-31,NASDAQ 100 ETF,191.10000610351562,41627500,Equity
2019-08-01,NASDAQ 100 ETF,190.14999389648438,63251600,Equity
2019-08-02,NASDAQ 100 ETF,187.35000610351562,55214000,Equity
2019-08-05,NASDAQ 100 ETF,180.72999572753906,75040000,Equity
2019-08-06,NASDAQ 100 ETF,183.25999450683594,41897200,Equity
2019-08-07,NASDAQ 100 ETF,184.25,49990600,Equity
2019-08-08,NASDAQ 100 ETF,188.25999450683594,38418100,Equity
2019-08-09,NASDAQ 100 ETF,186.49000549316406,33608900,Equity
2019-08-12,NASDAQ 100 ETF,184.35000610351562,24642900,Equity
2019-08-13,NASDAQ 100 ETF,188.38999938964844,40241900,Equity
2019-08-14,NASDAQ 100 ETF,182.75999450683594,51000500,Equity
2019-08-15,NASDAQ 100 ETF,182.5500030517578,36685000,Equity
2019-08-16,NASDAQ 100 ETF,185.47999572753906,32781400,Equity
2019-08-19,NASDAQ 100 ETF,188.42999267578125,22494100,Equity
2019-08-20,NASDAQ 100 ETF,186.97000122070312,19902900,Equity
2019-08-21,NASDAQ 100 ETF,188.6300048828125,20418500,Equity
2019-08-22,NASDAQ 100 ETF,188.02000427246094,24243700,Equity
2019-08-23,NASDAQ 100 ETF,182.07000732421875,55372400,Equity
2019-08-26,NASDAQ 100 ETF,184.82000732421875,27598900,Equity
2019-08-27,NASDAQ 100 ETF,184.42999267578125,28012800,Equity
2019-08-28,NASDAQ 100 ETF,185.08999633789062,21792400,Equity
2019-08-29,NASDAQ 100 ETF,187.9199981689453,25358900,Equity
2019-08-30,NASDAQ 100 ETF,187.47000122070312,26319800,Equity
2019-09-03,NASDAQ 100 ETF,185.64999389648438,27964200,Equity
2019-09-04,NASDAQ 100 ETF,188.3300018310547,21592100,Equity
2019-09-05,NASDAQ 100 ETF,191.77999877929688,33932600,Equity
2019-09-06,NASDAQ 100 ETF,191.58999633789062,19487800,Equity
2019-09-09,NASDAQ 100 ETF,191.19000244140625,24407600,Equity
2019-09-10,NASDAQ 100 ETF,190.63999938964844,23744700,Equity
2019-09-11,NASDAQ 100 ETF,192.42999267578125,25063600,Equity
2019-09-12,NASDAQ 100 ETF,193.22999572753906,28689900,Equity
2019-09-13,NASDAQ 100 ETF,192.5399932861328,27669800,Equity
2019-09-16,NASDAQ 100 ETF,191.67999267578125,20319000,Equity
2019-09-17,NASDAQ 100 ETF,192.60000610351562,20953400,Equity
2019-09-18,NASDAQ 100 ETF,192.52000427246094,29781300,Equity
2019-09-19,NASDAQ 100 ETF,192.83999633789062,26039400,Equity
2019-09-20,NASDAQ 100 ETF,190.8000030517578,29086100,Equity
2019-09-23,NASDAQ 100 ETF,190.5,22485900,Equity
2019-09-24,NASDAQ 100 ETF,187.97000122070312,40820700,Equity
2019-09-25,NASDAQ 100 ETF,190.0800018310547,34704900,Equity
2019-09-26,NASDAQ 100 ETF,189.3800048828125,26826000,Equity
2019-09-27,NASDAQ 100 ETF,187.02999877929688,40773500,Equity
2019-09-30,NASDAQ 100 ETF,188.80999755859375,26307700,Equity
2019-10-01,NASDAQ 100 ETF,187.27000427246094,32367600,Equity
2019-10-02,NASDAQ 100 ETF,184.0500030517578,48544300,Equity
2019-10-03,NASDAQ 100 ETF,186.07000732421875,39392500,Equity
2019-10-04,NASDAQ 100 ETF,188.80999755859375,31887600,Equity
2019-10-07,NASDAQ 100 ETF,188.24000549316406,21216000,Equity
2019-10-08,NASDAQ 100 ETF,185.4199981689453,32379300,Equity
2019-10-09,NASDAQ 100 ETF,187.22999572753906,20147400,Equity
2019-10-10,NASDAQ 100 ETF,188.67999267578125,25177700,Equity
2019-10-11,NASDAQ 100 ETF,191.11000061035156,40976700,Equity
2019-10-14,NASDAQ 100 ETF,191.08999633789062,14975000,Equity
2019-10-15,NASDAQ 100 ETF,193.52000427246094,23234200,Equity
2019-10-16,NASDAQ 100 ETF,193.0399932861328,20457100,Equity
2019-10-17,NASDAQ 100 ETF,193.5500030517578,19045200,Equity
2019-10-18,NASDAQ 100 ETF,191.69000244140625,27700800,Equity
2019-10-21,NASDAQ 100 ETF,193.38999938964844,15801200,Equity
2019-10-22,NASDAQ 100 ETF,191.85000610351562,22392300,Equity
2019-10-23,NASDAQ 100 ETF,192.22000122070312,14828400,Equity
2019-10-24,NASDAQ 100 ETF,194.08999633789062,18998500,Equity
2019-10-25,NASDAQ 100 ETF,195.63999938964844,21507100,Equity
2019-10-28,NASDAQ 100 ETF,197.57000732421875,18818700,Equity
2019-10-29,NASDAQ 100 ETF,196.0399932861328,18569700,Equity
2019-10-30,NASDAQ 100 ETF,196.99000549316406,21764300,Equity
2019-10-31,NASDAQ 100 ETF,197.0800018310547,26801800,Equity
2019-11-01,NASDAQ 100 ETF,198.8699951171875,22131900,Equity
2019-11-04,NASDAQ 100 ETF,200.10000610351562,19015900,Equity
2019-11-05,NASDAQ 100 ETF,200.2100067138672,15048900,Equity
2019-11-06,NASDAQ 100 ETF,199.75999450683594,19725500,Equity
2019-11-07,NASDAQ 100 ETF,200.42999267578125,17832400,Equity
2019-11-08,NASDAQ 100 ETF,201.22999572753906,15258800,Equity
2019-11-11,NASDAQ 100 ETF,200.9600067138672,10147600,Equity
2019-11-12,NASDAQ 100 ETF,201.5399932861328,14778300,Equity
2019-11-13,NASDAQ 100 ETF,201.58999633789062,15774600,Equity
2019-11-14,NASDAQ 100 ETF,201.42999267578125,16945400,Equity
2019-11-15,NASDAQ 100 ETF,202.91000366210938,18427900,Equity
2019-11-18,NASDAQ 100 ETF,203.07000732421875,18365900,Equity
2019-11-19,NASDAQ 100 ETF,203.3699951171875,16923300,Equity
2019-11-20,NASDAQ 100 ETF,202.14999389648438,36629000,Equity
2019-11-21,NASDAQ 100 ETF,201.6999969482422,17883600,Equity
2019-11-22,NASDAQ 100 ETF,201.8300018310547,17189600,Equity
2019-11-25,NASDAQ 100 ETF,204.22000122070312,17752800,Equity
2019-11-26,NASDAQ 100 ETF,204.61000061035156,14780600,Equity
2019-11-27,NASDAQ 100 ETF,206.0399932861328,16963100,Equity
2019-11-29,NASDAQ 100 ETF,205.10000610351562,9854600,Equity
2019-12-02,NASDAQ 100 ETF,203.0,28007000,Equity
2019-12-03,NASDAQ 100 ETF,201.41000366210938,31104100,Equity
2019-12-04,NASDAQ 100 ETF,202.42999267578125,15300100,Equity
2019-12-05,NASDAQ 100 ETF,202.8300018310547,14962300,Equity
2019-12-06,NASDAQ 100 ETF,205.0,16555300,Equity
2019-12-09,NASDAQ 100 ETF,204.07000732421875,13984100,Equity
2019-12-10,NASDAQ 100 ETF,203.89999389648438,21799800,Equity
2019-12-11,NASDAQ 100 ETF,204.97999572753906,18780800,Equity
2019-12-12,NASDAQ 100 ETF,206.50999450683594,32612000,Equity
2019-12-13,NASDAQ 100 ETF,207.19000244140625,32519400,Equity
2019-12-16,NASDAQ 100 ETF,209.27000427246094,21296600,Equity
2019-12-17,NASDAQ 100 ETF,209.38999938964844,15996100,Equity
2019-12-18,NASDAQ 100 ETF,209.5500030517578,15443300,Equity
2019-12-19,NASDAQ 100 ETF,210.86000061035156,17865900,Equity
2019-12-20,NASDAQ 100 ETF,211.7100067138672,27672600,Equity
2019-12-23,NASDAQ 100 ETF,211.80999755859375,23774700,Equity
2019-12-24,NASDAQ 100 ETF,211.9199981689453,7089000,Equity
2019-12-26,NASDAQ 100 ETF,213.7899932861328,17067500,Equity
2019-12-27,NASDAQ 100 ETF,213.61000061035156,18134100,Equity
2019-12-30,NASDAQ 100 ETF,212.2100067138672,21815500,Equity
2019-12-31,NASDAQ 100 ETF,212.61000061035156,18170900,Equity
2020-01-02,NASDAQ 100 ETF,216.16000366210938,30969400,Equity
2020-01-03,NASDAQ 100 ETF,214.17999267578125,27518900,Equity
2020-01-06,NASDAQ 100 ETF,215.55999755859375,21655300,Equity
2020-01-07,NASDAQ 100 ETF,215.52999877929688,22139300,Equity
2020-01-08,NASDAQ 100 ETF,217.14999389648438,26397300,Equity
2020-01-09,NASDAQ 100 ETF,218.99000549316406,23547000,Equity
2020-01-10,NASDAQ 100 ETF,218.42999267578125,21898500,Equity
2020-01-13,NASDAQ 100 ETF,220.9499969482422,22756900,Equity
2020-01-14,NASDAQ 100 ETF,220.0800018310547,24418100,Equity
2020-01-15,NASDAQ 100 ETF,220.1699981689453,25742100,Equity
2020-01-16,NASDAQ 100 ETF,222.27999877929688,18805000,Equity
2020-01-17,NASDAQ 100 ETF,223.3800048828125,24325200,Equity
2020-01-21,NASDAQ 100 ETF,223.27999877929688,21146300,Equity
2020-01-22,NASDAQ 100 ETF,223.8699951171875,20736400,Equity
2020-01-23,NASDAQ 100 ETF,224.58999633789062,26496100,Equity
2020-01-24,NASDAQ 100 ETF,222.6999969482422,37436500,Equity
2020-01-27,NASDAQ 100 ETF,218.10000610351562,42264400,Equity
2020-01-28,NASDAQ 100 ETF,221.4499969482422,26731900,Equity
2020-01-29,NASDAQ 100 ETF,221.80999755859375,28924500,Equity
2020-01-30,NASDAQ 100 ETF,222.60000610351562,39568100,Equity
2020-01-31,NASDAQ 100 ETF,219.07000732421875,52015800,Equity
2020-02-03,NASDAQ 100 ETF,222.3800048828125,25408600,Equity
2020-02-04,NASDAQ 100 ETF,227.47000122070312,30691200,Equity
2020-02-05,NASDAQ 100 ETF,228.22000122070312,38534800,Equity
2020-02-06,NASDAQ 100 ETF,230.19000244140625,22467100,Equity
2020-02-07,NASDAQ 100 ETF,229.1999969482422,25884900,Equity
2020-02-10,NASDAQ 100 ETF,231.97000122070312,21478900,Equity
2020-02-11,NASDAQ 100 ETF,232.00999450683594,30198000,Equity
2020-02-12,NASDAQ 100 ETF,234.27000427246094,24471300,Equity
2020-02-13,NASDAQ 100 ETF,233.97000122070312,22773200,Equity
2020-02-14,NASDAQ 100 ETF,234.63999938964844,23438500,Equity
2020-02-18,NASDAQ 100 ETF,234.72999572753906,24394500,Equity
2020-02-19,NASDAQ 100 ETF,236.97999572753906,22230500,Equity
2020-02-20,NASDAQ 100 ETF,234.77999877929688,42604000,Equity
2020-02-21,NASDAQ 100 ETF,230.27000427246094,66017200,Equity
2020-02-24,NASDAQ 100 ETF,221.38999938964844,84522600,Equity
2020-02-25,NASDAQ 100 ETF,215.3699951171875,97743000,Equity
2020-02-26,NASDAQ 100 ETF,216.47999572753906,79537700,Equity
2020-02-27,NASDAQ 100 ETF,205.63999938964844,121822600,Equity
2020-02-28,NASDAQ 100 ETF,205.8000030517578,148173700,Equity
2020-03-02,NASDAQ 100 ETF,216.4199981689453,112933900,Equity
2020-03-03,NASDAQ 100 ETF,209.47999572753906,131953500,Equity
2020-03-04,NASDAQ 100 ETF,218.22000122070312,73086200,Equity
2020-03-05,NASDAQ 100 ETF,211.58999633789062,78705500,Equity
2020-03-06,NASDAQ 100 ETF,208.02000427246094,89828400,Equity
2020-03-09,NASDAQ 100 ETF,193.57000732421875,116424000,Equity
2020-03-10,NASDAQ 100 ETF,204.11000061035156,100599200,Equity
2020-03-11,NASDAQ 100 ETF,195.22000122070312,89168800,Equity
2020-03-12,NASDAQ 100 ETF,177.32000732421875,137820700,Equity
2020-03-13,NASDAQ 100 ETF,192.33999633789062,134882000,Equity
2020-03-16,NASDAQ 100 ETF,169.3000030517578,92054400,Equity
2020-03-17,NASDAQ 100 ETF,182.13999938964844,121257100,Equity
2020-03-18,NASDAQ 100 ETF,176.60000610351562,114156300,Equity
2020-03-19,NASDAQ 100 ETF,177.66000366210938,120896500,Equity
2020-03-20,NASDAQ 100 ETF,170.6999969482422,118983900,Equity
2020-03-23,NASDAQ 100 ETF,170.4600067138672,124639800,Equity
2020-03-24,NASDAQ 100 ETF,183.66000366210938,94881800,Equity
2020-03-25,NASDAQ 100 ETF,182.3000030517578,88754900,Equity
2020-03-26,NASDAQ 100 ETF,191.89999389648438,79887600,Equity
2020-03-27,NASDAQ 100 ETF,185.3000030517578,58845000,Equity
2020-03-30,NASDAQ 100 ETF,192.0399932861328,49356900,Equity
2020-03-31,NASDAQ 100 ETF,190.39999389648438,62659300,Equity
2020-04-01,NASDAQ 100 ETF,182.30999755859375,53715400,Equity
2020-04-02,NASDAQ 100 ETF,186.00999450683594,56465300,Equity
2020-04-03,NASDAQ 100 ETF,183.3699951171875,47487600,Equity
2020-04-06,NASDAQ 100 ETF,196.47999572753906,64763500,Equity
2020-04-07,NASDAQ 100 ETF,196.39999389648438,69904500,Equity
2020-04-08,NASDAQ 100 ETF,200.57000732421875,45940400,Equity
2020-04-09,NASDAQ 100 ETF,200.86000061035156,68252600,Equity
2020-04-13,NASDAQ 100 ETF,203.02999877929688,42853900,Equity
2020-04-14,NASDAQ 100 ETF,211.86000061035156,63959600,Equity
2020-04-15,NASDAQ 100 ETF,209.42999267578125,47036000,Equity
2020-04-16,NASDAQ 100 ETF,213.25,64657400,Equity
2020-04-17,NASDAQ 100 ETF,215.2899932861328,62863200,Equity
2020-04-20,NASDAQ 100 ETF,212.74000549316406,38249100,Equity
2020-04-21,NASDAQ 100 ETF,204.88999938964844,72932800,Equity
2020-04-22,NASDAQ 100 ETF,210.97000122070312,40089100,Equity
2020-04-23,NASDAQ 100 ETF,210.52000427246094,43278500,Equity
2020-04-24,NASDAQ 100 ETF,213.83999633789062,34231900,Equity
2020-04-27,NASDAQ 100 ETF,215.55999755859375,36451700,Equity
2020-04-28,NASDAQ 100 ETF,211.5,46862800,Equity
2020-04-29,NASDAQ 100 ETF,219.0,48716400,Equity
2020-04-30,NASDAQ 100 ETF,218.91000366210938,43359500,Equity
2020-05-01,NASDAQ 100 ETF,212.74000549316406,48795000,Equity
2020-05-04,NASDAQ 100 ETF,215.22000122070312,32841000,Equity
2020-05-05,NASDAQ 100 ETF,217.66000366210938,37783100,Equity
2020-05-06,NASDAQ 100 ETF,219.0,36455200,Equity
2020-05-07,NASDAQ 100 ETF,221.82000732421875,38624800,Equity
2020-05-08,NASDAQ 100 ETF,224.86000061035156,31852300,Equity
2020-05-11,NASDAQ 100 ETF,226.8699951171875,35714100,Equity
2020-05-12,NASDAQ 100 ETF,222.1199951171875,41054100,Equity
2020-05-13,NASDAQ 100 ETF,219.33999633789062,65521200,Equity
2020-05-14,NASDAQ 100 ETF,221.8300018310547,51549300,Equity
2020-05-15,NASDAQ 100 ETF,223.27000427246094,55747200,Equity
2020-05-18,NASDAQ 100 ETF,227.42999267578125,42398100,Equity
2020-05-19,NASDAQ 100 ETF,226.86000061035156,36237300,Equity
2020-05-20,NASDAQ 100 ETF,231.38999938964844,37417000,Equity
2020-05-21,NASDAQ 100 ETF,228.8699951171875,43642900,Equity
2020-05-22,NASDAQ 100 ETF,229.66000366210938,28762400,Equity
2020-05-26,NASDAQ 100 ETF,229.0399932861328,33055300,Equity
2020-05-27,NASDAQ 100 ETF,230.2899932861328,55665600,Equity
2020-05-28,NASDAQ 100 ETF,229.99000549316406,42784300,Equity
2020-05-29,NASDAQ 100 ETF,233.36000061035156,50691800,Equity
2020-06-01,NASDAQ 100 ETF,234.05999755859375,25776000,Equity
2020-06-02,NASDAQ 100 ETF,235.6300048828125,33383400,Equity
2020-06-03,NASDAQ 100 ETF,236.69000244140625,37228700,Equity
2020-06-04,NASDAQ 100 ETF,235.02999877929688,38716100,Equity
2020-06-05,NASDAQ 100 ETF,239.69000244140625,47365600,Equity
2020-06-08,NASDAQ 100 ETF,241.5500030517578,32937300,Equity
2020-06-09,NASDAQ 100 ETF,243.3000030517578,35046300,Equity
2020-06-10,NASDAQ 100 ETF,246.22000122070312,58084400,Equity
2020-06-11,NASDAQ 100 ETF,234.02000427246094,72919400,Equity
2020-06-12,NASDAQ 100 ETF,235.8800048828125,72034800,Equity
2020-06-15,NASDAQ 100 ETF,238.75,45307400,Equity
2020-06-16,NASDAQ 100 ETF,242.85000610351562,48890100,Equity
2020-06-17,NASDAQ 100 ETF,243.6199951171875,34749300,Equity
2020-06-18,NASDAQ 100 ETF,244.27999877929688,30578600,Equity
2020-06-19,NASDAQ 100 ETF,244.24000549316406,49422100,Equity
2020-06-22,NASDAQ 100 ETF,246.74000549316406,24068700,Equity
2020-06-23,NASDAQ 100 ETF,248.83999633789062,32767400,Equity
2020-06-24,NASDAQ 100 ETF,243.7100067138672,46032400,Equity
2020-06-25,NASDAQ 100 ETF,246.02999877929688,36940800,Equity
2020-06-26,NASDAQ 100 ETF,240.22000122070312,52824600,Equity
2020-06-29,NASDAQ 100 ETF,242.83999633789062,34377800,Equity
2020-06-30,NASDAQ 100 ETF,247.60000610351562,38909200,Equity
2020-07-01,NASDAQ 100 ETF,250.49000549316406,34689200,Equity
2020-07-02,NASDAQ 100 ETF,252.19000244140625,31956500,Equity
2020-07-06,NASDAQ 100 ETF,258.3900146484375,34589000,Equity
2020-07-07,NASDAQ 100 ETF,256.6099853515625,36578200,Equity
2020-07-08,NASDAQ 100 ETF,259.989990234375,30426300,Equity
2020-07-09,NASDAQ 100 ETF,262.17999267578125,40312900,Equity
2020-07-10,NASDAQ 100 ETF,263.9700012207031,32885300,Equity
2020-07-13,NASDAQ 100 ETF,258.5400085449219,64108100,Equity
2020-07-14,NASDAQ 100 ETF,260.3699951171875,72230500,Equity
2020-07-15,NASDAQ 100 ETF,260.8999938964844,54523900,Equity
2020-07-16,NASDAQ 100 ETF,259.1199951171875,47594100,Equity
2020-07-17,NASDAQ 100 ETF,259.4200134277344,35137900,Equity
2020-07-20,NASDAQ 100 ETF,266.7799987792969,40610100,Equity
2020-07-21,NASDAQ 100 ETF,264.0,43243800,Equity
2020-07-22,NASDAQ 100 ETF,264.92999267578125,29865500,Equity
2020-07-23,NASDAQ 100 ETF,258.010009765625,51363500,Equity
2020-07-24,NASDAQ 100 ETF,255.55999755859375,54054500,Equity
2020-07-27,NASDAQ 100 ETF,260.1199951171875,36445700,Equity
2020-07-28,NASDAQ 100 ETF,256.80999755859375,31302400,Equity
2020-07-29,NASDAQ 100 ETF,259.7699890136719,27556900,Equity
2020-07-30,NASDAQ 100 ETF,261.1300048828125,41774500,Equity
2020-07-31,NASDAQ 100 ETF,265.7900085449219,53686300,Equity
2020-08-03,NASDAQ 100 ETF,269.3800048828125,32081600,Equity
2020-08-04,NASDAQ 100 ETF,270.3800048828125,24911300,Equity
2020-08-05,NASDAQ 100 ETF,271.04998779296875,21612100,Equity
2020-08-06,NASDAQ 100 ETF,274.6400146484375,28048200,Equity
2020-08-07,NASDAQ 100 ETF,271.4700012207031,44969400,Equity
2020-08-10,NASDAQ 100 ETF,270.30999755859375,35088400,Equity
2020-08-11,NASDAQ 100 ETF,265.19000244140625,43104300,Equity
2020-08-12,NASDAQ 100 ETF,271.8599853515625,38773400,Equity
2020-08-13,NASDAQ 100 ETF,272.4800109863281,31895700,Equity
2020-08-14,NASDAQ 100 ETF,272.1600036621094,30799500,Equity
2020-08-17,NASDAQ 100 ETF,275.32000732421875,24803000,Equity
2020-08-18,NASDAQ 100 ETF,277.9700012207031,23529500,Equity
2020-08-19,NASDAQ 100 ETF,276.1000061035156,31999400,Equity
2020-08-20,NASDAQ 100 ETF,279.92999267578125,27723400,Equity
2020-08-21,NASDAQ 100 ETF,281.8699951171875,34748900,Equity
2020-08-24,NASDAQ 100 ETF,283.6300048828125,36418500,Equity
2020-08-25,NASDAQ 100 ETF,285.8599853515625,34866600,Equity
2020-08-26,NASDAQ 100 ETF,291.9599914550781,42216700,Equity
2020-08-27,NASDAQ 100 ETF,291.04998779296875,49482700,Equity
2020-08-28,NASDAQ 100 ETF,292.5299987792969,28021000,Equity
2020-08-31,NASDAQ 100 ETF,294.8800048828125,36321000,Equity
2020-09-01,NASDAQ 100 ETF,299.9200134277344,36216200,Equity
2020-09-02,NASDAQ 100 ETF,302.760009765625,50836800,Equity
2020-09-03,NASDAQ 100 ETF,287.4100036621094,110083300,Equity
2020-09-04,NASDAQ 100 ETF,283.5799865722656,123959000,Equity
2020-09-08,NASDAQ 100 ETF,269.95001220703125,99568600,Equity
2020-09-09,NASDAQ 100 ETF,277.8800048828125,64837900,Equity
2020-09-10,NASDAQ 100 ETF,272.3399963378906,69667500,Equity
2020-09-11,NASDAQ 100 ETF,270.45001220703125,71809000,Equity
2020-09-14,NASDAQ 100 ETF,275.1600036621094,38525200,Equity
2020-09-15,NASDAQ 100 ETF,279.05999755859375,41849900,Equity
2020-09-16,NASDAQ 100 ETF,274.6099853515625,42321000,Equity
2020-09-17,NASDAQ 100 ETF,270.32000732421875,81570800,Equity
2020-09-18,NASDAQ 100 ETF,266.8699951171875,86251100,Equity
2020-09-21,NASDAQ 100 ETF,267.510009765625,57168600,Equity
2020-09-22,NASDAQ 100 ETF,272.4800109863281,41128900,Equity
2020-09-23,NASDAQ 100 ETF,264.1600036621094,48837300,Equity
2020-09-24,NASDAQ 100 ETF,265.3900146484375,70631700,Equity
2020-09-25,NASDAQ 100 ETF,271.55999755859375,55242400,Equity
2020-09-28,NASDAQ 100 ETF,277.20001220703125,58438300,Equity
2020-09-29,NASDAQ 100 ETF,275.95001220703125,27050000,Equity
2020-09-30,NASDAQ 100 ETF,277.8399963378906,49380800,Equity
2020-10-01,NASDAQ 100 ETF,282.25,50020200,Equity
2020-10-02,NASDAQ 100 ETF,274.30999755859375,75497400,Equity
2020-10-05,NASDAQ 100 ETF,280.1600036621094,28184600,Equity
2020-10-06,NASDAQ 100 ETF,275.1600036621094,49704200,Equity
2020-10-07,NASDAQ 100 ETF,279.9200134277344,27539700,Equity
2020-10-08,NASDAQ 100 ETF,281.4100036621094,25443300,Equity
2020-10-09,NASDAQ 100 ETF,285.7099914550781,30201100,Equity
2020-10-12,NASDAQ 100 ETF,294.5299987792969,79370700,Equity
2020-10-13,NASDAQ 100 ETF,294.5199890136719,64240000,Equity
2020-10-14,NASDAQ 100 ETF,292.05999755859375,36949100,Equity
2020-10-15,NASDAQ 100 ETF,290.1000061035156,42514200,Equity
2020-10-16,NASDAQ 100 ETF,288.510009765625,40570700,Equity
2020-10-19,NASDAQ 100 ETF,283.79998779296875,36756800,Equity
2020-10-20,NASDAQ 100 ETF,284.4100036621094,32195400,Equity
2020-10-21,NASDAQ 100 ETF,284.19000244140625,29306100,Equity
2020-10-22,NASDAQ 100 ETF,284.17999267578125,32196200,Equity
2020-10-23,NASDAQ 100 ETF,284.739990234375,24658500,Equity
2020-10-26,NASDAQ 100 ETF,280.4700012207031,38421100,Equity
2020-10-27,NASDAQ 100 ETF,282.6600036621094,30559100,Equity
2020-10-28,NASDAQ 100 ETF,271.6400146484375,53413500,Equity
2020-10-29,NASDAQ 100 ETF,276.3900146484375,43246300,Equity
2020-10-30,NASDAQ 100 ETF,269.3800048828125,65838300,Equity
2020-11-02,NASDAQ 100 ETF,269.9800109863281,39987400,Equity
2020-11-03,NASDAQ 100 ETF,274.6499938964844,43604100,Equity
2020-11-04,NASDAQ 100 ETF,286.9100036621094,75728200,Equity
2020-11-05,NASDAQ 100 ETF,294.3900146484375,52054200,Equity
2020-11-06,NASDAQ 100 ETF,294.6099853515625,40959800,Equity
2020-11-09,NASDAQ 100 ETF,288.5899963378906,86537100,Equity
2020-11-10,NASDAQ 100 ETF,283.4200134277344,69024900,Equity
2020-11-11,NASDAQ 100 ETF,289.760009765625,36102900,Equity
2020-11-12,NASDAQ 100 ETF,288.3999938964844,34414600,Equity
2020-11-13,NASDAQ 100 ETF,290.92999267578125,24806900,Equity
2020-11-16,NASDAQ 100 ETF,293.20001220703125,30168400,Equity
2020-11-17,NASDAQ 100 ETF,292.2699890136719,21843500,Equity
2020-11-18,NASDAQ 100 ETF,290.1099853515625,28069600,Equity
2020-11-19,NASDAQ 100 ETF,292.3800048828125,22718400,Equity
2020-11-20,NASDAQ 100 ETF,290.3800048828125,25907300,Equity
2020-11-23,NASDAQ 100 ETF,290.3900146484375,26875600,Equity
2020-11-24,NASDAQ 100 ETF,294.4700012207031,24516800,Equity
2020-11-25,NASDAQ 100 ETF,296.2799987792969,23326800,Equity
2020-11-27,NASDAQ 100 ETF,299.010009765625,17163100,Equity
2020-11-30,NASDAQ 100 ETF,299.6199951171875,27836200,Equity
2020-12-01,NASDAQ 100 ETF,303.4599914550781,27521300,Equity
2020-12-02,NASDAQ 100 ETF,303.8500061035156,23620000,Equity
2020-12-03,NASDAQ 100 ETF,304.2799987792969,22828700,Equity
2020-12-04,NASDAQ 100 ETF,305.5199890136719,19332100,Equity
2020-12-07,NASDAQ 100 ETF,307.25,20851000,Equity
2020-12-08,NASDAQ 100 ETF,308.2900085449219,18341500,Equity
2020-12-09,NASDAQ 100 ETF,301.30999755859375,48839300,Equity
2020-12-10,NASDAQ 100 ETF,302.5199890136719,27519500,Equity
2020-12-11,NASDAQ 100 ETF,301.8500061035156,26760400,Equity
2020-12-14,NASDAQ 100 ETF,304.0400085449219,28804800,Equity
2020-12-15,NASDAQ 100 ETF,307.2900085449219,25709000,Equity
2020-12-16,NASDAQ 100 ETF,308.9800109863281,25461900,Equity
2020-12-17,NASDAQ 100 ETF,311.0,23730500,Equity
2020-12-18,NASDAQ 100 ETF,310.05999755859375,41173400,Equity
2020-12-21,NASDAQ 100 ETF,308.9200134277344,37095500,Equity
2020-12-22,NASDAQ 100 ETF,309.760009765625,26176300,Equity
2020-12-23,NASDAQ 100 ETF,308.20001220703125,21201300,Equity
2020-12-24,NASDAQ 100 ETF,309.55999755859375,16785000,Equity
2020-12-28,NASDAQ 100 ETF,312.67999267578125,22497700,Equity
2020-12-29,NASDAQ 100 ETF,312.9599914550781,25871900,Equity
2020-12-30,NASDAQ 100 ETF,312.9700012207031,18138100,Equity
2020-12-31,NASDAQ 100 ETF,313.739990234375,21611400,Equity
2021-01-04,NASDAQ 100 ETF,309.30999755859375,45305900,Equity
2021-01-05,NASDAQ 100 ETF,311.8599853515625,29323400,Equity
2021-01-06,NASDAQ 100 ETF,307.5400085449219,52809600,Equity
2021-01-07,NASDAQ 100 ETF,314.9800109863281,30394800,Equity
2021-01-08,NASDAQ 100 ETF,319.0299987792969,33955800,Equity
2021-01-11,NASDAQ 100 ETF,314.4200134277344,32746400,Equity
2021-01-12,NASDAQ 100 ETF,313.9200134277344,29266800,Equity
2021-01-13,NASDAQ 100 ETF,316.0400085449219,22898400,Equity
2021-01-14,NASDAQ 100 ETF,314.3500061035156,23500100,Equity
2021-01-15,NASDAQ 100 ETF,311.8599853515625,35118700,Equity
2021-01-19,NASDAQ 100 ETF,316.4100036621094,24537000,Equity
2021-01-20,NASDAQ 100 ETF,323.7699890136719,30728100,Equity
2021-01-21,NASDAQ 100 ETF,326.3599853515625,25130600,Equity
2021-01-22,NASDAQ 100 ETF,325.4200134277344,21609400,Equity
2021-01-25,NASDAQ 100 ETF,328.1099853515625,39080600,Equity
2021-01-26,NASDAQ 100 ETF,328.5899963378906,25498100,Equity
2021-01-27,NASDAQ 100 ETF,319.42999267578125,55264000,Equity
2021-01-28,NASDAQ 100 ETF,321.32000732421875,42836300,Equity
2021-01-29,NASDAQ 100 ETF,314.55999755859375,55259000,Equity
2021-02-01,NASDAQ 100 ETF,322.4200134277344,35646000,Equity
2021-02-02,NASDAQ 100 ETF,327.67999267578125,33930800,Equity
2021-02-03,NASDAQ 100 ETF,326.3800048828125,24824500,Equity
2021-02-04,NASDAQ 100 ETF,330.239990234375,22350900,Equity
2021-02-05,NASDAQ 100 ETF,331.3599853515625,22732000,Equity
2021-02-08,NASDAQ 100 ETF,333.5799865722656,20462800,Equity
2021-02-09,NASDAQ 100 ETF,333.510009765625,17597500,Equity
2021-02-10,NASDAQ 100 ETF,332.75,28068700,Equity
2021-02-11,NASDAQ 100 ETF,334.5799865722656,22046100,Equity
2021-02-12,NASDAQ 100 ETF,336.45001220703125,20346800,Equity
2021-02-16,NASDAQ 100 ETF,335.5400085449219,27080800,Equity
2021-02-17,NASDAQ 100 ETF,333.92999267578125,31360300,Equity
2021-02-18,NASDAQ 100 ETF,332.4700012207031,32236200,Equity
2021-02-19,NASDAQ 100 ETF,331.0199890136719,39157700,Equity
2021-02-22,NASDAQ 100 ETF,322.44000244140625,47256900,Equity
2021-02-23,NASDAQ 100 ETF,321.4800109863281,97241900,Equity
2021-02-24,NASDAQ 100 ETF,324.1300048828125,58206300,Equity
2021-02-25,NASDAQ 100 ETF,312.8299865722656,110182600,Equity
2021-02-26,NASDAQ 100 ETF,314.1400146484375,104739800,Equity
2021-03-01,NASDAQ 100 ETF,323.5899963378906,49164500,Equity
2021-03-02,NASDAQ 100 ETF,318.3999938964844,48370000,Equity
2021-03-03,NASDAQ 100 ETF,309.1600036621094,86301100,Equity
2021-03-04,NASDAQ 100 ETF,304.1000061035156,139131600,Equity
2021-03-05,NASDAQ 100 ETF,308.67999267578125,121523700,Equity
2021-03-08,NASDAQ 100 ETF,299.94000244140625,88409800,Equity
2021-03-09,NASDAQ 100 ETF,311.7699890136719,80391100,Equity
2021-03-10,NASDAQ 100 ETF,310.8800048828125,76798100,Equity
2021-03-11,NASDAQ 100 ETF,318.0400085449219,53484800,Equity
2021-03-12,NASDAQ 100 ETF,315.4599914550781,69315600,Equity
2021-03-15,NASDAQ 100 ETF,318.8299865722656,42955700,Equity
2021-03-16,NASDAQ 100 ETF,320.5799865722656,54925900,Equity
2021-03-17,NASDAQ 100 ETF,321.8999938964844,78258700,Equity
2021-03-18,NASDAQ 100 ETF,312.0400085449219,82718100,Equity
2021-03-19,NASDAQ 100 ETF,313.1400146484375,78446200,Equity
2021-03-22,NASDAQ 100 ETF,318.6099853515625,56194800,Equity
2021-03-23,NASDAQ 100 ETF,317.2200012207031,53455400,Equity
2021-03-24,NASDAQ 100 ETF,311.8699951171875,64803700,Equity
2021-03-25,NASDAQ 100 ETF,311.3299865722656,78729000,Equity
2021-03-26,NASDAQ 100 ETF,316.0,63519600,Equity
2021-03-29,NASDAQ 100 ETF,315.9100036621094,54608000,Equity
2021-03-30,NASDAQ 100 ETF,314.32000732421875,44635700,Equity
2021-03-31,NASDAQ 100 ETF,319.1300048828125,55032500,Equity
2021-04-01,NASDAQ 100 ETF,324.57000732421875,55685600,Equity
2021-04-05,NASDAQ 100 ETF,331.04998779296875,42172500,Equity
2021-04-06,NASDAQ 100 ETF,330.82000732421875,33537200,Equity
2021-04-07,NASDAQ 100 ETF,331.6199951171875,32046400,Equity
2021-04-08,NASDAQ 100 ETF,335.0799865722656,29940800,Equity
2021-04-09,NASDAQ 100 ETF,337.1099853515625,36664900,Equity
2021-04-12,NASDAQ 100 ETF,336.6700134277344,25833000,Equity
2021-04-13,NASDAQ 100 ETF,340.6000061035156,30374000,Equity
2021-04-14,NASDAQ 100 ETF,336.510009765625,42564300,Equity
2021-04-15,NASDAQ 100 ETF,341.6099853515625,36342800,Equity
2021-04-16,NASDAQ 100 ETF,342.010009765625,40860100,Equity
2021-04-19,NASDAQ 100 ETF,338.8800048828125,34533100,Equity
2021-04-20,NASDAQ 100 ETF,336.4100036621094,38081800,Equity
2021-04-21,NASDAQ 100 ETF,339.2900085449219,36598100,Equity
2021-04-22,NASDAQ 100 ETF,335.20001220703125,45936100,Equity
2021-04-23,NASDAQ 100 ETF,339.4200134277344,36381900,Equity
2021-04-26,NASDAQ 100 ETF,341.6300048828125,30812000,Equity
2021-04-27,NASDAQ 100 ETF,340.1499938964844,33187200,Equity
2021-04-28,NASDAQ 100 ETF,339.0,33615700,Equity
2021-04-29,NASDAQ 100 ETF,340.2200012207031,37708900,Equity
2021-04-30,NASDAQ 100 ETF,337.989990234375,38263400,Equity
2021-05-03,NASDAQ 100 ETF,336.19000244140625,29729700,Equity
2021-05-04,NASDAQ 100 ETF,330.1400146484375,65147000,Equity
2021-05-05,NASDAQ 100 ETF,329.0299987792969,46219300,Equity
2021-05-06,NASDAQ 100 ETF,331.510009765625,46814300,Equity
2021-05-07,NASDAQ 100 ETF,334.20001220703125,53324500,Equity
2021-05-10,NASDAQ 100 ETF,325.760009765625,60700500,Equity
2021-05-11,NASDAQ 100 ETF,325.30999755859375,71963600,Equity
2021-05-12,NASDAQ 100 ETF,316.8900146484375,91164900,Equity
2021-05-13,NASDAQ 100 ETF,319.3399963378906,69877800,Equity
2021-05-14,NASDAQ 100 ETF,326.3900146484375,44370000,Equity
2021-05-17,NASDAQ 100 ETF,324.4100036621094,39395000,Equity
2021-05-18,NASDAQ 100 ETF,322.2200012207031,36528500,Equity
2021-05-19,NASDAQ 100 ETF,322.5899963378906,66319100,Equity
2021-05-20,NASDAQ 100 ETF,328.8299865722656,46466100,Equity
2021-05-21,NASDAQ 100 ETF,327.010009765625,50330400,Equity
2021-05-24,NASDAQ 100 ETF,332.510009765625,32475800,Equity
2021-05-25,NASDAQ 100 ETF,332.9700012207031,31280300,Equity
2021-05-26,NASDAQ 100 ETF,334.1300048828125,25444900,Equity
2021-05-27,NASDAQ 100 ETF,332.8800048828125,27931700,Equity
2021-05-28,NASDAQ 100 ETF,333.92999267578125,29927400,Equity
2021-06-01,NASDAQ 100 ETF,332.82000732421875,31145400,Equity
2021-06-02,NASDAQ 100 ETF,333.4700012207031,22047900,Equity
2021-06-03,NASDAQ 100 ETF,330.0,37057800,Equity
2021-06-04,NASDAQ 100 ETF,335.6000061035156,38736500,Equity
2021-06-07,NASDAQ 100 ETF,336.6000061035156,32611900,Equity
2021-06-08,NASDAQ 100 ETF,336.760009765625,27282800,Equity
2021-06-09,NASDAQ 100 ETF,336.8399963378906,21485300,Equity
2021-06-10,NASDAQ 100 ETF,340.3500061035156,33702100,Equity
2021-06-11,NASDAQ 100 ETF,341.239990234375,21222800,Equity
2021-06-14,NASDAQ 100 ETF,344.510009765625,27827700,Equity
2021-06-15,NASDAQ 100 ETF,342.260009765625,35963800,Equity
2021-06-16,NASDAQ 100 ETF,341.010009765625,55399500,Equity
2021-06-17,NASDAQ 100 ETF,345.3399963378906,59722700,Equity
2021-06-18,NASDAQ 100 ETF,342.6300048828125,55414900,Equity
2021-06-21,NASDAQ 100 ETF,344.3599853515625,32992600,Equity
2021-06-22,NASDAQ 100 ETF,347.57000732421875,28941600,Equity
2021-06-23,NASDAQ 100 ETF,347.739990234375,27188500,Equity
2021-06-24,NASDAQ 100 ETF,349.8900146484375,32581600,Equity
2021-06-25,NASDAQ 100 ETF,349.4599914550781,28682800,Equity
2021-06-28,NASDAQ 100 ETF,353.7099914550781,39130300,Equity
2021-06-29,NASDAQ 100 ETF,354.989990234375,29426000,Equity
2021-06-30,NASDAQ 100 ETF,354.42999267578125,32724000,Equity
2021-07-01,NASDAQ 100 ETF,354.57000732421875,29290000,Equity
2021-07-02,NASDAQ 100 ETF,358.6400146484375,32727200,Equity
2021-07-06,NASDAQ 100 ETF,360.19000244140625,38842400,Equity
2021-07-07,NASDAQ 100 ETF,360.95001220703125,35265200,Equity
2021-07-08,NASDAQ 100 ETF,358.7699890136719,50890000,Equity
2021-07-09,NASDAQ 100 ETF,361.010009765625,35184500,Equity
2021-07-12,NASDAQ 100 ETF,362.4200134277344,25717700,Equity
2021-07-13,NASDAQ 100 ETF,362.4200134277344,39723000,Equity
2021-07-14,NASDAQ 100 ETF,363.07000732421875,35336400,Equity
2021-07-15,NASDAQ 100 ETF,360.5199890136719,53391600,Equity
2021-07-16,NASDAQ 100 ETF,357.6000061035156,47262000,Equity
2021-07-19,NASDAQ 100 ETF,354.6700134277344,64404600,Equity
2021-07-20,NASDAQ 100 ETF,358.7900085449219,42183700,Equity
2021-07-21,NASDAQ 100 ETF,361.55999755859375,30259900,Equity
2021-07-22,NASDAQ 100 ETF,363.95001220703125,30252200,Equity
2021-07-23,NASDAQ 100 ETF,368.20001220703125,31960800,Equity
2021-07-26,NASDAQ 100 ETF,368.489990234375,28438100,Equity
2021-07-27,NASDAQ 100 ETF,364.42999267578125,57933100,Equity
2021-07-28,NASDAQ 100 ETF,365.8299865722656,42066200,Equity
2021-07-29,NASDAQ 100 ETF,366.4800109863281,25672500,Equity
2021-07-30,NASDAQ 100 ETF,364.57000732421875,36484600,Equity
2021-08-02,NASDAQ 100 ETF,364.6000061035156,27334100,Equity
2021-08-03,NASDAQ 100 ETF,366.80999755859375,35558500,Equity
2021-08-04,NASDAQ 100 ETF,367.3399963378906,29602200,Equity
2021-08-05,NASDAQ 100 ETF,369.6700134277344,21443900,Equity
2021-08-06,NASDAQ 100 ETF,368.04998779296875,33332100,Equity
2021-08-09,NASDAQ 100 ETF,368.7300109863281,25960200,Equity
2021-08-10,NASDAQ 100 ETF,366.8399963378906,35130800,Equity
2021-08-11,NASDAQ 100 ETF,366.2099914550781,34249800,Equity
2021-08-12,NASDAQ 100 ETF,367.5299987792969,25969200,Equity
2021-08-13,NASDAQ 100 ETF,368.82000732421875,19336200,Equity
2021-08-16,NASDAQ 100 ETF,368.9800109863281,34856900,Equity
2021-08-17,NASDAQ 100 ETF,365.7300109863281,44793900,Equity
2021-08-18,NASDAQ 100 ETF,362.2099914550781,38541900,Equity
2021-08-19,NASDAQ 100 ETF,363.9599914550781,48499400,Equity
2021-08-20,NASDAQ 100 ETF,367.7300109863281,39486000,Equity
2021-08-23,NASDAQ 100 ETF,373.2300109863281,34034700,Equity
2021-08-24,NASDAQ 100 ETF,374.3699951171875,21732900,Equity
2021-08-25,NASDAQ 100 ETF,374.79998779296875,20441900,Equity
2021-08-26,NASDAQ 100 ETF,372.4200134277344,29133300,Equity
2021-08-27,NASDAQ 100 ETF,376.0400085449219,27104700,Equity
2021-08-30,NASDAQ 100 ETF,380.260009765625,27295700,Equity
2021-08-31,NASDAQ 100 ETF,379.95001220703125,29628200,Equity
2021-09-01,NASDAQ 100 ETF,380.5799865722656,28138300,Equity
2021-09-02,NASDAQ 100 ETF,380.3999938964844,25453400,Equity
2021-09-03,NASDAQ 100 ETF,381.57000732421875,24605400,Equity
2021-09-07,NASDAQ 100 ETF,382.1099853515625,23970200,Equity
2021-09-08,NASDAQ 100 ETF,380.7799987792969,32949200,Equity
2021-09-09,NASDAQ 100 ETF,379.4700012207031,29399000,Equity
2021-09-10,NASDAQ 100 ETF,376.5899963378906,40249400,Equity
2021-09-13,NASDAQ 100 ETF,376.3299865722656,48741800,Equity
2021-09-14,NASDAQ 100 ETF,375.260009765625,41826600,Equity
2021-09-15,NASDAQ 100 ETF,378.04998779296875,34097900,Equity
2021-09-16,NASDAQ 100 ETF,378.30999755859375,35193100,Equity
2021-09-17,NASDAQ 100 ETF,373.8299865722656,60912300,Equity
2021-09-20,NASDAQ 100 ETF,365.70001220703125,76203200,Equity
2021-09-21,NASDAQ 100 ETF,366.1499938964844,41927500,Equity
2021-09-22,NASDAQ 100 ETF,369.57000732421875,46972900,Equity
2021-09-23,NASDAQ 100 ETF,372.9800109863281,44652000,Equity
2021-09-24,NASDAQ 100 ETF,373.3299865722656,36056800,Equity
2021-09-27,NASDAQ 100 ETF,370.3500061035156,43338100,Equity
2021-09-28,NASDAQ 100 ETF,359.8699951171875,97701600,Equity
2021-09-29,NASDAQ 100 ETF,359.2799987792969,58076600,Equity
2021-09-30,NASDAQ 100 ETF,357.9599914550781,61384600,Equity
2021-10-01,NASDAQ 100 ETF,360.17999267578125,56375500,Equity
2021-10-04,NASDAQ 100 ETF,352.6199951171875,76766000,Equity
2021-10-05,NASDAQ 100 ETF,357.3800048828125,47232900,Equity
2021-10-06,NASDAQ 100 ETF,359.6700134277344,56806500,Equity
2021-10-07,NASDAQ 100 ETF,362.9700012207031,39411200,Equity
2021-10-08,NASDAQ 100 ETF,361.1600036621094,41822300,Equity
2021-10-11,NASDAQ 100 ETF,358.3900146484375,34847200,Equity
2021-10-12,NASDAQ 100 ETF,357.1400146484375,43905100,Equity
2021-10-13,NASDAQ 100 ETF,360.0,40120800,Equity
2021-10-14,NASDAQ 100 ETF,366.6300048828125,43433900,Equity
2021-10-15,NASDAQ 100 ETF,368.94000244140625,40419900,Equity
2021-10-18,NASDAQ 100 ETF,372.6499938964844,34513500,Equity
2021-10-19,NASDAQ 100 ETF,375.4700012207031,29091000,Equity
2021-10-20,NASDAQ 100 ETF,374.9800109863281,31390300,Equity
2021-10-21,NASDAQ 100 ETF,377.2699890136719,25469300,Equity
2021-10-22,NASDAQ 100 ETF,374.1000061035156,36275800,Equity
2021-10-25,NASDAQ 100 ETF,377.92999267578125,32597800,Equity
2021-10-26,NASDAQ 100 ETF,379.1199951171875,47191300,Equity
2021-10-27,NASDAQ 100 ETF,380.0,45760500,Equity
2021-10-28,NASDAQ 100 ETF,384.2200012207031,38007000,Equity
2021-10-29,NASDAQ 100 ETF,386.1099853515625,37310100,Equity
2021-11-01,NASDAQ 100 ETF,387.42999267578125,30765300,Equity
2021-11-02,NASDAQ 100 ETF,389.04998779296875,25135300,Equity
2021-11-03,NASDAQ 100 ETF,393.17999267578125,33748900,Equity
2021-11-04,NASDAQ 100 ETF,398.2200012207031,40265300,Equity
2021-11-05,NASDAQ 100 ETF,398.6000061035156,43383800,Equity
2021-11-08,NASDAQ 100 ETF,398.05999755859375,29256300,Equity
2021-11-09,NASDAQ 100 ETF,395.32000732421875,50490700,Equity
2021-11-10,NASDAQ 100 ETF,389.510009765625,54937400,Equity
2021-11-11,NASDAQ 100 ETF,390.5899963378906,32243000,Equity
2021-11-12,NASDAQ 100 ETF,394.70001220703125,34730600,Equity
2021-11-15,NASDAQ 100 ETF,394.6099853515625,33716900,Equity
2021-11-16,NASDAQ 100 ETF,397.4200134277344,27872900,Equity
2021-11-17,NASDAQ 100 ETF,397.6300048828125,28703300,Equity
2021-11-18,NASDAQ 100 ETF,401.75,45721500,Equity
2021-11-19,NASDAQ 100 ETF,403.989990234375,45191700,Equity
2021-11-22,NASDAQ 100 ETF,399.29998779296875,61715400,Equity
2021-11-23,NASDAQ 100 ETF,397.4800109863281,70098700,Equity
2021-11-24,NASDAQ 100 ETF,398.760009765625,46954400,Equity
2021-11-26,NASDAQ 100 ETF,391.20001220703125,51533300,Equity
2021-11-29,NASDAQ 100 ETF,399.69000244140625,54447100,Equity
2021-11-30,NASDAQ 100 ETF,393.82000732421875,81332700,Equity
2021-12-01,NASDAQ 100 ETF,387.1199951171875,77766500,Equity
2021-12-02,NASDAQ 100 ETF,389.9100036621094,84416600,Equity
2021-12-03,NASDAQ 100 ETF,383.1300048828125,105349100,Equity
2021-12-06,NASDAQ 100 ETF,386.20001220703125,67588800,Equity
2021-12-07,NASDAQ 100 ETF,397.8299865722656,56005300,Equity
2021-12-08,NASDAQ 100 ETF,399.6099853515625,39204000,Equity
2021-12-09,NASDAQ 100 ETF,393.7300109863281,49973700,Equity
2021-12-10,NASDAQ 100 ETF,398.010009765625,52545800,Equity
2021-12-13,NASDAQ 100 ETF,392.260009765625,50166400,Equity
2021-12-14,NASDAQ 100 ETF,388.20001220703125,75199200,Equity
2021-12-15,NASDAQ 100 ETF,397.04998779296875,73858000,Equity
2021-12-16,NASDAQ 100 ETF,386.8399963378906,82591400,Equity
2021-12-17,NASDAQ 100 ETF,384.9100036621094,80492500,Equity
2021-12-20,NASDAQ 100 ETF,380.69000244140625,65336800,Equity
2021-12-21,NASDAQ 100 ETF,389.2099914550781,48899500,Equity
2021-12-22,NASDAQ 100 ETF,393.95001220703125,37042200,Equity
2021-12-23,NASDAQ 100 ETF,396.9200134277344,29595500,Equity
2021-12-27,NASDAQ 100 ETF,403.4800109863281,32820700,Equity
2021-12-28,NASDAQ 100 ETF,401.6099853515625,33113700,Equity
2021-12-29,NASDAQ 100 ETF,401.54998779296875,32248500,Equity
2021-12-30,NASDAQ 100 ETF,400.3500061035156,23850100,Equity
2021-12-31,NASDAQ 100 ETF,397.8500061035156,34752900,Equity
2022-01-03,NASDAQ 100 ETF,401.67999267578125,40575900,Equity
2022-01-04,NASDAQ 100 ETF,396.4700012207031,58027200,Equity
2022-01-05,NASDAQ 100 ETF,384.2900085449219,75739800,Equity
2022-01-06,NASDAQ 100 ETF,384.0199890136719,70814300,Equity
2022-01-07,NASDAQ 100 ETF,379.8599853515625,72652300,Equity
2022-01-10,NASDAQ 100 ETF,380.1099853515625,91770500,Equity
2022-01-11,NASDAQ 100 ETF,385.82000732421875,68295700,Equity
2022-01-12,NASDAQ 100 ETF,387.3500061035156,54576400,Equity
2022-01-13,NASDAQ 100 ETF,377.6600036621094,77994000,Equity
2022-01-14,NASDAQ 100 ETF,380.010009765625,80121200,Equity
2022-01-18,NASDAQ 100 ETF,370.54998779296875,75450900,Equity
2022-01-19,NASDAQ 100 ETF,366.4800109863281,81791500,Equity
2022-01-20,NASDAQ 100 ETF,361.7200012207031,88610700,Equity
2022-01-21,NASDAQ 100 ETF,351.69000244140625,143388900,Equity
2022-01-24,NASDAQ 100 ETF,353.29998779296875,198685800,Equity
2022-01-25,NASDAQ 100 ETF,345.1099853515625,124398400,Equity
2022-01-26,NASDAQ 100 ETF,344.57000732421875,146559500,Equity
2022-01-27,NASDAQ 100 ETF,341.1000061035156,95255700,Equity
2022-01-28,NASDAQ 100 ETF,351.79998779296875,108167900,Equity
2022-01-31,NASDAQ 100 ETF,363.04998779296875,94326400,Equity
2022-02-01,NASDAQ 100 ETF,365.5199890136719,74433000,Equity
2022-02-02,NASDAQ 100 ETF,368.489990234375,78777100,Equity
2022-02-03,NASDAQ 100 ETF,353.54998779296875,95384800,Equity
2022-02-04,NASDAQ 100 ETF,358.010009765625,86318300,Equity
2022-02-07,NASDAQ 100 ETF,355.1300048828125,58198100,Equity
2022-02-08,NASDAQ 100 ETF,359.1199951171875,64720900,Equity
2022-02-09,NASDAQ 100 ETF,366.7300109863281,55766400,Equity
2022-02-10,NASDAQ 100 ETF,358.42999267578125,112468500,Equity
2022-02-11,NASDAQ 100 ETF,347.05999755859375,101569100,Equity
2022-02-14,NASDAQ 100 ETF,347.489990234375,80254400,Equity
2022-02-15,NASDAQ 100 ETF,356.1300048828125,55128800,Equity
2022-02-16,NASDAQ 100 ETF,356.0400085449219,58947100,Equity
2022-02-17,NASDAQ 100 ETF,345.45001220703125,61801400,Equity
2022-02-18,NASDAQ 100 ETF,341.510009765625,80001500,Equity
2022-02-22,NASDAQ 100 ETF,338.0799865722656,85967100,Equity
2022-02-23,NASDAQ 100 ETF,329.4200134277344,86215400,Equity
2022-02-24,NASDAQ 100 ETF,340.489990234375,130614100,Equity
2022-02-25,NASDAQ 100 ETF,345.7699890136719,78842100,Equity
2022-02-28,NASDAQ 100 ETF,346.79998779296875,77515500,Equity
2022-03-01,NASDAQ 100 ETF,341.489990234375,67407000,Equity
2022-03-02,NASDAQ 100 ETF,347.2200012207031,70609000,Equity
2022-03-03,NASDAQ 100 ETF,342.260009765625,71089400,Equity
2022-03-04,NASDAQ 100 ETF,337.29998779296875,76936300,Equity
2022-03-07,NASDAQ 100 ETF,324.8599853515625,89933800,Equity
2022-03-08,NASDAQ 100 ETF,323.3500061035156,116153900,Equity
2022-03-09,NASDAQ 100 ETF,334.989990234375,64723400,Equity
2022-03-10,NASDAQ 100 ETF,331.2699890136719,69362700,Equity
2022-03-11,NASDAQ 100 ETF,324.3999938964844,66228400,Equity
2022-03-14,NASDAQ 100 ETF,318.1700134277344,79802600,Equity
2022-03-15,NASDAQ 100 ETF,328.1499938964844,76471000,Equity
2022-03-16,NASDAQ 100 ETF,340.32000732421875,105243000,Equity
2022-03-17,NASDAQ 100 ETF,344.44000244140625,67810000,Equity
2022-03-18,NASDAQ 100 ETF,351.489990234375,85446300,Equity
2022-03-21,NASDAQ 100 ETF,350.0799865722656,73799100,Equity
2022-03-22,NASDAQ 100 ETF,356.9599914550781,63345900,Equity
2022-03-23,NASDAQ 100 ETF,351.8299865722656,70615500,Equity
2022-03-24,NASDAQ 100 ETF,359.6499938964844,53555300,Equity
2022-03-25,NASDAQ 100 ETF,359.3500061035156,57584200,Equity
2022-03-28,NASDAQ 100 ETF,364.9100036621094,56833900,Equity
2022-03-29,NASDAQ 100 ETF,371.19000244140625,68073000,Equity
2022-03-30,NASDAQ 100 ETF,367.0899963378906,68757700,Equity
2022-03-31,NASDAQ 100 ETF,362.5400085449219,67011400,Equity
2022-04-01,NASDAQ 100 ETF,361.8500061035156,54527800,Equity
2022-04-04,NASDAQ 100 ETF,369.29998779296875,45950200,Equity
2022-04-05,NASDAQ 100 ETF,361.1000061035156,62738700,Equity
2022-04-06,NASDAQ 100 ETF,353.260009765625,90077100,Equity
2022-04-07,NASDAQ 100 ETF,354.1000061035156,63777400,Equity
2022-04-08,NASDAQ 100 ETF,349.1499938964844,61956100,Equity
2022-04-11,NASDAQ 100 ETF,340.8900146484375,66107400,Equity
2022-04-12,NASDAQ 100 ETF,339.45001220703125,72790200,Equity
2022-04-13,NASDAQ 100 ETF,346.3500061035156,61367800,Equity
2022-04-14,NASDAQ 100 ETF,338.42999267578125,73519400,Equity
2022-04-18,NASDAQ 100 ETF,338.69000244140625,58560600,Equity
2022-04-19,NASDAQ 100 ETF,346.260009765625,56515700,Equity
2022-04-20,NASDAQ 100 ETF,341.2099914550781,65500000,Equity
2022-04-21,NASDAQ 100 ETF,334.1499938964844,75801000,Equity
2022-04-22,NASDAQ 100 ETF,325.3999938964844,82562100,Equity
2022-04-25,NASDAQ 100 ETF,329.5799865722656,101755900,Equity
2022-04-26,NASDAQ 100 ETF,317.1400146484375,105819600,Equity
2022-04-27,NASDAQ 100 ETF,316.760009765625,111204200,Equity
2022-04-28,NASDAQ 100 ETF,328.010009765625,99450000,Equity
2022-04-29,NASDAQ 100 ETF,313.25,91977900,Equity
2022-05-02,NASDAQ 100 ETF,318.4800109863281,115511800,Equity
2022-05-03,NASDAQ 100 ETF,318.82000732421875,78185500,Equity
2022-05-04,NASDAQ 100 ETF,329.6000061035156,116083400,Equity
2022-05-05,NASDAQ 100 ETF,313.0,154607400,Equity
2022-05-06,NASDAQ 100 ETF,309.25,139572800,Equity
2022-05-09,NASDAQ 100 ETF,297.1499938964844,113387300,Equity
2022-05-10,NASDAQ 100 ETF,300.760009765625,124124600,Equity
2022-05-11,NASDAQ 100 ETF,291.8399963378906,140326100,Equity
2022-05-12,NASDAQ 100 ETF,291.1499938964844,120910900,Equity
2022-05-13,NASDAQ 100 ETF,301.94000244140625,83684900,Equity
2022-05-16,NASDAQ 100 ETF,298.44000244140625,59190400,Equity
2022-05-17,NASDAQ 100 ETF,306.1700134277344,62715300,Equity
2022-05-18,NASDAQ 100 ETF,291.1400146484375,79477100,Equity
2022-05-19,NASDAQ 100 ETF,289.5799865722656,79920700,Equity
2022-05-20,NASDAQ 100 ETF,288.67999267578125,91764200,Equity
2022-05-23,NASDAQ 100 ETF,293.4800109863281,63648400,Equity
2022-05-24,NASDAQ 100 ETF,287.239990234375,73491100,Equity
2022-05-25,NASDAQ 100 ETF,291.260009765625,67144500,Equity
2022-05-26,NASDAQ 100 ETF,299.3299865722656,59462200,Equity
2022-05-27,NASDAQ 100 ETF,309.1000061035156,66985600,Equity
2022-05-31,NASDAQ 100 ETF,308.2799987792969,60968300,Equity
2022-06-01,NASDAQ 100 ETF,306.0,65341700,Equity
2022-06-02,NASDAQ 100 ETF,314.3800048828125,59291300,Equity
2022-06-03,NASDAQ 100 ETF,306.20001220703125,60914700,Equity
2022-06-06,NASDAQ 100 ETF,307.2200012207031,51785000,Equity
2022-06-07,NASDAQ 100 ETF,309.8699951171875,44900300,Equity
2022-06-08,NASDAQ 100 ETF,307.6400146484375,38342100,Equity
2022-06-09,NASDAQ 100 ETF,299.3999938964844,55900500,Equity
2022-06-10,NASDAQ 100 ETF,288.8399963378906,85963500,Equity
2022-06-13,NASDAQ 100 ETF,275.4100036621094,94442000,Equity
2022-06-14,NASDAQ 100 ETF,275.9100036621094,64697500,Equity
2022-06-15,NASDAQ 100 ETF,282.79998779296875,86051400,Equity
2022-06-16,NASDAQ 100 ETF,271.3900146484375,81910300,Equity
2022-06-17,NASDAQ 100 ETF,274.69000244140625,82703400,Equity
2022-06-21,NASDAQ 100 ETF,281.0799865722656,51633700,Equity
2022-06-22,NASDAQ 100 ETF,280.6700134277344,67472900,Equity
2022-06-23,NASDAQ 100 ETF,284.8500061035156,57457800,Equity
2022-06-24,NASDAQ 100 ETF,294.6099853515625,58422300,Equity
2022-06-27,NASDAQ 100 ETF,292.45001220703125,54151500,Equity
2022-06-28,NASDAQ 100 ETF,283.5400085449219,61609800,Equity
2022-06-29,NASDAQ 100 ETF,283.79998779296875,57302700,Equity
2022-06-30,NASDAQ 100 ETF,280.2799987792969,79313600,Equity
2022-07-01,NASDAQ 100 ETF,282.1300048828125,56675100,Equity
2022-07-05,NASDAQ 100 ETF,286.9599914550781,61829300,Equity
2022-07-06,NASDAQ 100 ETF,288.79998779296875,63194700,Equity
2022-07-07,NASDAQ 100 ETF,294.9800109863281,56620100,Equity
2022-07-08,NASDAQ 100 ETF,295.3500061035156,59895500,Equity
2022-07-11,NASDAQ 100 ETF,289.0400085449219,55273900,Equity
2022-07-12,NASDAQ 100 ETF,286.239990234375,55797100,Equity
2022-07-13,NASDAQ 100 ETF,285.6499938964844,73939400,Equity
2022-07-14,NASDAQ 100 ETF,286.6700134277344,63741800,Equity
2022-07-15,NASDAQ 100 ETF,291.8699951171875,63818100,Equity
2022-07-18,NASDAQ 100 ETF,289.3999938964844,59519600,Equity
2022-07-19,NASDAQ 100 ETF,298.29998779296875,55172600,Equity
2022-07-20,NASDAQ 100 ETF,303.0299987792969,67769400,Equity
2022-07-21,NASDAQ 100 ETF,307.3800048828125,55049400,Equity
2022-07-22,NASDAQ 100 ETF,301.989990234375,57127700,Equity
2022-07-25,NASDAQ 100 ETF,300.2699890136719,40582400,Equity
2022-07-26,NASDAQ 100 ETF,294.3699951171875,50074100,Equity
2022-07-27,NASDAQ 100 ETF,306.80999755859375,69304400,Equity
2022-07-28,NASDAQ 100 ETF,309.80999755859375,55139900,Equity
2022-07-29,NASDAQ 100 ETF,315.4599914550781,57501000,Equity
2022-08-01,NASDAQ 100 ETF,315.2699890136719,46358800,Equity
2022-08-02,NASDAQ 100 ETF,314.3299865722656,48676500,Equity
2022-08-03,NASDAQ 100 ETF,322.8900146484375,53735700,Equity
2022-08-04,NASDAQ 100 ETF,324.3999938964844,38973700,Equity
2022-08-05,NASDAQ 100 ETF,321.75,53894000,Equity
2022-08-08,NASDAQ 100 ETF,320.7099914550781,43878500,Equity
2022-08-09,NASDAQ 100 ETF,317.0799865722656,39764200,Equity
2022-08-10,NASDAQ 100 ETF,325.92999267578125,51459600,Equity
2022-08-11,NASDAQ 100 ETF,324.0799865722656,45897700,Equity
2022-08-12,NASDAQ 100 ETF,330.3900146484375,40928400,Equity
2022-08-15,NASDAQ 100 ETF,333.05999755859375,38266600,Equity
2022-08-16,NASDAQ 100 ETF,332.2799987792969,41186900,Equity
2022-08-17,NASDAQ 100 ETF,328.489990234375,47842200,Equity
2022-08-18,NASDAQ 100 ETF,329.2799987792969,41937200,Equity
2022-08-19,NASDAQ 100 ETF,322.8599853515625,51770600,Equity
2022-08-22,NASDAQ 100 ETF,314.3599853515625,51098900,Equity
2022-08-23,NASDAQ 100 ETF,314.1000061035156,39497100,Equity
2022-08-24,NASDAQ 100 ETF,315.010009765625,38057100,Equity
2022-08-25,NASDAQ 100 ETF,320.5799865722656,38098300,Equity
2022-08-26,NASDAQ 100 ETF,307.44000244140625,69047700,Equity
2022-08-29,NASDAQ 100 ETF,304.4100036621094,48321900,Equity
2022-08-30,NASDAQ 100 ETF,301.0199890136719,51184500,Equity
2022-08-31,NASDAQ 100 ETF,299.2699890136719,50044000,Equity
2022-09-01,NASDAQ 100 ETF,299.3999938964844,57990700,Equity
2022-09-02,NASDAQ 100 ETF,295.1700134277344,64666800,Equity
2022-09-06,NASDAQ 100 ETF,293.04998779296875,57005400,Equity
2022-09-07,NASDAQ 100 ETF,298.9700012207031,49260400,Equity
2022-09-08,NASDAQ 100 ETF,300.5199890136719,55649800,Equity
2022-09-09,NASDAQ 100 ETF,307.0899963378906,56125200,Equity
2022-09-12,NASDAQ 100 ETF,310.739990234375,45905700,Equity
2022-09-13,NASDAQ 100 ETF,293.70001220703125,79562200,Equity
2022-09-14,NASDAQ 100 ETF,296.0299987792969,54907200,Equity
2022-09-15,NASDAQ 100 ETF,291.1000061035156,65299400,Equity
2022-09-16,NASDAQ 100 ETF,289.32000732421875,79920400,Equity
2022-09-19,NASDAQ 100 ETF,291.04998779296875,52613800,Equity
2022-09-20,NASDAQ 100 ETF,288.7300109863281,51271100,Equity
2022-09-21,NASDAQ 100 ETF,283.55999755859375,82931000,Equity
2022-09-22,NASDAQ 100 ETF,280.07000732421875,62757100,Equity
2022-09-23,NASDAQ 100 ETF,275.510009765625,74815200,Equity
2022-09-26,NASDAQ 100 ETF,274.3699951171875,71176700,Equity
2022-09-27,NASDAQ 100 ETF,274.4800109863281,69780100,Equity
2022-09-28,NASDAQ 100 ETF,279.94000244140625,79652100,Equity
2022-09-29,NASDAQ 100 ETF,271.8699951171875,81216000,Equity
2022-09-30,NASDAQ 100 ETF,267.260009765625,78482400,Equity
2022-10-03,NASDAQ 100 ETF,273.5299987792969,61267400,Equity
2022-10-04,NASDAQ 100 ETF,282.1300048828125,66696900,Equity
2022-10-05,NASDAQ 100 ETF,281.9800109863281,55766300,Equity
2022-10-06,NASDAQ 100 ETF,279.760009765625,53489400,Equity
2022-10-07,NASDAQ 100 ETF,269.1000061035156,71354700,Equity
2022-10-10,NASDAQ 100 ETF,266.4100036621094,60393000,Equity
2022-10-11,NASDAQ 100 ETF,262.75,66522500,Equity
2022-10-12,NASDAQ 100 ETF,262.6600036621094,50580200,Equity
2022-10-13,NASDAQ 100 ETF,268.82000732421875,112894100,Equity
2022-10-14,NASDAQ 100 ETF,260.739990234375,77244300,Equity
2022-10-17,NASDAQ 100 ETF,269.3500061035156,64576500,Equity
2022-10-18,NASDAQ 100 ETF,271.4800109863281,69781000,Equity
2022-10-19,NASDAQ 100 ETF,270.489990234375,53115400,Equity
2022-10-20,NASDAQ 100 ETF,269.1099853515625,60605500,Equity
2022-10-21,NASDAQ 100 ETF,275.4200134277344,77897700,Equity
2022-10-24,NASDAQ 100 ETF,278.45001220703125,63963600,Equity
2022-10-25,NASDAQ 100 ETF,284.2099914550781,59014500,Equity
2022-10-26,NASDAQ 100 ETF,277.92999267578125,63492400,Equity
2022-10-27,NASDAQ 100 ETF,272.8699951171875,57760300,Equity
2022-10-28,NASDAQ 100 ETF,281.2200012207031,62651300,Equity
2022-10-31,NASDAQ 100 ETF,277.95001220703125,47742000,Equity
2022-11-01,NASDAQ 100 ETF,275.1099853515625,45895900,Equity
2022-11-02,NASDAQ 100 ETF,265.67999267578125,79803100,Equity
2022-11-03,NASDAQ 100 ETF,260.489990234375,70038900,Equity
2022-11-04,NASDAQ 100 ETF,264.67999267578125,78313200,Equity
2022-11-07,NASDAQ 100 ETF,267.5899963378906,47333800,Equity
2022-11-08,NASDAQ 100 ETF,269.5400085449219,63213800,Equity
2022-11-09,NASDAQ 100 ETF,263.32000732421875,64862100,Equity
2022-11-10,NASDAQ 100 ETF,282.75,99256700,Equity
2022-11-11,NASDAQ 100 ETF,287.9599914550781,66961800,Equity
2022-11-14,NASDAQ 100 ETF,285.44000244140625,55290700,Equity
2022-11-15,NASDAQ 100 ETF,289.3900146484375,73985400,Equity
2022-11-16,NASDAQ 100 ETF,285.44000244140625,48859800,Equity
2022-11-17,NASDAQ 100 ETF,284.80999755859375,55462100,Equity
2022-11-18,NASDAQ 100 ETF,284.82000732421875,53588600,Equity
2022-11-21,NASDAQ 100 ETF,281.8900146484375,40083500,Equity
2022-11-22,NASDAQ 100 ETF,285.95001220703125,41873400,Equity
2022-11-23,NASDAQ 100 ETF,288.82000732421875,46390000,Equity
2022-11-25,NASDAQ 100 ETF,286.9200134277344,15498800,Equity
2022-11-28,NASDAQ 100 ETF,282.7099914550781,38714200,Equity
2022-11-29,NASDAQ 100 ETF,280.57000732421875,35618900,Equity
2022-11-30,NASDAQ 100 ETF,293.3599853515625,74718100,Equity
2022-12-01,NASDAQ 100 ETF,293.7200012207031,51547300,Equity
2022-12-02,NASDAQ 100 ETF,292.54998779296875,53583200,Equity
2022-12-05,NASDAQ 100 ETF,287.6400146484375,41482100,Equity
2022-12-06,NASDAQ 100 ETF,281.67999267578125,53937600,Equity
2022-12-07,NASDAQ 100 ETF,280.5299987792969,45614300,Equity
2022-12-08,NASDAQ 100 ETF,283.8500061035156,42594900,Equity
2022-12-09,NASDAQ 100 ETF,282.0400085449219,47860500,Equity
2022-12-12,NASDAQ 100 ETF,285.5799865722656,35732500,Equity
2022-12-13,NASDAQ 100 ETF,288.6499938964844,80667700,Equity
2022-12-14,NASDAQ 100 ETF,286.510009765625,64984400,Equity
2022-12-15,NASDAQ 100 ETF,276.8900146484375,60554100,Equity
2022-12-16,NASDAQ 100 ETF,274.25,68300400,Equity
2022-12-19,NASDAQ 100 ETF,269.75,44167900,Equity
2022-12-20,NASDAQ 100 ETF,269.5400085449219,51064200,Equity
2022-12-21,NASDAQ 100 ETF,273.45001220703125,46394700,Equity
2022-12-22,NASDAQ 100 ETF,266.760009765625,60278400,Equity
2022-12-23,NASDAQ 100 ETF,267.3599853515625,39373600,Equity
2022-12-27,NASDAQ 100 ETF,263.5799865722656,38009000,Equity
2022-12-28,NASDAQ 100 ETF,260.1000061035156,47139000,Equity
2022-12-29,NASDAQ 100 ETF,266.44000244140625,45893600,Equity
2022-12-30,NASDAQ 100 ETF,266.2799987792969,37858300,Equity
2023-01-03,NASDAQ 100 ETF,264.4800109863281,42335300,Equity
2023-01-04,NASDAQ 100 ETF,265.739990234375,47754900,Equity
2023-01-05,NASDAQ 100 ETF,261.5799865722656,45396700,Equity
2023-01-06,NASDAQ 100 ETF,268.79998779296875,54659700,Equity
2023-01-09,NASDAQ 100 ETF,270.5400085449219,45568700,Equity
2023-01-10,NASDAQ 100 ETF,272.8299865722656,35247800,Equity
2023-01-11,NASDAQ 100 ETF,277.54998779296875,44077000,Equity
2023-01-12,NASDAQ 100 ETF,279.04998779296875,60600000,Equity
2023-01-13,NASDAQ 100 ETF,280.9700012207031,44802900,Equity
2023-01-17,NASDAQ 100 ETF,281.5400085449219,36269700,Equity
2023-01-18,NASDAQ 100 ETF,277.8800048828125,47754500,Equity
2023-01-19,NASDAQ 100 ETF,275.1499938964844,44150400,Equity
2023-01-20,NASDAQ 100 ETF,282.67999267578125,60613600,Equity
2023-01-23,NASDAQ 100 ETF,288.9599914550781,52799900,Equity
2023-01-24,NASDAQ 100 ETF,288.3699951171875,44875100,Equity
2023-01-25,NASDAQ 100 ETF,287.7300109863281,50872000,Equity
2023-01-26,NASDAQ 100 ETF,293.3399963378906,51596300,Equity
2023-01-27,NASDAQ 100 ETF,296.260009765625,56441900,Equity
2023-01-30,NASDAQ 100 ETF,290.2699890136719,49405800,Equity
2023-01-31,NASDAQ 100 ETF,294.6199951171875,46705100,Equity
2023-02-01,NASDAQ 100 ETF,300.9200134277344,67562200,Equity
2023-02-02,NASDAQ 100 ETF,311.7200012207031,83070600,Equity
2023-02-03,NASDAQ 100 ETF,306.17999267578125,76170800,Equity
2023-02-06,NASDAQ 100 ETF,303.5899963378906,40802300,Equity
2023-02-07,NASDAQ 100 ETF,309.8800048828125,67584000,Equity
2023-02-08,NASDAQ 100 ETF,304.3699951171875,56720900,Equity
2023-02-09,NASDAQ 100 ETF,301.67999267578125,49137800,Equity
2023-02-10,NASDAQ 100 ETF,299.70001220703125,50050100,Equity
2023-02-13,NASDAQ 100 ETF,304.5,39636700,Equity
2023-02-14,NASDAQ 100 ETF,306.75,64079100,Equity
2023-02-15,NASDAQ 100 ETF,309.1000061035156,43100600,Equity
2023-02-16,NASDAQ 100 ETF,303.29998779296875,59498600,Equity
2023-02-17,NASDAQ 100 ETF,301.1600036621094,58230700,Equity
2023-02-21,NASDAQ 100 ETF,294.0299987792969,46526700,Equity
2023-02-22,NASDAQ 100 ETF,294.25,51389200,Equity
2023-02-23,NASDAQ 100 ETF,296.82000732421875,69294400,Equity
2023-02-24,NASDAQ 100 ETF,291.8500061035156,74332000,Equity
2023-02-27,NASDAQ 100 ETF,293.94000244140625,48995000,Equity
2023-02-28,NASDAQ 100 ETF,293.55999755859375,48243100,Equity
2023-03-01,NASDAQ 100 ETF,291.20001220703125,58287000,Equity
2023-03-02,NASDAQ 100 ETF,293.6099853515625,53565900,Equity
2023-03-03,NASDAQ 100 ETF,299.67999267578125,60511500,Equity
2023-03-06,NASDAQ 100 ETF,300.0199890136719,56736300,Equity
2023-03-07,NASDAQ 100 ETF,296.3399963378906,65955800,Equity
2023-03-08,NASDAQ 100 ETF,297.82000732421875,50876300,Equity
2023-03-09,NASDAQ 100 ETF,292.6600036621094,71456700,Equity
2023-03-10,NASDAQ 100 ETF,288.54998779296875,98593600,Equity
2023-03-13,NASDAQ 100 ETF,290.69000244140625,97123600,Equity
2023-03-14,NASDAQ 100 ETF,297.3699951171875,73602500,Equity
2023-03-15,NASDAQ 100 ETF,298.92999267578125,83631500,Equity
2023-03-16,NASDAQ 100 ETF,306.80999755859375,98198100,Equity
2023-03-17,NASDAQ 100 ETF,305.3599853515625,89923700,Equity
2023-03-20,NASDAQ 100 ETF,305.9700012207031,56359500,Equity
2023-03-21,NASDAQ 100 ETF,310.3399963378906,49757000,Equity
2023-03-22,NASDAQ 100 ETF,306.1199951171875,75791900,Equity
2023-03-23,NASDAQ 100 ETF,309.75,74576000,Equity
2023-03-24,NASDAQ 100 ETF,310.8900146484375,57195200,Equity
2023-03-27,NASDAQ 100 ETF,308.760009765625,50287400,Equity
2023-03-28,NASDAQ 100 ETF,307.1199951171875,48585900,Equity
2023-03-29,NASDAQ 100 ETF,312.7200012207031,53274300,Equity
2023-03-30,NASDAQ 100 ETF,315.67999267578125,58354800,Equity
2023-03-31,NASDAQ 100 ETF,320.92999267578125,62138100,Equity
2023-04-03,NASDAQ 100 ETF,320.1499938964844,47126800,Equity
2023-04-04,NASDAQ 100 ETF,319.07000732421875,45875400,Equity
2023-04-05,NASDAQ 100 ETF,315.9200134277344,62795700,Equity
2023-04-06,NASDAQ 100 ETF,318.04998779296875,46916500,Equity
2023-04-10,NASDAQ 100 ETF,317.8699951171875,45134700,Equity
2023-04-11,NASDAQ 100 ETF,315.8299865722656,40113600,Equity
2023-04-12,NASDAQ 100 ETF,313.0400085449219,62813300,Equity
2023-04-13,NASDAQ 100 ETF,319.1700134277344,54613800,Equity
2023-04-14,NASDAQ 100 ETF,318.57000732421875,56278300,Equity
2023-04-17,NASDAQ 100 ETF,318.8399963378906,43007000,Equity
2023-04-18,NASDAQ 100 ETF,318.8599853515625,46746900,Equity
2023-04-19,NASDAQ 100 ETF,318.7099914550781,38960100,Equity
2023-04-20,NASDAQ 100 ETF,316.2799987792969,62462100,Equity
2023-04-21,NASDAQ 100 ETF,316.6099853515625,59002300,Equity
2023-04-24,NASDAQ 100 ETF,315.95001220703125,44043100,Equity
2023-04-25,NASDAQ 100 ETF,309.989990234375,57121600,Equity
2023-04-26,NASDAQ 100 ETF,311.8699951171875,55400500,Equity
2023-04-27,NASDAQ 100 ETF,320.3500061035156,65430400,Equity
2023-04-28,NASDAQ 100 ETF,322.55999755859375,59712600,Equity
2023-05-01,NASDAQ 100 ETF,322.19000244140625,41013400,Equity
2023-05-02,NASDAQ 100 ETF,319.3800048828125,56519400,Equity
2023-05-03,NASDAQ 100 ETF,317.2900085449219,59882100,Equity
2023-05-04,NASDAQ 100 ETF,316.1700134277344,50224500,Equity
2023-05-05,NASDAQ 100 ETF,322.8900146484375,51806100,Equity
2023-05-08,NASDAQ 100 ETF,323.69000244140625,36465800,Equity
2023-05-09,NASDAQ 100 ETF,321.6400146484375,31768800,Equity
2023-05-10,NASDAQ 100 ETF,325.1400146484375,60446600,Equity
2023-05-11,NASDAQ 100 ETF,326.20001220703125,44278500,Equity
2023-05-12,NASDAQ 100 ETF,325.0299987792969,48432800,Equity
2023-05-15,NASDAQ 100 ETF,326.7900085449219,33375600,Equity
2023-05-16,NASDAQ 100 ETF,327.1600036621094,40019200,Equity
2023-05-17,NASDAQ 100 ETF,331.1199951171875,47486100,Equity
2023-05-18,NASDAQ 100 ETF,337.2699890136719,64213500,Equity
2023-05-19,NASDAQ 100 ETF,336.510009765625,61554900,Equity
2023-05-22,NASDAQ 100 ETF,337.6400146484375,43015900,Equity
2023-05-23,NASDAQ 100 ETF,333.3599853515625,48216700,Equity
2023-05-24,NASDAQ 100 ETF,331.6499938964844,62891200,Equity
2023-05-25,NASDAQ 100 ETF,339.7200012207031,66862800,Equity
2023-05-26,NASDAQ 100 ETF,348.3999938964844,63007000,Equity
2023-05-30,NASDAQ 100 ETF,349.9800109863281,72652200,Equity
2023-05-31,NASDAQ 100 ETF,347.989990234375,65105400,Equity
2023-06-01,NASDAQ 100 ETF,352.010009765625,50488600,Equity
2023-06-02,NASDAQ 100 ETF,354.6499938964844,53372100,Equity
2023-06-05,NASDAQ 100 ETF,354.8999938964844,47266200,Equity
2023-06-06,NASDAQ 100 ETF,354.8399963378906,41390400,Equity
2023-06-07,NASDAQ 100 ETF,348.82000732421875,69225900,Equity
2023-06-08,NASDAQ 100 ETF,353.1499938964844,47153900,Equity
2023-06-09,NASDAQ 100 ETF,354.5,53196900,Equity
2023-06-12,NASDAQ 100 ETF,360.489990234375,44606500,Equity
2023-06-13,NASDAQ 100 ETF,363.260009765625,57097800,Equity
2023-06-14,NASDAQ 100 ETF,365.8999938964844,69525600,Equity
2023-06-15,NASDAQ 100 ETF,370.260009765625,71138800,Equity
2023-06-16,NASDAQ 100 ETF,367.92999267578125,80932000,Equity
2023-06-20,NASDAQ 100 ETF,366.8999938964844,49204700,Equity
2023-06-21,NASDAQ 100 ETF,361.8999938964844,53378300,Equity
2023-06-22,NASDAQ 100 ETF,366.1700134277344,47603000,Equity
2023-06-23,NASDAQ 100 ETF,362.5400085449219,48922900,Equity
2023-06-26,NASDAQ 100 ETF,357.67999267578125,52685500,Equity
2023-06-27,NASDAQ 100 ETF,363.8299865722656,49428100,Equity
2023-06-28,NASDAQ 100 ETF,364.5400085449219,46498000,Equity
2023-06-29,NASDAQ 100 ETF,363.80999755859375,46151000,Equity
2023-06-30,NASDAQ 100 ETF,369.4200134277344,58712500,Equity
2023-07-03,NASDAQ 100 ETF,370.2900085449219,19432900,Equity
2023-07-05,NASDAQ 100 ETF,370.2799987792969,34460900,Equity
2023-07-06,NASDAQ 100 ETF,367.4599914550781,49374700,Equity
2023-07-07,NASDAQ 100 ETF,366.239990234375,47133700,Equity
2023-07-10,NASDAQ 100 ETF,366.3599853515625,48498800,Equity
2023-07-11,NASDAQ 100 ETF,368.1700134277344,38214100,Equity
2023-07-12,NASDAQ 100 ETF,372.82000732421875,61975400,Equity
2023-07-13,NASDAQ 100 ETF,379.1499938964844,46960000,Equity
2023-07-14,NASDAQ 100 ETF,379.07000732421875,55148500,Equity
2023-07-17,NASDAQ 100 ETF,382.6099853515625,40868900,Equity
2023-07-18,NASDAQ 100 ETF,385.739990234375,55262000,Equity
2023-07-19,NASDAQ 100 ETF,385.6499938964844,54093000,Equity
2023-07-20,NASDAQ 100 ETF,376.760009765625,71941700,Equity
2023-07-21,NASDAQ 100 ETF,375.6300048828125,60499600,Equity
2023-07-24,NASDAQ 100 ETF,376.2300109863281,40380100,Equity
2023-07-25,NASDAQ 100 ETF,378.7799987792969,38894400,Equity
2023-07-26,NASDAQ 100 ETF,377.5199890136719,47075700,Equity
2023-07-27,NASDAQ 100 ETF,376.6199951171875,63940200,Equity
2023-07-28,NASDAQ 100 ETF,383.4800109863281,56902900,Equity
2023-07-31,NASDAQ 100 ETF,383.67999267578125,44019900,Equity
2023-08-01,NASDAQ 100 ETF,382.7900085449219,41060600,Equity
2023-08-02,NASDAQ 100 ETF,374.3900146484375,72687100,Equity
2023-08-03,NASDAQ 100 ETF,373.7900085449219,47666400,Equity
2023-08-04,NASDAQ 100 ETF,372.0400085449219,61702800,Equity
2023-08-07,NASDAQ 100 ETF,375.19000244140625,37230400,Equity
2023-08-08,NASDAQ 100 ETF,372.0,44726500,Equity
2023-08-09,NASDAQ 100 ETF,367.9100036621094,51150900,Equity
2023-08-10,NASDAQ 100 ETF,368.5899963378906,72035300,Equity
2023-08-11,NASDAQ 100 ETF,366.239990234375,48707200,Equity
2023-08-14,NASDAQ 100 ETF,370.3500061035156,42130800,Equity
2023-08-15,NASDAQ 100 ETF,366.4200134277344,45539900,Equity
2023-08-16,NASDAQ 100 ETF,362.5400085449219,53190500,Equity
2023-08-17,NASDAQ 100 ETF,358.5799865722656,62604300,Equity
2023-08-18,NASDAQ 100 ETF,358.1300048828125,61191400,Equity
2023-08-21,NASDAQ 100 ETF,363.8999938964844,50696500,Equity
2023-08-22,NASDAQ 100 ETF,363.3800048828125,44530200,Equity
2023-08-23,NASDAQ 100 ETF,369.1099853515625,51770600,Equity
2023-08-24,NASDAQ 100 ETF,361.2200012207031,66842500,Equity
2023-08-25,NASDAQ 100 ETF,364.0199890136719,69960500,Equity
2023-08-28,NASDAQ 100 ETF,366.760009765625,40910000,Equity
2023-08-29,NASDAQ 100 ETF,374.7699890136719,58492400,Equity
2023-08-30,NASDAQ 100 ETF,376.8599853515625,41731500,Equity
2023-08-31,NASDAQ 100 ETF,377.989990234375,35730700,Equity
2023-09-01,NASDAQ 100 ETF,377.5899963378906,39801200,Equity
2023-09-05,NASDAQ 100 ETF,378.07000732421875,32344200,Equity
2023-09-06,NASDAQ 100 ETF,374.739990234375,42998700,Equity
2023-09-07,NASDAQ 100 ETF,372.05999755859375,52060700,Equity
2023-09-08,NASDAQ 100 ETF,372.5799865722656,35800100,Equity
2023-09-11,NASDAQ 100 ETF,376.9700012207031,39936600,Equity
2023-09-12,NASDAQ 100 ETF,372.7900085449219,41391000,Equity
2023-09-13,NASDAQ 100 ETF,374.2099914550781,46300700,Equity
2023-09-14,NASDAQ 100 ETF,377.2699890136719,48039400,Equity
2023-09-15,NASDAQ 100 ETF,370.80999755859375,69811200,Equity
2023-09-18,NASDAQ 100 ETF,370.6600036621094,36903500,Equity
2023-09-19,NASDAQ 100 ETF,369.8699951171875,37621700,Equity
2023-09-20,NASDAQ 100 ETF,364.5400085449219,45514200,Equity
2023-09-21,NASDAQ 100 ETF,357.8599853515625,69734800,Equity
2023-09-22,NASDAQ 100 ETF,357.9100036621094,51589700,Equity
2023-09-25,NASDAQ 100 ETF,359.6099853515625,39168000,Equity
2023-09-26,NASDAQ 100 ETF,354.2099914550781,53657700,Equity
2023-09-27,NASDAQ 100 ETF,355.0400085449219,56066000,Equity
2023-09-28,NASDAQ 100 ETF,358.010009765625,56453300,Equity
2023-09-29,NASDAQ 100 ETF,358.2699890136719,64829600,Equity
2023-10-02,NASDAQ 100 ETF,361.260009765625,51625100,Equity
2023-10-03,NASDAQ 100 ETF,354.9200134277344,60478500,Equity
2023-10-04,NASDAQ 100 ETF,359.75,54786700,Equity
2023-10-05,NASDAQ 100 ETF,358.69000244140625,45897400,Equity
2023-10-06,NASDAQ 100 ETF,364.70001220703125,75049100,Equity
2023-10-09,NASDAQ 100 ETF,366.55999755859375,45304800,Equity
2023-10-10,NASDAQ 100 ETF,368.5899963378906,46968800,Equity
2023-10-11,NASDAQ 100 ETF,371.2200012207031,38215100,Equity
2023-10-12,NASDAQ 100 ETF,369.92999267578125,49587900,Equity
2023-10-13,NASDAQ 100 ETF,365.2799987792969,52469900,Equity
2023-10-16,NASDAQ 100 ETF,369.4100036621094,44201100,Equity
2023-10-17,NASDAQ 100 ETF,368.20001220703125,50999100,Equity
2023-10-18,NASDAQ 100 ETF,363.3699951171875,54280500,Equity
2023-10-19,NASDAQ 100 ETF,359.9700012207031,72274200,Equity
2023-10-20,NASDAQ 100 ETF,354.6000061035156,72559700,Equity
2023-10-23,NASDAQ 100 ETF,355.6700134277344,60665200,Equity
2023-10-24,NASDAQ 100 ETF,359.1300048828125,47082100,Equity
2023-10-25,NASDAQ 100 ETF,350.3399963378906,71190500,Equity
2023-10-26,NASDAQ 100 ETF,343.6600036621094,78621400,Equity
2023-10-27,NASDAQ 100 ETF,345.30999755859375,63476700,Equity
2023-10-30,NASDAQ 100 ETF,349.20001220703125,55298500,Equity
2023-10-31,NASDAQ 100 ETF,350.8699951171875,47671900,Equity
2023-11-01,NASDAQ 100 ETF,356.9599914550781,58992700,Equity
2023-11-02,NASDAQ 100 ETF,363.44000244140625,58162400,Equity
2023-11-03,NASDAQ 100 ETF,367.7099914550781,53280500,Equity
2023-11-06,NASDAQ 100 ETF,369.2099914550781,38848700,Equity
2023-11-07,NASDAQ 100 ETF,372.70001220703125,50777400,Equity
2023-11-08,NASDAQ 100 ETF,372.94000244140625,35663400,Equity
2023-11-09,NASDAQ 100 ETF,370.07000732421875,53859400,Equity
2023-11-10,NASDAQ 100 ETF,378.3900146484375,58309800,Equity
2023-11-13,NASDAQ 100 ETF,377.2099914550781,40733500,Equity
2023-11-14,NASDAQ 100 ETF,385.3299865722656,67792600,Equity
2023-11-15,NASDAQ 100 ETF,385.6199951171875,54141400,Equity
2023-11-16,NASDAQ 100 ETF,385.95001220703125,45343500,Equity
2023-11-17,NASDAQ 100 ETF,386.0400085449219,46571900,Equity
2023-11-20,NASDAQ 100 ETF,390.739990234375,44429600,Equity
2023-11-21,NASDAQ 100 ETF,388.4700012207031,43337000,Equity
2023-11-22,NASDAQ 100 ETF,390.05999755859375,44121000,Equity
2023-11-24,NASDAQ 100 ETF,389.510009765625,15718800,Equity
2023-11-27,NASDAQ 100 ETF,389.1700134277344,34139700,Equity
2023-11-28,NASDAQ 100 ETF,390.19000244140625,35491100,Equity
2023-11-29,NASDAQ 100 ETF,389.80999755859375,38811700,Equity
2023-11-30,NASDAQ 100 ETF,388.8299865722656,52834400,Equity
2023-12-01,NASDAQ 100 ETF,389.94000244140625,40490100,Equity
2023-12-04,NASDAQ 100 ETF,386.32000732421875,51186900,Equity
2023-12-05,NASDAQ 100 ETF,387.2900085449219,42933000,Equity
2023-12-06,NASDAQ 100 ETF,385.04998779296875,41994100,Equity
2023-12-07,NASDAQ 100 ETF,390.42999267578125,49593500,Equity
2023-12-08,NASDAQ 100 ETF,392.1700134277344,46687500,Equity
2023-12-11,NASDAQ 100 ETF,395.5199890136719,41198000,Equity
2023-12-12,NASDAQ 100 ETF,398.6700134277344,39221200,Equity
2023-12-13,NASDAQ 100 ETF,403.739990234375,55408100,Equity
2023-12-14,NASDAQ 100 ETF,403.3900146484375,55447800,Equity
2023-12-15,NASDAQ 100 ETF,405.3399963378906,62896600,Equity
2023-12-18,NASDAQ 100 ETF,407.0799865722656,46610000,Equity
2023-12-19,NASDAQ 100 ETF,409.1600036621094,35711900,Equity
2023-12-20,NASDAQ 100 ETF,403.0799865722656,54042400,Equity
2023-12-21,NASDAQ 100 ETF,407.7699890136719,45568900,Equity
2023-12-22,NASDAQ 100 ETF,408.3800048828125,34314000,Equity
2023-12-26,NASDAQ 100 ETF,410.8800048828125,22722500,Equity
2023-12-27,NASDAQ 100 ETF,411.5,31980500,Equity
2023-12-28,NASDAQ 100 ETF,411.29998779296875,27029200,Equity
2023-12-29,NASDAQ 100 ETF,409.5199890136719,42662100,Equity
2024-01-02,NASDAQ 100 ETF,402.5899963378906,58026900,Equity
2024-01-03,NASDAQ 100 ETF,398.3299865722656,47002800,Equity
2024-01-04,NASDAQ 100 ETF,396.2799987792969,39432800,Equity
2024-01-05,NASDAQ 100 ETF,396.75,44922800,Equity
2024-01-08,NASDAQ 100 ETF,404.95001220703125,42473800,Equity
2024-01-09,NASDAQ 100 ETF,405.75,39132900,Equity
2024-01-10,NASDAQ 100 ETF,408.5,33962800,Equity
2024-01-11,NASDAQ 100 ETF,409.3500061035156,54536200,Equity
2024-01-12,NASDAQ 100 ETF,409.55999755859375,39595000,Equity
2024-01-16,NASDAQ 100 ETF,409.5199890136719,43903000,Equity
2024-01-17,NASDAQ 100 ETF,407.2099914550781,54386000,Equity
2024-01-18,NASDAQ 100 ETF,412.989990234375,59562500,Equity
2024-01-19,NASDAQ 100 ETF,421.17999267578125,70325100,Equity
2024-01-22,NASDAQ 100 ETF,421.7300109863281,44880600,Equity
2024-01-23,NASDAQ 100 ETF,423.4800109863281,33003800,Equity
2024-01-24,NASDAQ 100 ETF,425.8299865722656,46948000,Equity
2024-01-25,NASDAQ 100 ETF,426.3500061035156,44367200,Equity
2024-01-26,NASDAQ 100 ETF,423.80999755859375,37137000,Equity
2024-01-29,NASDAQ 100 ETF,428.1499938964844,38694700,Equity
2024-01-30,NASDAQ 100 ETF,425.29998779296875,36739000,Equity
2024-01-31,NASDAQ 100 ETF,416.9700012207031,64010600,Equity
2024-02-01,NASDAQ 100 ETF,421.8800048828125,51008600,Equity
2024-02-02,NASDAQ 100 ETF,429.010009765625,59602400,Equity
2024-02-05,NASDAQ 100 ETF,428.45001220703125,39889200,Equity
2024-02-06,NASDAQ 100 ETF,427.5899963378906,35846100,Equity
2024-02-07,NASDAQ 100 ETF,431.989990234375,37712700,Equity
2024-02-08,NASDAQ 100 ETF,432.7900085449219,29889900,Equity
2024-02-09,NASDAQ 100 ETF,437.04998779296875,36943900,Equity
2024-02-12,NASDAQ 100 ETF,435.3399963378906,33203300,Equity
2024-02-13,NASDAQ 100 ETF,428.54998779296875,64491700,Equity
2024-02-14,NASDAQ 100 ETF,433.2200012207031,45092700,Equity
2024-02-15,NASDAQ 100 ETF,434.510009765625,38796100,Equity
2024-02-16,NASDAQ 100 ETF,430.57000732421875,53716500,Equity
2024-02-20,NASDAQ 100 ETF,427.32000732421875,53999500,Equity
2024-02-21,NASDAQ 100 ETF,425.6099853515625,49779000,Equity
2024-02-22,NASDAQ 100 ETF,438.07000732421875,53887800,Equity
2024-02-23,NASDAQ 100 ETF,436.7799987792969,39853900,Equity
2024-02-26,NASDAQ 100 ETF,436.54998779296875,33043200,Equity
2024-02-27,NASDAQ 100 ETF,437.6000061035156,33713200,Equity
2024-02-28,NASDAQ 100 ETF,435.2699890136719,32938800,Equity
2024-02-29,NASDAQ 100 ETF,439.0,42495200,Equity
2024-03-01,NASDAQ 100 ETF,445.6099853515625,43853000,Equity
2024-03-04,NASDAQ 100 ETF,444.0199890136719,34325700,Equity
2024-03-05,NASDAQ 100 ETF,436.04998779296875,57917100,Equity
2024-03-06,NASDAQ 100 ETF,438.7900085449219,46234500,Equity
2024-03-07,NASDAQ 100 ETF,445.45001220703125,44526700,Equity
2024-03-08,NASDAQ 100 ETF,439.0199890136719,72096000,Equity
2024-03-11,NASDAQ 100 ETF,437.3900146484375,45860000,Equity
2024-03-12,NASDAQ 100 ETF,443.6600036621094,55300900,Equity
2024-03-13,NASDAQ 100 ETF,440.25,37928700,Equity
2024-03-14,NASDAQ 100 ETF,439.1400146484375,52195200,Equity
2024-03-15,NASDAQ 100 ETF,433.9200134277344,73069800,Equity
2024-03-18,NASDAQ 100 ETF,437.4800109863281,47323800,Equity
2024-03-19,NASDAQ 100 ETF,438.57000732421875,43004100,Equity
2024-03-20,NASDAQ 100 ETF,443.7699890136719,43653500,Equity
2024-03-21,NASDAQ 100 ETF,445.8699951171875,39345700,Equity
2024-03-22,NASDAQ 100 ETF,446.3800048828125,28253900,Equity
2024-03-25,NASDAQ 100 ETF,444.760009765625,27789200,Equity
2024-03-26,NASDAQ 100 ETF,443.32000732421875,34142000,Equity
2024-03-27,NASDAQ 100 ETF,444.8299865722656,41359200,Equity
2024-03-28,NASDAQ 100 ETF,444.010009765625,36839600,Equity
2024-04-01,NASDAQ 100 ETF,444.95001220703125,38729000,Equity
2024-04-02,NASDAQ 100 ETF,441.1099853515625,44259700,Equity
2024-04-03,NASDAQ 100 ETF,442.1000061035156,39949800,Equity
2024-04-04,NASDAQ 100 ETF,435.3399963378906,57267700,Equity
2024-04-05,NASDAQ 100 ETF,440.4700012207031,54744600,Equity
2024-04-08,NASDAQ 100 ETF,440.6000061035156,28144900,Equity
2024-04-09,NASDAQ 100 ETF,442.2300109863281,39443600,Equity
2024-04-10,NASDAQ 100 ETF,438.3699951171875,61502200,Equity
2024-04-11,NASDAQ 100 ETF,445.3699951171875,45474600,Equity
2024-04-12,NASDAQ 100 ETF,438.2699890136719,53665000,Equity
2024-04-15,NASDAQ 100 ETF,431.05999755859375,63453600,Equity
2024-04-16,NASDAQ 100 ETF,431.1000061035156,47619000,Equity
2024-04-17,NASDAQ 100 ETF,425.8399963378906,56880500,Equity
2024-04-18,NASDAQ 100 ETF,423.4100036621094,46549400,Equity
2024-04-19,NASDAQ 100 ETF,414.6499938964844,75231000,Equity
2024-04-22,NASDAQ 100 ETF,418.82000732421875,47807700,Equity
2024-04-23,NASDAQ 100 ETF,425.07000732421875,44384700,Equity
2024-04-24,NASDAQ 100 ETF,426.510009765625,48440300,Equity
2024-04-25,NASDAQ 100 ETF,424.45001220703125,57392200,Equity
2024-04-26,NASDAQ 100 ETF,431.0,41874900,Equity
2024-04-29,NASDAQ 100 ETF,432.75,30022200,Equity
2024-04-30,NASDAQ 100 ETF,424.5899963378906,43665900,Equity
2024-05-01,NASDAQ 100 ETF,421.5199890136719,52251700,Equity
2024-05-02,NASDAQ 100 ETF,426.8999938964844,36559000,Equity
2024-05-03,NASDAQ 100 ETF,435.4800109863281,48515300,Equity
2024-05-06,NASDAQ 100 ETF,440.25,30227200,Equity
2024-05-07,NASDAQ 100 ETF,440.32000732421875,30996100,Equity
2024-05-08,NASDAQ 100 ETF,440.05999755859375,24896700,Equity
2024-05-09,NASDAQ 100 ETF,441.0199890136719,24580100,Equity
2024-05-10,NASDAQ 100 ETF,442.05999755859375,27116600,Equity
2024-05-13,NASDAQ 100 ETF,443.0799865722656,22994200,Equity
2024-05-14,NASDAQ 100 ETF,445.92999267578125,34478300,Equity
2024-05-15,NASDAQ 100 ETF,452.8999938964844,41464700,Equity
2024-05-16,NASDAQ 100 ETF,451.9800109863281,34780400,Equity
2024-05-17,NASDAQ 100 ETF,451.760009765625,35803700,Equity
2024-05-20,NASDAQ 100 ETF,454.9100036621094,24474200,Equity
2024-05-21,NASDAQ 100 ETF,455.79998779296875,23167700,Equity
2024-05-22,NASDAQ 100 ETF,455.7099914550781,25120000,Equity
2024-05-23,NASDAQ 100 ETF,453.6600036621094,40899200,Equity
2024-05-24,NASDAQ 100 ETF,457.95001220703125,29669500,Equity
2024-05-28,NASDAQ 100 ETF,459.67999267578125,26216800,Equity
2024-05-29,NASDAQ 100 ETF,456.44000244140625,29739200,Equity
2024-05-30,NASDAQ 100 ETF,451.54998779296875,30536800,Equity
2024-05-31,NASDAQ 100 ETF,450.7099914550781,55941300,Equity
2024-06-03,NASDAQ 100 ETF,453.1300048828125,32997500,Equity
2024-06-04,NASDAQ 100 ETF,454.3699951171875,23767400,Equity
2024-06-05,NASDAQ 100 ETF,463.5299987792969,33817400,Equity
2024-06-06,NASDAQ 100 ETF,463.3699951171875,21966800,Equity
2024-06-07,NASDAQ 100 ETF,462.9599914550781,25829700,Equity
2024-06-10,NASDAQ 100 ETF,464.8299865722656,20660800,Equity
2024-06-11,NASDAQ 100 ETF,468.0199890136719,22053300,Equity
2024-06-12,NASDAQ 100 ETF,474.1499938964844,34532600,Equity
2024-06-13,NASDAQ 100 ETF,476.7200012207031,25859000,Equity
2024-06-14,NASDAQ 100 ETF,479.19000244140625,23372600,Equity
2024-06-17,NASDAQ 100 ETF,485.05999755859375,37054500,Equity
2024-06-18,NASDAQ 100 ETF,485.2099914550781,24438600,Equity
2024-06-20,NASDAQ 100 ETF,481.4700012207031,33918700,Equity
2024-06-21,NASDAQ 100 ETF,480.17999267578125,37456800,Equity
2024-06-24,NASDAQ 100 ETF,473.9599914550781,37751000,Equity
2024-06-25,NASDAQ 100 ETF,479.3800048828125,29014700,Equity
2024-06-26,NASDAQ 100 ETF,480.3699951171875,22737100,Equity
2024-06-27,NASDAQ 100 ETF,481.6099853515625,26222100,Equity
2024-06-28,NASDAQ 100 ETF,479.1099853515625,34881600,Equity
2024-07-01,NASDAQ 100 ETF,481.9200134277344,24898300,Equity
2024-07-02,NASDAQ 100 ETF,486.9800109863281,26723600,Equity
2024-07-03,NASDAQ 100 ETF,491.0400085449219,18064900,Equity
2024-07-05,NASDAQ 100 ETF,496.1600036621094,28495900,Equity
2024-07-08,NASDAQ 100 ETF,497.3399963378906,22109400,Equity
2024-07-09,NASDAQ 100 ETF,497.7699890136719,25614500,Equity
2024-07-10,NASDAQ 100 ETF,502.9599914550781,28046900,Equity
2024-07-11,NASDAQ 100 ETF,491.92999267578125,49966600,Equity
2024-07-12,NASDAQ 100 ETF,494.82000732421875,37109400,Equity
2024-07-15,NASDAQ 100 ETF,496.1499938964844,31151400,Equity
2024-07-16,NASDAQ 100 ETF,496.3399963378906,25950600,Equity
2024-07-17,NASDAQ 100 ETF,481.7699890136719,56268800,Equity
2024-07-18,NASDAQ 100 ETF,479.489990234375,49347400,Equity
2024-07-19,NASDAQ 100 ETF,475.239990234375,42042900,Equity
2024-07-22,NASDAQ 100 ETF,482.32000732421875,40300000,Equity
2024-07-23,NASDAQ 100 ETF,480.6199951171875,23282500,Equity
2024-07-24,NASDAQ 100 ETF,463.3800048828125,58818600,Equity
2024-07-25,NASDAQ 100 ETF,458.2699890136719,59256800,Equity
2024-07-26,NASDAQ 100 ETF,462.9700012207031,39992100,Equity
2024-07-29,NASDAQ 100 ETF,463.8999938964844,28218500,Equity
2024-07-30,NASDAQ 100 ETF,457.5299987792969,41317200,Equity
2024-07-31,NASDAQ 100 ETF,471.07000732421875,44552100,Equity
2024-08-01,NASDAQ 100 ETF,459.6600036621094,56653900,Equity
2024-08-02,NASDAQ 100 ETF,448.75,66323200,Equity
2024-08-05,NASDAQ 100 ETF,435.3699951171875,87483500,Equity
2024-08-06,NASDAQ 100 ETF,439.5299987792969,63164400,Equity
2024-08-07,NASDAQ 100 ETF,434.7699890136719,54929200,Equity
2024-08-08,NASDAQ 100 ETF,448.07000732421875,47890100,Equity
2024-08-09,NASDAQ 100 ETF,450.4100036621094,33574000,Equity
2024-08-12,NASDAQ 100 ETF,451.3800048828125,27795000,Equity
2024-08-13,NASDAQ 100 ETF,462.5799865722656,40084500,Equity
2024-08-14,NASDAQ 100 ETF,462.7300109863281,34733700,Equity
2024-08-15,NASDAQ 100 ETF,474.4200134277344,38280600,Equity
2024-08-16,NASDAQ 100 ETF,475.0299987792969,38383600,Equity
2024-08-19,NASDAQ 100 ETF,481.2699890136719,23737700,Equity
2024-08-20,NASDAQ 100 ETF,480.260009765625,29209300,Equity
2024-08-21,NASDAQ 100 ETF,482.5,25658800,Equity
2024-08-22,NASDAQ 100 ETF,474.8500061035156,37739600,Equity
2024-08-23,NASDAQ 100 ETF,480.0,36061500,Equity
2024-08-26,NASDAQ 100 ETF,475.3399963378906,27452600,Equity
2024-08-27,NASDAQ 100 ETF,476.760009765625,27510000,Equity
2024-08-28,NASDAQ 100 ETF,471.3500061035156,37372400,Equity
2024-08-29,NASDAQ 100 ETF,470.6600036621094,41081500,Equity
2024-08-30,NASDAQ 100 ETF,476.2699890136719,33466500,Equity
2024-09-03,NASDAQ 100 ETF,461.80999755859375,44985200,Equity
2024-09-04,NASDAQ 100 ETF,460.6099853515625,32505100,Equity
2024-09-05,NASDAQ 100 ETF,461.0400085449219,34452400,Equity
2024-09-06,NASDAQ 100 ETF,448.69000244140625,50624400,Equity
2024-09-09,NASDAQ 100 ETF,454.4599914550781,32981200,Equity
2024-09-10,NASDAQ 100 ETF,458.6600036621094,29680300,Equity
2024-09-11,NASDAQ 100 ETF,468.6199951171875,57843000,Equity
2024-09-12,NASDAQ 100 ETF,473.2200012207031,40067800,Equity
2024-09-13,NASDAQ 100 ETF,475.3399963378906,29111800,Equity
2024-09-16,NASDAQ 100 ETF,473.239990234375,22585600,Equity
2024-09-17,NASDAQ 100 ETF,473.489990234375,30084400,Equity
2024-09-18,NASDAQ 100 ETF,471.44000244140625,39909200,Equity
2024-09-19,NASDAQ 100 ETF,483.3599853515625,52782500,Equity
2024-09-20,NASDAQ 100 ETF,482.44000244140625,34577700,Equity
2024-09-23,NASDAQ 100 ETF,483.0400085449219,24843000,Equity
2024-09-24,NASDAQ 100 ETF,485.3699951171875,25952600,Equity
2024-09-25,NASDAQ 100 ETF,485.82000732421875,26549900,Equity
2024-09-26,NASDAQ 100 ETF,489.4700012207031,32020200,Equity
2024-09-27,NASDAQ 100 ETF,486.75,22851100,Equity
2024-09-30,NASDAQ 100 ETF,488.07000732421875,30281100,Equity
2024-10-01,NASDAQ 100 ETF,481.2699890136719,42735400,Equity
2024-10-02,NASDAQ 100 ETF,481.95001220703125,23744000,Equity
2024-10-03,NASDAQ 100 ETF,481.5899963378906,25337200,Equity
2024-10-04,NASDAQ 100 ETF,487.32000732421875,30686600,Equity
2024-10-07,NASDAQ 100 ETF,482.1000061035156,24975100,Equity
2024-10-08,NASDAQ 100 ETF,489.29998779296875,28272000,Equity
2024-10-09,NASDAQ 100 ETF,493.1499938964844,24995000,Equity
2024-10-10,NASDAQ 100 ETF,492.5899963378906,25750400,Equity
2024-10-11,NASDAQ 100 ETF,493.3599853515625,20644500,Equity
2024-10-14,NASDAQ 100 ETF,497.5,26060100,Equity
2024-10-15,NASDAQ 100 ETF,490.8500061035156,34784500,Equity
2024-10-16,NASDAQ 100 ETF,490.9100036621094,22996800,Equity
2024-10-17,NASDAQ 100 ETF,491.25,27210700,Equity
2024-10-18,NASDAQ 100 ETF,494.4700012207031,25335000,Equity
2024-10-21,NASDAQ 100 ETF,495.4200134277344,30336500,Equity
2024-10-22,NASDAQ 100 ETF,495.9599914550781,26685800,Equity
2024-10-23,NASDAQ 100 ETF,488.3599853515625,39346600,Equity
2024-10-24,NASDAQ 100 ETF,492.32000732421875,22024900,Equity
2024-10-25,NASDAQ 100 ETF,495.32000732421875,38762100,Equity
2024-10-28,NASDAQ 100 ETF,495.3999938964844,20477800,Equity
2024-10-29,NASDAQ 100 ETF,500.1600036621094,28014100,Equity
2024-10-30,NASDAQ 100 ETF,496.3800048828125,29756000,Equity
2024-10-31,NASDAQ 100 ETF,483.8500061035156,41245200,Equity
2024-11-01,NASDAQ 100 ETF,487.42999267578125,33655800,Equity
2024-11-04,NASDAQ 100 ETF,486.010009765625,23291600,Equity
2024-11-05,NASDAQ 100 ETF,492.2099914550781,24353600,Equity
2024-11-06,NASDAQ 100 ETF,505.5799865722656,43082200,Equity
2024-11-07,NASDAQ 100 ETF,513.5399780273438,32853100,Equity
2024-11-08,NASDAQ 100 ETF,514.1400146484375,22924500,Equity
2024-11-11,NASDAQ 100 ETF,513.8400268554688,24167500,Equity
2024-11-12,NASDAQ 100 ETF,512.9099731445312,25835300,Equity
2024-11-13,NASDAQ 100 ETF,512.25,24567400,Equity
2024-11-14,NASDAQ 100 ETF,508.69000244140625,28679500,Equity
2024-11-15,NASDAQ 100 ETF,496.57000732421875,51461100,Equity
2024-11-18,NASDAQ 100 ETF,500.0199890136719,27080800,Equity
2024-11-19,NASDAQ 100 ETF,503.4599914550781,24523000,Equity
2024-11-20,NASDAQ 100 ETF,503.1700134277344,29565500,Equity
2024-11-21,NASDAQ 100 ETF,504.9800109863281,34526700,Equity
2024-11-22,NASDAQ 100 ETF,505.7900085449219,23826600,Equity
2024-11-25,NASDAQ 100 ETF,506.5899963378906,26375200,Equity
2024-11-26,NASDAQ 100 ETF,509.30999755859375,26557100,Equity
2024-11-27,NASDAQ 100 ETF,505.29998779296875,24957400,Equity
2024-11-29,NASDAQ 100 ETF,509.739990234375,15334000,Equity
2024-12-02,NASDAQ 100 ETF,515.2899780273438,25147200,Equity
2024-12-03,NASDAQ 100 ETF,516.8699951171875,18597900,Equity
2024-12-04,NASDAQ 100 ETF,523.260009765625,26086200,Equity
2024-12-05,NASDAQ 100 ETF,521.8099975585938,18169600,Equity
2024-12-06,NASDAQ 100 ETF,526.47998046875,23762600,Equity
2024-12-09,NASDAQ 100 ETF,522.3800048828125,20674400,Equity
2024-12-10,NASDAQ 100 ETF,520.5999755859375,24350000,Equity
2024-12-11,NASDAQ 100 ETF,529.9199829101562,32168600,Equity
2024-12-12,NASDAQ 100 ETF,526.5,23577500,Equity
2024-12-13,NASDAQ 100 ETF,530.530029296875,28780400,Equity
2024-12-16,NASDAQ 100 ETF,538.1699829101562,31979900,Equity
2024-12-17,NASDAQ 100 ETF,535.7999877929688,28579100,Equity
2024-12-18,NASDAQ 100 ETF,516.469970703125,54703200,Equity
2024-12-19,NASDAQ 100 ETF,514.1699829101562,46441800,Equity
2024-12-20,NASDAQ 100 ETF,518.6599731445312,60530000,Equity
2024-12-23,NASDAQ 100 ETF,522.8699951171875,29672800,Equity
2024-12-24,NASDAQ 100 ETF,529.9600219726562,17558200,Equity
2024-12-26,NASDAQ 100 ETF,529.5999755859375,19090500,Equity
2024-12-27,NASDAQ 100 ETF,522.5599975585938,33839600,Equity
2024-12-30,NASDAQ 100 ETF,515.6099853515625,34584000,Equity
2024-12-31,NASDAQ 100 ETF,511.2300109863281,29117000,Equity
2025-01-02,NASDAQ 100 ETF,510.2300109863281,36389800,Equity
2025-01-03,NASDAQ 100 ETF,518.5800170898438,29059500,Equity
2025-01-06,NASDAQ 100 ETF,524.5399780273438,36109700,Equity
2025-01-07,NASDAQ 100 ETF,515.1799926757812,36690300,Equity
2025-01-08,NASDAQ 100 ETF,515.27001953125,30777800,Equity
2025-01-10,NASDAQ 100 ETF,507.19000244140625,40532500,Equity
2025-01-13,NASDAQ 100 ETF,505.55999755859375,31694200,Equity
2025-01-14,NASDAQ 100 ETF,505.0799865722656,33737200,Equity
2025-01-15,NASDAQ 100 ETF,516.7000122070312,34957600,Equity
2025-01-16,NASDAQ 100 ETF,513.0800170898438,28229000,Equity
2025-01-17,NASDAQ 100 ETF,521.739990234375,51837900,Equity
2025-01-21,NASDAQ 100 ETF,524.7999877929688,23628000,Equity
2025-01-22,NASDAQ 100 ETF,531.510009765625,33593000,Equity
2025-01-23,NASDAQ 100 ETF,532.6400146484375,23096600,Equity
2025-01-24,NASDAQ 100 ETF,529.6300048828125,19878300,Equity
2025-01-27,NASDAQ 100 ETF,514.2100219726562,60771700,Equity
2025-01-28,NASDAQ 100 ETF,521.8099975585938,33194200,Equity
2025-01-29,NASDAQ 100 ETF,520.8300170898438,26649000,Equity
2025-01-30,NASDAQ 100 ETF,523.0499877929688,27431300,Equity
2025-01-31,NASDAQ 100 ETF,522.2899780273438,38755200,Equity
2025-02-03,NASDAQ 100 ETF,518.1099853515625,40580800,Equity
2025-02-04,NASDAQ 100 ETF,524.469970703125,26046800,Equity
2025-02-05,NASDAQ 100 ETF,526.8499755859375,21134100,Equity
2025-02-06,NASDAQ 100 ETF,529.5999755859375,19434500,Equity
2025-02-07,NASDAQ 100 ETF,522.9199829101562,29605500,Equity
2025-02-10,NASDAQ 100 ETF,529.25,20852800,Equity
2025-02-11,NASDAQ 100 ETF,527.989990234375,19325500,Equity
2025-02-12,NASDAQ 100 ETF,528.2999877929688,25009400,Equity
2025-02-13,NASDAQ 100 ETF,535.9000244140625,28714800,Equity
2025-02-14,NASDAQ 100 ETF,538.1500244140625,17862600,Equity
2025-02-18,NASDAQ 100 ETF,539.3699951171875,20565000,Equity
2025-02-19,NASDAQ 100 ETF,539.52001953125,19666900,Equity
2025-02-20,NASDAQ 100 ETF,537.22998046875,26550800,Equity
2025-02-21,NASDAQ 100 ETF,526.0800170898438,47093800,Equity
2025-02-24,NASDAQ 100 ETF,519.8699951171875,39268400,Equity
2025-02-25,NASDAQ 100 ETF,513.3200073242188,48940000,Equity
2025-02-26,NASDAQ 100 ETF,514.5599975585938,34457600,Equity
2025-02-27,NASDAQ 100 ETF,500.2699890136719,52448000,Equity
2025-02-28,NASDAQ 100 ETF,508.1700134277344,47654000,Equity
2025-03-03,NASDAQ 100 ETF,497.04998779296875,44587200,Equity
2025-03-04,NASDAQ 100 ETF,495.54998779296875,67875400,Equity
2025-03-05,NASDAQ 100 ETF,502.010009765625,46323700,Equity
2025-03-06,NASDAQ 100 ETF,488.20001220703125,57574300,Equity
2025-03-07,NASDAQ 100 ETF,491.7900085449219,54714700,Equity
2025-03-10,NASDAQ 100 ETF,472.7300109863281,76668000,Equity
2025-03-11,NASDAQ 100 ETF,471.6000061035156,68760800,Equity
2025-03-12,NASDAQ 100 ETF,476.9200134277344,46971100,Equity
2025-03-13,NASDAQ 100 ETF,468.3399963378906,46563300,Equity
2025-03-14,NASDAQ 100 ETF,479.6600036621094,43563000,Equity
2025-03-17,NASDAQ 100 ETF,482.7699890136719,41744400,Equity
2025-03-18,NASDAQ 100 ETF,474.5400085449219,39072300,Equity
2025-03-19,NASDAQ 100 ETF,480.8900146484375,40430300,Equity
2025-03-20,NASDAQ 100 ETF,479.260009765625,36780500,Equity
2025-03-21,NASDAQ 100 ETF,480.8399963378906,42234900,Equity
2025-03-24,NASDAQ 100 ETF,490.6600036621094,34567200,Equity
2025-03-25,NASDAQ 100 ETF,493.4599914550781,26035200,Equity
2025-03-26,NASDAQ 100 ETF,484.3800048828125,34627100,Equity
2025-03-27,NASDAQ 100 ETF,481.6199951171875,33469800,Equity
2025-03-28,NASDAQ 100 ETF,468.94000244140625,46363800,Equity
2025-03-31,NASDAQ 100 ETF,468.9200134277344,53000300,Equity
2025-04-01,NASDAQ 100 ETF,472.70001220703125,41156200,Equity
2025-04-02,NASDAQ 100 ETF,476.1499938964844,49894500,Equity
2025-04-03,NASDAQ 100 ETF,450.6600036621094,70456300,Equity
2025-04-04,NASDAQ 100 ETF,422.6700134277344,117088400,Equity
2025-04-07,NASDAQ 100 ETF,423.69000244140625,161557000,Equity
2025-04-08,NASDAQ 100 ETF,416.05999755859375,101248100,Equity
2025-04-09,NASDAQ 100 ETF,466.0,142876900,Equity
2025-04-10,NASDAQ 100 ETF,446.17999267578125,108384100,Equity
2025-04-11,NASDAQ 100 ETF,454.3999938964844,52483800,Equity
2025-04-14,NASDAQ 100 ETF,457.4800109863281,43941200,Equity
2025-04-15,NASDAQ 100 ETF,457.989990234375,35404200,Equity
2025-04-16,NASDAQ 100 ETF,444.17999267578125,48980600,Equity
2025-04-17,NASDAQ 100 ETF,444.1000061035156,44837000,Equity
2025-04-21,NASDAQ 100 ETF,433.1099853515625,44149300,Equity
2025-04-22,NASDAQ 100 ETF,444.4800109863281,52304400,Equity
2025-04-23,NASDAQ 100 ETF,454.55999755859375,55801100,Equity
2025-04-24,NASDAQ 100 ETF,467.3500061035156,45956100,Equity
2025-04-25,NASDAQ 100 ETF,472.55999755859375,38697100,Equity
2025-04-28,NASDAQ 100 ETF,472.4100036621094,33550800,Equity
2025-04-29,NASDAQ 100 ETF,475.5299987792969,30613100,Equity
2025-04-30,NASDAQ 100 ETF,475.4700012207031,46810600,Equity
2025-05-01,NASDAQ 100 ETF,481.67999267578125,43316500,Equity
2025-05-02,NASDAQ 100 ETF,488.8299865722656,39218100,Equity
2025-05-05,NASDAQ 100 ETF,485.92999267578125,28309500,Equity
2025-05-06,NASDAQ 100 ETF,481.4100036621094,32786300,Equity
2025-05-07,NASDAQ 100 ETF,483.29998779296875,38006300,Equity
2025-05-08,NASDAQ 100 ETF,488.2900085449219,39577600,Equity
2025-05-09,NASDAQ 100 ETF,487.9700012207031,27767400,Equity
2025-05-12,NASDAQ 100 ETF,507.8500061035156,45090600,Equity
2025-05-13,NASDAQ 100 ETF,515.5900268554688,53269600,Equity
2025-05-14,NASDAQ 100 ETF,518.6799926757812,47014500,Equity
2025-05-15,NASDAQ 100 ETF,519.25,50153300,Equity
2025-05-16,NASDAQ 100 ETF,521.510009765625,48394600,Equity
2025-05-19,NASDAQ 100 ETF,522.010009765625,52536200,Equity
2025-05-20,NASDAQ 100 ETF,520.27001953125,42517600,Equity
2025-05-21,NASDAQ 100 ETF,513.0399780273438,71292800,Equity
2025-05-22,NASDAQ 100 ETF,514.0,55607200,Equity
2025-05-23,NASDAQ 100 ETF,509.239990234375,58368100,Equity
2025-05-27,NASDAQ 100 ETF,521.219970703125,47226300,Equity
2025-05-28,NASDAQ 100 ETF,518.9099731445312,46637200,Equity
2025-05-29,NASDAQ 100 ETF,519.9299926757812,58513300,Equity
2025-05-30,NASDAQ 100 ETF,519.1099853515625,67662800,Equity
2025-06-02,NASDAQ 100 ETF,523.2100219726562,44762800,Equity
2025-06-03,NASDAQ 100 ETF,527.2999877929688,44070300,Equity
2025-06-04,NASDAQ 100 ETF,528.77001953125,41359300,Equity
2025-06-05,NASDAQ 100 ETF,524.7899780273438,61031200,Equity
2025-06-06,NASDAQ 100 ETF,529.9199829101562,42467000,Equity
2025-06-09,NASDAQ 100 ETF,530.7000122070312,33688700,Equity
2025-06-10,NASDAQ 100 ETF,534.2100219726562,40664800,Equity
2025-06-11,NASDAQ 100 ETF,532.4099731445312,53701000,Equity
2025-06-12,NASDAQ 100 ETF,533.6599731445312,34104900,Equity
2025-06-13,NASDAQ 100 ETF,526.9600219726562,55814400,Equity
2025-06-16,NASDAQ 100 ETF,534.2899780273438,37622100,Equity
2025-06-17,NASDAQ 100 ETF,529.0800170898438,42180900,Equity
2025-06-18,NASDAQ 100 ETF,528.989990234375,43983500,Equity
2025-06-20,NASDAQ 100 ETF,526.8300170898438,61643500,Equity
2025-06-23,NASDAQ 100 ETF,531.6500244140625,50666100,Equity
2025-06-24,NASDAQ 100 ETF,539.780029296875,45442000,Equity
2025-06-25,NASDAQ 100 ETF,541.1599731445312,44804200,Equity
2025-06-26,NASDAQ 100 ETF,546.219970703125,43811400,Equity
2025-06-27,NASDAQ 100 ETF,548.0900268554688,57577100,Equity
2025-06-30,NASDAQ 100 ETF,551.6400146484375,45548700,Equity
2025-07-01,NASDAQ 100 ETF,546.989990234375,56166700,Equity
2025-07-02,NASDAQ 100 ETF,550.7999877929688,36538300,Equity
2025-07-03,NASDAQ 100 ETF,556.219970703125,26443500,Equity
2025-07-07,NASDAQ 100 ETF,552.030029296875,45349300,Equity
2025-07-08,NASDAQ 100 ETF,552.3400268554688,36153300,Equity
2025-07-09,NASDAQ 100 ETF,556.25,43045500,Equity
2025-07-10,NASDAQ 100 ETF,555.4500122070312,34710900,Equity
2025-07-11,NASDAQ 100 ETF,554.2000122070312,39618600,Equity
2025-07-14,NASDAQ 100 ETF,556.2100219726562,36453300,Equity
2025-07-15,NASDAQ 100 ETF,556.719970703125,43277700,Equity
2025-07-16,NASDAQ 100 ETF,557.2899780273438,52314700,Equity
2025-07-17,NASDAQ 100 ETF,561.7999877929688,40423800,Equity
2025-07-18,NASDAQ 100 ETF,561.260009765625,50484700,Equity
2025-07-21,NASDAQ 100 ETF,564.1699829101562,39595200,Equity
2025-07-22,NASDAQ 100 ETF,561.25,43270600,Equity
2025-07-23,NASDAQ 100 ETF,563.8099975585938,40215300,Equity
2025-07-24,NASDAQ 100 ETF,565.010009765625,42275500,Equity
2025-07-25,NASDAQ 100 ETF,566.3699951171875,30630800,Equity
2025-07-28,NASDAQ 100 ETF,568.1400146484375,31498700,Equity
2025-07-29,NASDAQ 100 ETF,567.260009765625,45463300,Equity
2025-07-30,NASDAQ 100 ETF,568.02001953125,43433800,Equity
2025-07-31,NASDAQ 100 ETF,565.010009765625,64613600,Equity
2025-08-01,NASDAQ 100 ETF,553.8800048828125,69400800,Equity
2025-08-04,NASDAQ 100 ETF,564.0999755859375,47669800,Equity
2025-08-05,NASDAQ 100 ETF,560.27001953125,48666600,Equity
2025-08-06,NASDAQ 100 ETF,567.3200073242188,41823700,Equity
2025-08-07,NASDAQ 100 ETF,569.239990234375,44463000,Equity
2025-08-08,NASDAQ 100 ETF,574.5499877929688,35255500,Equity
2025-08-11,NASDAQ 100 ETF,572.8499755859375,33112900,Equity
2025-08-12,NASDAQ 100 ETF,580.0499877929688,42143300,Equity
2025-08-13,NASDAQ 100 ETF,580.3400268554688,41209300,Equity
2025-08-14,NASDAQ 100 ETF,579.8900146484375,45425000,Equity
2025-08-15,NASDAQ 100 ETF,577.3400268554688,49480200,Equity
2025-08-18,NASDAQ 100 ETF,577.1099853515625,29831000,Equity
2025-08-19,NASDAQ 100 ETF,569.280029296875,53752600,Equity
2025-08-20,NASDAQ 100 ETF,565.9000244140625,76781100,Equity
2025-08-21,NASDAQ 100 ETF,563.280029296875,46436900,Equity
2025-08-22,NASDAQ 100 ETF,571.969970703125,51502100,Equity
2025-08-25,NASDAQ 100 ETF,570.3200073242188,34044700,Equity
2025-08-26,NASDAQ 100 ETF,572.6099853515625,34103000,Equity
2025-08-27,NASDAQ 100 ETF,573.489990234375,36927100,Equity
2025-08-28,NASDAQ 100 ETF,577.0800170898438,46787900,Equity
2025-08-29,NASDAQ 100 ETF,570.4000244140625,56030400,Equity
2025-09-02,NASDAQ 100 ETF,565.6199951171875,65876800,Equity
2025-09-03,NASDAQ 100 ETF,570.0700073242188,54230200,Equity
2025-09-04,NASDAQ 100 ETF,575.22998046875,47526300,Equity
2025-09-05,NASDAQ 100 ETF,576.0599975585938,68342500,Equity
2025-09-08,NASDAQ 100 ETF,578.8699951171875,46371400,Equity
2025-09-09,NASDAQ 100 ETF,580.510009765625,44007600,Equity
2025-09-10,NASDAQ 100 ETF,580.7000122070312,49308000,Equity
2025-09-11,NASDAQ 100 ETF,584.0800170898438,44745800,Equity
2025-09-12,NASDAQ 100 ETF,586.6599731445312,50745900,Equity
2025-09-15,NASDAQ 100 ETF,591.6799926757812,44360300,Equity
2025-09-16,NASDAQ 100 ETF,591.1799926757812,36942100,Equity
2025-09-17,NASDAQ 100 ETF,590.0,69384800,Equity
2025-09-18,NASDAQ 100 ETF,595.3200073242188,61069300,Equity
2025-09-19,NASDAQ 100 ETF,599.3499755859375,58196100,Equity
2025-09-22,NASDAQ 100 ETF,602.2000122070312,57154800,Equity
2025-09-23,NASDAQ 100 ETF,598.2000122070312,64635500,Equity
2025-09-24,NASDAQ 100 ETF,596.0999755859375,49850300,Equity
2025-09-25,NASDAQ 100 ETF,593.530029296875,70920200,Equity
2025-09-26,NASDAQ 100 ETF,595.969970703125,54337400,Equity
2025-09-29,NASDAQ 100 ETF,598.72998046875,48332900,Equity
2025-09-30,NASDAQ 100 ETF,600.3699951171875,46533800,Equity
2025-10-01,NASDAQ 100 ETF,603.25,46899600,Equity
2025-10-02,NASDAQ 100 ETF,605.72998046875,43765400,Equity
2025-10-03,NASDAQ 100 ETF,603.1799926757812,46482100,Equity
2025-10-06,NASDAQ 100 ETF,607.7100219726562,41962100,Equity
2025-10-07,NASDAQ 100 ETF,604.510009765625,58209500,Equity
2025-10-08,NASDAQ 100 ETF,611.4400024414062,50629800,Equity
2025-10-09,NASDAQ 100 ETF,610.7000122070312,45551000,Equity
2025-10-10,NASDAQ 100 ETF,589.5,97614800,Equity
2025-10-13,NASDAQ 100 ETF,602.010009765625,65872600,Equity
2025-10-14,NASDAQ 100 ETF,598.0,69203200,Equity
2025-10-15,NASDAQ 100 ETF,602.219970703125,62805500,Equity
2025-10-16,NASDAQ 100 ETF,599.989990234375,70982000,Equity
2025-10-17,NASDAQ 100 ETF,603.9299926757812,72024900,Equity
2025-10-20,NASDAQ 100 ETF,611.5399780273438,45761700,Equity
2025-10-21,NASDAQ 100 ETF,611.3800048828125,44538200,Equity
2025-10-22,NASDAQ 100 ETF,605.489990234375,61478800,Equity
2025-10-23,NASDAQ 100 ETF,610.5800170898438,42844300,Equity
2025-10-24,NASDAQ 100 ETF,617.0999755859375,47632500,Equity
2025-10-27,NASDAQ 100 ETF,628.0900268554688,54098600,Equity
2025-10-28,NASDAQ 100 ETF,632.9199829101562,61195700,Equity
2025-10-29,NASDAQ 100 ETF,635.77001953125,67422800,Equity
2025-10-30,NASDAQ 100 ETF,626.0499877929688,61628600,Equity
2025-10-31,NASDAQ 100 ETF,629.0700073242188,66305100,Equity
2025-11-03,NASDAQ 100 ETF,632.0800170898438,37154300,Equity
2025-11-04,NASDAQ 100 ETF,619.25,63830800,Equity
2025-11-05,NASDAQ 100 ETF,623.280029296875,48688500,Equity
2025-11-06,NASDAQ 100 ETF,611.6699829101562,72115100,Equity
2025-11-07,NASDAQ 100 ETF,609.739990234375,81835400,Equity
2025-11-10,NASDAQ 100 ETF,623.22998046875,55919900,Equity
2025-11-11,NASDAQ 100 ETF,621.5700073242188,44868800,Equity
2025-11-12,NASDAQ 100 ETF,621.0800170898438,47444400,Equity
2025-11-13,NASDAQ 100 ETF,608.4000244140625,71333600,Equity
2025-11-14,NASDAQ 100 ETF,608.8599853515625,80087300,Equity
2025-11-17,NASDAQ 100 ETF,603.6599731445312,63850400,Equity
2025-11-18,NASDAQ 100 ETF,596.3099975585938,83327300,Equity
2025-11-19,NASDAQ 100 ETF,599.8699951171875,73111500,Equity
2025-11-20,NASDAQ 100 ETF,585.6699829101562,117743200,Equity
2025-11-21,NASDAQ 100 ETF,590.0700073242188,103344200,Equity
2025-11-24,NASDAQ 100 ETF,605.1599731445312,60168100,Equity
2025-11-25,NASDAQ 100 ETF,608.8900146484375,57560900,Equity
2025-11-26,NASDAQ 100 ETF,614.27001953125,42393600,Equity
2025-11-28,NASDAQ 100 ETF,619.25,23034400,Equity
2025-12-01,NASDAQ 100 ETF,617.1699829101562,40957600,Equity
2025-12-02,NASDAQ 100 ETF,622.0,54541800,Equity
2025-12-03,NASDAQ 100 ETF,623.52001953125,47841600,Equity
2025-12-04,NASDAQ 100 ETF,622.9400024414062,47067800,Equity
2025-12-05,NASDAQ 100 ETF,625.47998046875,53614200,Equity
2025-12-08,NASDAQ 100 ETF,624.280029296875,43462400,Equity
2025-12-09,NASDAQ 100 ETF,625.0499877929688,37156000,Equity
2025-12-10,NASDAQ 100 ETF,627.6099853515625,55031400,Equity
2025-12-11,NASDAQ 100 ETF,625.5800170898438,58272800,Equity
2025-12-12,NASDAQ 100 ETF,613.6199951171875,75158700,Equity
2025-12-15,NASDAQ 100 ETF,610.5399780273438,49538200,Equity
2025-12-16,NASDAQ 100 ETF,611.75,55152800,Equity
2025-12-17,NASDAQ 100 ETF,600.4099731445312,70654300,Equity
2025-12-18,NASDAQ 100 ETF,609.1099853515625,78875800,Equity
2025-12-19,NASDAQ 100 ETF,617.0499877929688,60369800,Equity
2025-12-22,NASDAQ 100 ETF,619.2100219726562,43703100,Equity
2025-12-23,NASDAQ 100 ETF,622.1099853515625,41120400,Equity
2025-12-24,NASDAQ 100 ETF,623.9299926757812,18468700,Equity
2025-12-26,NASDAQ 100 ETF,623.8900146484375,28959800,Equity
2025-12-29,NASDAQ 100 ETF,620.8699951171875,32458300,Equity
2025-12-30,NASDAQ 100 ETF,619.4299926757812,31226800,Equity
2025-12-31,NASDAQ 100 ETF,614.3099975585938,40746500,Equity
2026-01-02,NASDAQ 100 ETF,613.1199951171875,61859200,Equity
2026-01-05,NASDAQ 100 ETF,617.989990234375,46828400,Equity
2026-01-06,NASDAQ 100 ETF,623.4199829101562,43137500,Equity
2026-01-07,NASDAQ 100 ETF,624.02001953125,44880300,Equity
2026-01-08,NASDAQ 100 ETF,620.469970703125,50435900,Equity
2026-01-09,NASDAQ 100 ETF,626.6500244140625,49688700,Equity
2026-01-12,NASDAQ 100 ETF,627.1699829101562,37388700,Equity
2026-01-13,NASDAQ 100 ETF,626.239990234375,44481400,Equity
2026-01-14,NASDAQ 100 ETF,619.5499877929688,72598700,Equity
2026-01-15,NASDAQ 100 ETF,621.780029296875,53934900,Equity
2026-01-16,NASDAQ 100 ETF,621.260009765625,61058100,Equity
2026-01-20,NASDAQ 100 ETF,608.0599975585938,81988900,Equity
2026-01-21,NASDAQ 100 ETF,616.280029296875,79837900,Equity
2026-01-22,NASDAQ 100 ETF,620.760009765625,42254800,Equity
2026-01-23,NASDAQ 100 ETF,622.719970703125,43645800,Equity
2026-01-26,NASDAQ 100 ETF,625.4600219726562,35983000,Equity
2026-01-27,NASDAQ 100 ETF,631.1300048828125,38997200,Equity
2026-01-28,NASDAQ 100 ETF,633.219970703125,50691700,Equity
2026-01-29,NASDAQ 100 ETF,629.4299926757812,79944000,Equity
2026-01-30,NASDAQ 100 ETF,621.8699951171875,65650700,Equity
2026-02-02,NASDAQ 100 ETF,626.1400146484375,49020300,Equity
2026-02-03,NASDAQ 100 ETF,616.52001953125,81234000,Equity
2026-02-04,NASDAQ 100 ETF,605.75,81850700,Equity
2026-02-05,NASDAQ 100 ETF,597.030029296875,89354500,Equity
2026-02-06,NASDAQ 100 ETF,609.6500244140625,78019300,Equity
2026-02-09,NASDAQ 100 ETF,614.3200073242188,56797600,Equity
2026-02-10,NASDAQ 100 ETF,611.469970703125,53938900,Equity
2026-02-11,NASDAQ 100 ETF,613.1099853515625,58575100,Equity
2026-02-12,NASDAQ 100 ETF,600.6400146484375,81378900,Equity
2026-02-13,NASDAQ 100 ETF,601.9199829101562,69237500,Equity
2026-02-17,NASDAQ 100 ETF,601.2999877929688,69013800,Equity
2026-02-18,NASDAQ 100 ETF,605.7899780273438,64250700,Equity
2026-02-19,NASDAQ 100 ETF,603.469970703125,60960800,Equity
2026-02-20,NASDAQ 100 ETF,608.8099975585938,74127300,Equity
2026-02-23,NASDAQ 100 ETF,601.4099731445312,63859100,Equity
2026-02-24,NASDAQ 100 ETF,607.8699951171875,55023700,Equity
2026-02-25,NASDAQ 100 ETF,616.6799926757812,55710700,Equity
2026-02-26,NASDAQ 100 ETF,609.239990234375,96178900,Equity
2026-02-27,NASDAQ 100 ETF,607.2899780273438,68125200,Equity
2026-03-02,NASDAQ 100 ETF,608.0900268554688,75264600,Equity
2026-03-03,NASDAQ 100 ETF,601.5800170898438,97015500,Equity
2026-03-04,NASDAQ 100 ETF,610.75,70943900,Equity
2026-03-05,NASDAQ 100 ETF,608.9099731445312,89602400,Equity
2026-03-06,NASDAQ 100 ETF,599.75,86302300,Equity
2026-03-09,NASDAQ 100 ETF,607.760009765625,93068200,Equity
2026-03-10,NASDAQ 100 ETF,607.77001953125,64078900,Equity
2026-03-11,NASDAQ 100 ETF,607.6900024414062,60114800,Equity
2026-03-12,NASDAQ 100 ETF,597.260009765625,71836600,Equity
2026-03-13,NASDAQ 100 ETF,593.719970703125,63145500,Equity
2026-03-16,NASDAQ 100 ETF,600.3800048828125,49077200,Equity
2026-03-17,NASDAQ 100 ETF,603.3099975585938,47106600,Equity
2026-03-18,NASDAQ 100 ETF,594.9000244140625,56128000,Equity
2026-03-19,NASDAQ 100 ETF,593.02001953125,75597600,Equity
2026-03-20,NASDAQ 100 ETF,582.0599975585938,91964700,Equity
2026-03-23,NASDAQ 100 ETF,588.0,89936100,Equity
2026-03-24,NASDAQ 100 ETF,583.97998046875,57750900,Equity
2026-03-25,NASDAQ 100 ETF,587.8200073242188,60475500,Equity
2026-03-26,NASDAQ 100 ETF,573.7899780273438,81492100,Equity
2026-03-27,NASDAQ 100 ETF,562.5800170898438,82702200,Equity
2026-03-30,NASDAQ 100 ETF,558.280029296875,70602600,Equity
2026-03-31,NASDAQ 100 ETF,577.1799926757812,95878000,Equity
2026-04-01,NASDAQ 100 ETF,584.3099975585938,79435100,Equity
2026-04-02,NASDAQ 100 ETF,584.97998046875,50941700,Equity
2026-04-06,NASDAQ 100 ETF,588.5,35108500,Equity
2026-04-07,NASDAQ 100 ETF,588.5900268554688,49948200,Equity
2026-04-08,NASDAQ 100 ETF,606.0900268554688,63086000,Equity
2026-04-09,NASDAQ 100 ETF,610.1900024414062,37837500,Equity
2026-04-10,NASDAQ 100 ETF,611.0700073242188,34038500,Equity
2026-04-13,NASDAQ 100 ETF,617.3900146484375,32972100,Equity
2026-04-14,NASDAQ 100 ETF,628.5999755859375,49921100,Equity
2026-04-15,NASDAQ 100 ETF,637.4000244140625,50102400,Equity
2026-04-16,NASDAQ 100 ETF,640.469970703125,42320600,Equity
2026-04-17,NASDAQ 100 ETF,648.8499755859375,53488900,Equity
2026-04-20,NASDAQ 100 ETF,646.7899780273438,37138500,Equity
2026-04-21,NASDAQ 100 ETF,644.3300170898438,39580500,Equity
2026-04-22,NASDAQ 100 ETF,655.1099853515625,37368400,Equity
2026-04-23,NASDAQ 100 ETF,651.4199829101562,40099800,Equity
2026-04-24,NASDAQ 100 ETF,663.8800048828125,45423700,Equity
2016-04-25,S&P 500 ETF,208.61000061035156,66166500,Equity
2016-04-26,S&P 500 ETF,208.9199981689453,75864200,Equity
2016-04-27,S&P 500 ETF,209.35000610351562,77329400,Equity
2016-04-28,S&P 500 ETF,207.4499969482422,97216200,Equity
2016-04-29,S&P 500 ETF,206.3300018310547,142424100,Equity
2016-05-02,S&P 500 ETF,207.97000122070312,62188000,Equity
2016-05-03,S&P 500 ETF,206.16000366210938,106422100,Equity
2016-05-04,S&P 500 ETF,205.00999450683594,92243800,Equity
2016-05-05,S&P 500 ETF,204.97000122070312,67619200,Equity
2016-05-06,S&P 500 ETF,205.72000122070312,89315000,Equity
2016-05-09,S&P 500 ETF,205.88999938964844,74374900,Equity
2016-05-10,S&P 500 ETF,208.4499969482422,77472200,Equity
2016-05-11,S&P 500 ETF,206.5,81727000,Equity
2016-05-12,S&P 500 ETF,206.55999755859375,89586300,Equity
2016-05-13,S&P 500 ETF,204.75999450683594,96474600,Equity
2016-05-16,S&P 500 ETF,206.77999877929688,77486800,Equity
2016-05-17,S&P 500 ETF,204.85000610351562,114924900,Equity
2016-05-18,S&P 500 ETF,204.91000366210938,120062100,Equity
2016-05-19,S&P 500 ETF,204.1999969482422,115430500,Equity
2016-05-20,S&P 500 ETF,205.49000549316406,104990400,Equity
2016-05-23,S&P 500 ETF,205.2100067138672,58682600,Equity
2016-05-24,S&P 500 ETF,207.8699951171875,93537800,Equity
2016-05-25,S&P 500 ETF,209.27999877929688,76621400,Equity
2016-05-26,S&P 500 ETF,209.33999633789062,55280700,Equity
2016-05-27,S&P 500 ETF,210.24000549316406,64211200,Equity
2016-05-31,S&P 500 ETF,209.83999633789062,109879400,Equity
2016-06-01,S&P 500 ETF,210.27000427246094,69936200,Equity
2016-06-02,S&P 500 ETF,210.91000366210938,63044700,Equity
2016-06-03,S&P 500 ETF,210.27999877929688,101757100,Equity
2016-06-06,S&P 500 ETF,211.35000610351562,64887000,Equity
2016-06-07,S&P 500 ETF,211.67999267578125,60974800,Equity
2016-06-08,S&P 500 ETF,212.3699951171875,66170900,Equity
2016-06-09,S&P 500 ETF,212.0800018310547,73786900,Equity
2016-06-10,S&P 500 ETF,210.07000732421875,113829200,Equity
2016-06-13,S&P 500 ETF,208.4499969482422,117751200,Equity
2016-06-14,S&P 500 ETF,208.0399932861328,125059300,Equity
2016-06-15,S&P 500 ETF,207.75,109124500,Equity
2016-06-16,S&P 500 ETF,208.3699951171875,149533100,Equity
2016-06-17,S&P 500 ETF,206.52000427246094,117055700,Equity
2016-06-20,S&P 500 ETF,207.85000610351562,82789600,Equity
2016-06-21,S&P 500 ETF,208.44000244140625,72461700,Equity
2016-06-22,S&P 500 ETF,208.10000610351562,95560500,Equity
2016-06-23,S&P 500 ETF,210.80999755859375,102731400,Equity
2016-06-24,S&P 500 ETF,203.24000549316406,333444400,Equity
2016-06-27,S&P 500 ETF,199.60000610351562,230775800,Equity
2016-06-28,S&P 500 ETF,203.1999969482422,159382400,Equity
2016-06-29,S&P 500 ETF,206.66000366210938,137328600,Equity
2016-06-30,S&P 500 ETF,209.47999572753906,165021900,Equity
2016-07-01,S&P 500 ETF,209.9199981689453,106055300,Equity
2016-07-05,S&P 500 ETF,208.41000366210938,109803700,Equity
2016-07-06,S&P 500 ETF,209.66000366210938,96021500,Equity
2016-07-07,S&P 500 ETF,209.52999877929688,85593800,Equity
2016-07-08,S&P 500 ETF,212.64999389648438,133971000,Equity
2016-07-11,S&P 500 ETF,213.39999389648438,73633900,Equity
2016-07-12,S&P 500 ETF,214.9499969482422,101275600,Equity
2016-07-13,S&P 500 ETF,214.9199981689453,87324100,Equity
2016-07-14,S&P 500 ETF,216.1199951171875,91230900,Equity
2016-07-15,S&P 500 ETF,215.8300018310547,107155400,Equity
2016-07-18,S&P 500 ETF,216.41000366210938,58725900,Equity
2016-07-19,S&P 500 ETF,216.19000244140625,54345700,Equity
2016-07-20,S&P 500 ETF,217.08999633789062,58159500,Equity
2016-07-21,S&P 500 ETF,216.27000427246094,67777300,Equity
2016-07-22,S&P 500 ETF,217.24000549316406,62787500,Equity
2016-07-25,S&P 500 ETF,216.64999389648438,55873100,Equity
2016-07-26,S&P 500 ETF,216.75,70080500,Equity
2016-07-27,S&P 500 ETF,216.52000427246094,84083900,Equity
2016-07-28,S&P 500 ETF,216.77000427246094,65035700,Equity
2016-07-29,S&P 500 ETF,217.1199951171875,79519400,Equity
2016-08-01,S&P 500 ETF,216.94000244140625,73311400,Equity
2016-08-02,S&P 500 ETF,215.5500030517578,92295500,Equity
2016-08-03,S&P 500 ETF,216.17999267578125,53993600,Equity
2016-08-04,S&P 500 ETF,216.41000366210938,46585500,Equity
2016-08-05,S&P 500 ETF,218.17999267578125,71892200,Equity
2016-08-08,S&P 500 ETF,218.0500030517578,39906500,Equity
2016-08-09,S&P 500 ETF,218.17999267578125,51251700,Equity
2016-08-10,S&P 500 ETF,217.63999938964844,57941100,Equity
2016-08-11,S&P 500 ETF,218.64999389648438,72504300,Equity
2016-08-12,S&P 500 ETF,218.4600067138672,61313500,Equity
2016-08-15,S&P 500 ETF,219.08999633789062,49813500,Equity
2016-08-16,S&P 500 ETF,217.9600067138672,53213600,Equity
2016-08-17,S&P 500 ETF,218.3699951171875,75134300,Equity
2016-08-18,S&P 500 ETF,218.86000061035156,52989300,Equity
2016-08-19,S&P 500 ETF,218.5399932861328,75443000,Equity
2016-08-22,S&P 500 ETF,218.52999877929688,61368800,Equity
2016-08-23,S&P 500 ETF,218.97000122070312,53399200,Equity
2016-08-24,S&P 500 ETF,217.85000610351562,71728900,Equity
2016-08-25,S&P 500 ETF,217.6999969482422,69224800,Equity
2016-08-26,S&P 500 ETF,217.2899932861328,122506300,Equity
2016-08-29,S&P 500 ETF,218.36000061035156,70502200,Equity
2016-08-30,S&P 500 ETF,218.0,58114500,Equity
2016-08-31,S&P 500 ETF,217.3800048828125,85269500,Equity
2016-09-01,S&P 500 ETF,217.38999938964844,97844200,Equity
2016-09-02,S&P 500 ETF,218.3699951171875,79293900,Equity
2016-09-06,S&P 500 ETF,219.02999877929688,56702100,Equity
2016-09-07,S&P 500 ETF,219.00999450683594,76554900,Equity
2016-09-08,S&P 500 ETF,218.50999450683594,74102900,Equity
2016-09-09,S&P 500 ETF,213.27999877929688,221589100,Equity
2016-09-12,S&P 500 ETF,216.33999633789062,168110900,Equity
2016-09-13,S&P 500 ETF,213.22999572753906,182828800,Equity
2016-09-14,S&P 500 ETF,213.14999389648438,134185500,Equity
2016-09-15,S&P 500 ETF,215.27999877929688,134427900,Equity
2016-09-16,S&P 500 ETF,213.3699951171875,155236400,Equity
2016-09-19,S&P 500 ETF,213.41000366210938,80250500,Equity
2016-09-20,S&P 500 ETF,213.4199981689453,69665300,Equity
2016-09-21,S&P 500 ETF,215.82000732421875,110284400,Equity
2016-09-22,S&P 500 ETF,217.17999267578125,76678700,Equity
2016-09-23,S&P 500 ETF,215.99000549316406,73630900,Equity
2016-09-26,S&P 500 ETF,214.24000549316406,89827300,Equity
2016-09-27,S&P 500 ETF,215.57000732421875,78494800,Equity
2016-09-28,S&P 500 ETF,216.63999938964844,87411000,Equity
2016-09-29,S&P 500 ETF,214.67999267578125,128070600,Equity
2016-09-30,S&P 500 ETF,216.3000030517578,117202900,Equity
2016-10-03,S&P 500 ETF,215.77999877929688,83512100,Equity
2016-10-04,S&P 500 ETF,214.67999267578125,119948100,Equity
2016-10-05,S&P 500 ETF,215.6300048828125,72816000,Equity
2016-10-06,S&P 500 ETF,215.77999877929688,62927400,Equity
2016-10-07,S&P 500 ETF,215.0399932861328,89788300,Equity
2016-10-10,S&P 500 ETF,216.16000366210938,51855000,Equity
2016-10-11,S&P 500 ETF,213.42999267578125,130367400,Equity
2016-10-12,S&P 500 ETF,213.7100067138672,73866100,Equity
2016-10-13,S&P 500 ETF,213.00999450683594,101357000,Equity
2016-10-14,S&P 500 ETF,213.1199951171875,93346200,Equity
2016-10-17,S&P 500 ETF,212.3800048828125,58275700,Equity
2016-10-18,S&P 500 ETF,213.7100067138672,76869700,Equity
2016-10-19,S&P 500 ETF,214.27999877929688,66519200,Equity
2016-10-20,S&P 500 ETF,213.8800048828125,73639800,Equity
2016-10-21,S&P 500 ETF,213.97999572753906,89089100,Equity
2016-10-24,S&P 500 ETF,214.88999938964844,60146600,Equity
2016-10-25,S&P 500 ETF,214.1699981689453,66542300,Equity
2016-10-26,S&P 500 ETF,213.74000549316406,75705500,Equity
2016-10-27,S&P 500 ETF,213.1699981689453,77220200,Equity
2016-10-28,S&P 500 ETF,212.5399932861328,140623200,Equity
2016-10-31,S&P 500 ETF,212.5500030517578,61272500,Equity
2016-11-01,S&P 500 ETF,211.00999450683594,122781800,Equity
2016-11-02,S&P 500 ETF,209.74000549316406,103330800,Equity
2016-11-03,S&P 500 ETF,208.77999877929688,88939300,Equity
2016-11-04,S&P 500 ETF,208.5500030517578,109122100,Equity
2016-11-07,S&P 500 ETF,213.14999389648438,109794900,Equity
2016-11-08,S&P 500 ETF,214.11000061035156,106772100,Equity
2016-11-09,S&P 500 ETF,216.3800048828125,258429000,Equity
2016-11-10,S&P 500 ETF,216.9199981689453,172113300,Equity
2016-11-11,S&P 500 ETF,216.4199981689453,100552700,Equity
2016-11-14,S&P 500 ETF,216.58999633789062,94580000,Equity
2016-11-15,S&P 500 ETF,218.27999877929688,91652600,Equity
2016-11-16,S&P 500 ETF,217.8699951171875,65617700,Equity
2016-11-17,S&P 500 ETF,218.99000549316406,69797200,Equity
2016-11-18,S&P 500 ETF,218.5,86265800,Equity
2016-11-21,S&P 500 ETF,220.14999389648438,72402600,Equity
2016-11-22,S&P 500 ETF,220.5800018310547,67429000,Equity
2016-11-23,S&P 500 ETF,220.6999969482422,56620200,Equity
2016-11-25,S&P 500 ETF,221.52000427246094,37872300,Equity
2016-11-28,S&P 500 ETF,220.47999572753906,76572500,Equity
2016-11-29,S&P 500 ETF,220.91000366210938,69886700,Equity
2016-11-30,S&P 500 ETF,220.3800048828125,113291800,Equity
2016-12-01,S&P 500 ETF,219.57000732421875,79040500,Equity
2016-12-02,S&P 500 ETF,219.67999267578125,74840300,Equity
2016-12-05,S&P 500 ETF,221.0,67837800,Equity
2016-12-06,S&P 500 ETF,221.6999969482422,59877400,Equity
2016-12-07,S&P 500 ETF,224.60000610351562,110738100,Equity
2016-12-08,S&P 500 ETF,225.14999389648438,99714400,Equity
2016-12-09,S&P 500 ETF,226.50999450683594,88005800,Equity
2016-12-12,S&P 500 ETF,226.25,102016100,Equity
2016-12-13,S&P 500 ETF,227.75999450683594,110477500,Equity
2016-12-14,S&P 500 ETF,225.8800048828125,142501800,Equity
2016-12-15,S&P 500 ETF,226.80999755859375,124972600,Equity
2016-12-16,S&P 500 ETF,225.0399932861328,156420200,Equity
2016-12-19,S&P 500 ETF,225.52999877929688,90341100,Equity
2016-12-20,S&P 500 ETF,226.39999389648438,89838800,Equity
2016-12-21,S&P 500 ETF,225.77000427246094,67909000,Equity
2016-12-22,S&P 500 ETF,225.3800048828125,56219100,Equity
2016-12-23,S&P 500 ETF,225.7100067138672,36697800,Equity
2016-12-27,S&P 500 ETF,226.27000427246094,42672500,Equity
2016-12-28,S&P 500 ETF,224.39999389648438,64095000,Equity
2016-12-29,S&P 500 ETF,224.35000610351562,48696100,Equity
2016-12-30,S&P 500 ETF,223.52999877929688,108998300,Equity
2017-01-03,S&P 500 ETF,225.24000549316406,91366500,Equity
2017-01-04,S&P 500 ETF,226.5800018310547,78744400,Equity
2017-01-05,S&P 500 ETF,226.39999389648438,78379000,Equity
2017-01-06,S&P 500 ETF,227.2100067138672,71559900,Equity
2017-01-09,S&P 500 ETF,226.4600067138672,46939700,Equity
2017-01-10,S&P 500 ETF,226.4600067138672,63771900,Equity
2017-01-11,S&P 500 ETF,227.10000610351562,74650000,Equity
2017-01-12,S&P 500 ETF,226.52999877929688,72113200,Equity
2017-01-13,S&P 500 ETF,227.0500030517578,62717900,Equity
2017-01-17,S&P 500 ETF,226.25,61240800,Equity
2017-01-18,S&P 500 ETF,226.75,54793300,Equity
2017-01-19,S&P 500 ETF,225.91000366210938,66608800,Equity
2017-01-20,S&P 500 ETF,226.74000549316406,129168600,Equity
2017-01-23,S&P 500 ETF,226.14999389648438,75061600,Equity
2017-01-24,S&P 500 ETF,227.60000610351562,95555300,Equity
2017-01-25,S&P 500 ETF,229.57000732421875,84437700,Equity
2017-01-26,S&P 500 ETF,229.3300018310547,59970700,Equity
2017-01-27,S&P 500 ETF,228.97000122070312,59711100,Equity
2017-01-30,S&P 500 ETF,227.5500030517578,79737300,Equity
2017-01-31,S&P 500 ETF,227.52999877929688,75880800,Equity
2017-02-01,S&P 500 ETF,227.6199951171875,79117700,Equity
2017-02-02,S&P 500 ETF,227.77000427246094,69657600,Equity
2017-02-03,S&P 500 ETF,229.33999633789062,80563200,Equity
2017-02-06,S&P 500 ETF,228.92999267578125,57790100,Equity
2017-02-07,S&P 500 ETF,228.94000244140625,57931200,Equity
2017-02-08,S&P 500 ETF,229.24000549316406,51566200,Equity
2017-02-09,S&P 500 ETF,230.60000610351562,65955200,Equity
2017-02-10,S&P 500 ETF,231.50999450683594,66015900,Equity
2017-02-13,S&P 500 ETF,232.77000427246094,55182100,Equity
2017-02-14,S&P 500 ETF,233.6999969482422,71109000,Equity
2017-02-15,S&P 500 ETF,234.9199981689453,86785800,Equity
2017-02-16,S&P 500 ETF,234.72000122070312,84722400,Equity
2017-02-17,S&P 500 ETF,235.08999633789062,77204100,Equity
2017-02-21,S&P 500 ETF,236.49000549316406,88946100,Equity
2017-02-22,S&P 500 ETF,236.27999877929688,62115200,Equity
2017-02-23,S&P 500 ETF,236.44000244140625,74615900,Equity
2017-02-24,S&P 500 ETF,236.74000549316406,82381600,Equity
2017-02-27,S&P 500 ETF,237.11000061035156,56515400,Equity
2017-02-28,S&P 500 ETF,236.47000122070312,96961900,Equity
2017-03-01,S&P 500 ETF,239.77999877929688,149158200,Equity
2017-03-02,S&P 500 ETF,238.27000427246094,70246000,Equity
2017-03-03,S&P 500 ETF,238.4199981689453,81974300,Equity
2017-03-06,S&P 500 ETF,237.7100067138672,55391500,Equity
2017-03-07,S&P 500 ETF,237.0,65103700,Equity
2017-03-08,S&P 500 ETF,236.55999755859375,78168800,Equity
2017-03-09,S&P 500 ETF,236.86000061035156,90683900,Equity
2017-03-10,S&P 500 ETF,237.69000244140625,81991700,Equity
2017-03-13,S&P 500 ETF,237.80999755859375,57256800,Equity
2017-03-14,S&P 500 ETF,236.89999389648438,59880800,Equity
2017-03-15,S&P 500 ETF,238.9499969482422,96081800,Equity
2017-03-16,S&P 500 ETF,238.47999572753906,78344000,Equity
2017-03-17,S&P 500 ETF,237.02999877929688,89002100,Equity
2017-03-20,S&P 500 ETF,236.77000427246094,52537000,Equity
2017-03-21,S&P 500 ETF,233.72999572753906,131809300,Equity
2017-03-22,S&P 500 ETF,234.27999877929688,97569200,Equity
2017-03-23,S&P 500 ETF,234.02999877929688,100410300,Equity
2017-03-24,S&P 500 ETF,233.86000061035156,112504900,Equity
2017-03-27,S&P 500 ETF,233.6199951171875,87454500,Equity
2017-03-28,S&P 500 ETF,235.32000732421875,93483900,Equity
2017-03-29,S&P 500 ETF,235.5399932861328,61950400,Equity
2017-03-30,S&P 500 ETF,236.2899932861328,56737900,Equity
2017-03-31,S&P 500 ETF,235.74000549316406,73733100,Equity
2017-04-03,S&P 500 ETF,235.3300018310547,85546500,Equity
2017-04-04,S&P 500 ETF,235.47999572753906,56466200,Equity
2017-04-05,S&P 500 ETF,234.77999877929688,108800600,Equity
2017-04-06,S&P 500 ETF,235.44000244140625,69135800,Equity
2017-04-07,S&P 500 ETF,235.1999969482422,74412300,Equity
2017-04-10,S&P 500 ETF,235.33999633789062,67615300,Equity
2017-04-11,S&P 500 ETF,235.05999755859375,88045300,Equity
2017-04-12,S&P 500 ETF,234.02999877929688,81864400,Equity
2017-04-13,S&P 500 ETF,232.50999450683594,92880400,Equity
2017-04-17,S&P 500 ETF,234.57000732421875,68405400,Equity
2017-04-18,S&P 500 ETF,233.8699951171875,83225800,Equity
2017-04-19,S&P 500 ETF,233.44000244140625,68699900,Equity
2017-04-20,S&P 500 ETF,235.33999633789062,92572200,Equity
2017-04-21,S&P 500 ETF,234.58999633789062,110389800,Equity
2017-04-24,S&P 500 ETF,237.1699981689453,119209900,Equity
2017-04-25,S&P 500 ETF,238.5500030517578,76698300,Equity
2017-04-26,S&P 500 ETF,238.39999389648438,84702500,Equity
2017-04-27,S&P 500 ETF,238.60000610351562,57410300,Equity
2017-04-28,S&P 500 ETF,238.0800018310547,63532800,Equity
2017-05-01,S&P 500 ETF,238.67999267578125,66882500,Equity
2017-05-02,S&P 500 ETF,238.77000427246094,57375700,Equity
2017-05-03,S&P 500 ETF,238.47999572753906,73137700,Equity
2017-05-04,S&P 500 ETF,238.75999450683594,61462700,Equity
2017-05-05,S&P 500 ETF,239.6999969482422,62001300,Equity
2017-05-08,S&P 500 ETF,239.66000366210938,48385700,Equity
2017-05-09,S&P 500 ETF,239.44000244140625,51363200,Equity
2017-05-10,S&P 500 ETF,239.8699951171875,54293800,Equity
2017-05-11,S&P 500 ETF,239.3800048828125,62358300,Equity
2017-05-12,S&P 500 ETF,238.97999572753906,53912700,Equity
2017-05-15,S&P 500 ETF,240.3000030517578,61918900,Equity
2017-05-16,S&P 500 ETF,240.0800018310547,51241800,Equity
2017-05-17,S&P 500 ETF,235.82000732421875,172174100,Equity
2017-05-18,S&P 500 ETF,236.77000427246094,107047700,Equity
2017-05-19,S&P 500 ETF,238.30999755859375,115011400,Equity
2017-05-22,S&P 500 ETF,239.52000427246094,61010600,Equity
2017-05-23,S&P 500 ETF,240.0500030517578,48341700,Equity
2017-05-24,S&P 500 ETF,240.61000061035156,46927700,Equity
2017-05-25,S&P 500 ETF,241.75999450683594,64071700,Equity
2017-05-26,S&P 500 ETF,241.7100067138672,46629900,Equity
2017-05-30,S&P 500 ETF,241.5,35201900,Equity
2017-05-31,S&P 500 ETF,241.44000244140625,91796000,Equity
2017-06-01,S&P 500 ETF,243.36000061035156,68962000,Equity
2017-06-02,S&P 500 ETF,244.1699981689453,88666100,Equity
2017-06-05,S&P 500 ETF,243.99000549316406,44698800,Equity
2017-06-06,S&P 500 ETF,243.2100067138672,50375400,Equity
2017-06-07,S&P 500 ETF,243.66000366210938,54144300,Equity
2017-06-08,S&P 500 ETF,243.77999877929688,65950700,Equity
2017-06-09,S&P 500 ETF,243.41000366210938,132256400,Equity
2017-06-12,S&P 500 ETF,243.36000061035156,86108100,Equity
2017-06-13,S&P 500 ETF,244.5500030517578,60067000,Equity
2017-06-14,S&P 500 ETF,244.24000549316406,78602300,Equity
2017-06-15,S&P 500 ETF,243.77000427246094,66464900,Equity
2017-06-16,S&P 500 ETF,242.63999938964844,84553100,Equity
2017-06-19,S&P 500 ETF,244.66000366210938,65123800,Equity
2017-06-20,S&P 500 ETF,243.00999450683594,56906400,Equity
2017-06-21,S&P 500 ETF,242.9499969482422,55977600,Equity
2017-06-22,S&P 500 ETF,242.83999633789062,44148100,Equity
2017-06-23,S&P 500 ETF,243.1300048828125,66986800,Equity
2017-06-26,S&P 500 ETF,243.2899932861328,56700500,Equity
2017-06-27,S&P 500 ETF,241.3300018310547,82247700,Equity
2017-06-28,S&P 500 ETF,243.49000549316406,70042600,Equity
2017-06-29,S&P 500 ETF,241.35000610351562,106949700,Equity
2017-06-30,S&P 500 ETF,241.8000030517578,86820700,Equity
2017-07-03,S&P 500 ETF,242.2100067138672,39153800,Equity
2017-07-05,S&P 500 ETF,242.77000427246094,54427600,Equity
2017-07-06,S&P 500 ETF,240.5500030517578,65400800,Equity
2017-07-07,S&P 500 ETF,242.11000061035156,57972300,Equity
2017-07-10,S&P 500 ETF,242.3699951171875,36663300,Equity
2017-07-11,S&P 500 ETF,242.19000244140625,50354600,Equity
2017-07-12,S&P 500 ETF,244.00999450683594,59610400,Equity
2017-07-13,S&P 500 ETF,244.4199981689453,39471600,Equity
2017-07-14,S&P 500 ETF,245.55999755859375,60262700,Equity
2017-07-17,S&P 500 ETF,245.52999877929688,33531900,Equity
2017-07-18,S&P 500 ETF,245.66000366210938,42742500,Equity
2017-07-19,S&P 500 ETF,246.99000549316406,51034300,Equity
2017-07-20,S&P 500 ETF,247.10000610351562,47135200,Equity
2017-07-21,S&P 500 ETF,246.8800048828125,82340800,Equity
2017-07-24,S&P 500 ETF,246.82000732421875,46622300,Equity
2017-07-25,S&P 500 ETF,247.4199981689453,54915600,Equity
2017-07-26,S&P 500 ETF,247.42999267578125,47575400,Equity
2017-07-27,S&P 500 ETF,247.1999969482422,70766600,Equity
2017-07-28,S&P 500 ETF,246.91000366210938,50088400,Equity
2017-07-31,S&P 500 ETF,246.77000427246094,65838700,Equity
2017-08-01,S&P 500 ETF,247.32000732421875,55050400,Equity
2017-08-02,S&P 500 ETF,247.44000244140625,47211200,Equity
2017-08-03,S&P 500 ETF,246.9600067138672,40856000,Equity
2017-08-04,S&P 500 ETF,247.41000366210938,60191800,Equity
2017-08-07,S&P 500 ETF,247.8699951171875,31995000,Equity
2017-08-08,S&P 500 ETF,247.25999450683594,61719400,Equity
2017-08-09,S&P 500 ETF,247.25,62632600,Equity
2017-08-10,S&P 500 ETF,243.75999450683594,120479500,Equity
2017-08-11,S&P 500 ETF,244.1199951171875,74869900,Equity
2017-08-14,S&P 500 ETF,246.5399932861328,73291900,Equity
2017-08-15,S&P 500 ETF,246.50999450683594,55242700,Equity
2017-08-16,S&P 500 ETF,246.94000244140625,56715500,Equity
2017-08-17,S&P 500 ETF,243.08999633789062,128490400,Equity
2017-08-18,S&P 500 ETF,242.7100067138672,136748000,Equity
2017-08-21,S&P 500 ETF,242.89999389648438,65469700,Equity
2017-08-22,S&P 500 ETF,245.44000244140625,63140100,Equity
2017-08-23,S&P 500 ETF,244.55999755859375,50203800,Equity
2017-08-24,S&P 500 ETF,243.99000549316406,50741700,Equity
2017-08-25,S&P 500 ETF,244.55999755859375,64445900,Equity
2017-08-28,S&P 500 ETF,244.57000732421875,40565600,Equity
2017-08-29,S&P 500 ETF,244.85000610351562,51135700,Equity
2017-08-30,S&P 500 ETF,246.00999450683594,62030800,Equity
2017-08-31,S&P 500 ETF,247.49000549316406,103803900,Equity
2017-09-01,S&P 500 ETF,247.83999633789062,62007000,Equity
2017-09-05,S&P 500 ETF,246.05999755859375,91398800,Equity
2017-09-06,S&P 500 ETF,246.89999389648438,57916900,Equity
2017-09-07,S&P 500 ETF,246.8699951171875,58034700,Equity
2017-09-08,S&P 500 ETF,246.5800018310547,63832800,Equity
2017-09-11,S&P 500 ETF,249.2100067138672,71364800,Equity
2017-09-12,S&P 500 ETF,250.0500030517578,56896000,Equity
2017-09-13,S&P 500 ETF,250.1699981689453,59228000,Equity
2017-09-14,S&P 500 ETF,250.08999633789062,95446300,Equity
2017-09-15,S&P 500 ETF,249.19000244140625,95432400,Equity
2017-09-18,S&P 500 ETF,249.72000122070312,46235200,Equity
2017-09-19,S&P 500 ETF,249.97000122070312,47108100,Equity
2017-09-20,S&P 500 ETF,250.05999755859375,59574100,Equity
2017-09-21,S&P 500 ETF,249.38999938964844,48211400,Equity
2017-09-22,S&P 500 ETF,249.44000244140625,51214000,Equity
2017-09-25,S&P 500 ETF,248.92999267578125,57064400,Equity
2017-09-26,S&P 500 ETF,249.0800018310547,54082000,Equity
2017-09-27,S&P 500 ETF,250.0500030517578,81001400,Equity
2017-09-28,S&P 500 ETF,250.35000610351562,44778800,Equity
2017-09-29,S&P 500 ETF,251.22999572753906,85578000,Equity
2017-10-02,S&P 500 ETF,252.32000732421875,59023000,Equity
2017-10-03,S&P 500 ETF,252.86000061035156,66810200,Equity
2017-10-04,S&P 500 ETF,253.16000366210938,55953600,Equity
2017-10-05,S&P 500 ETF,254.66000366210938,63522800,Equity
2017-10-06,S&P 500 ETF,254.3699951171875,80646000,Equity
2017-10-09,S&P 500 ETF,253.9499969482422,35803100,Equity
2017-10-10,S&P 500 ETF,254.6199951171875,43057400,Equity
2017-10-11,S&P 500 ETF,255.02000427246094,47674300,Equity
2017-10-12,S&P 500 ETF,254.63999938964844,47065100,Equity
2017-10-13,S&P 500 ETF,254.9499969482422,54800400,Equity
2017-10-16,S&P 500 ETF,255.2899932861328,38221700,Equity
2017-10-17,S&P 500 ETF,255.47000122070312,31561000,Equity
2017-10-18,S&P 500 ETF,255.72000122070312,40888300,Equity
2017-10-19,S&P 500 ETF,255.7899932861328,61903800,Equity
2017-10-20,S&P 500 ETF,257.1099853515625,89176400,Equity
2017-10-23,S&P 500 ETF,256.1099853515625,63915300,Equity
2017-10-24,S&P 500 ETF,256.55999755859375,66935900,Equity
2017-10-25,S&P 500 ETF,255.2899932861328,103715300,Equity
2017-10-26,S&P 500 ETF,255.6199951171875,69798000,Equity
2017-10-27,S&P 500 ETF,257.7099914550781,85562500,Equity
2017-10-30,S&P 500 ETF,256.75,54285700,Equity
2017-10-31,S&P 500 ETF,257.1499938964844,60304800,Equity
2017-11-01,S&P 500 ETF,257.489990234375,54202700,Equity
2017-11-02,S&P 500 ETF,257.5899963378906,56449500,Equity
2017-11-03,S&P 500 ETF,258.45001220703125,59589700,Equity
2017-11-06,S&P 500 ETF,258.8500061035156,49652600,Equity
2017-11-07,S&P 500 ETF,258.6700134277344,57502200,Equity
2017-11-08,S&P 500 ETF,259.1099853515625,50469600,Equity
2017-11-09,S&P 500 ETF,258.1700134277344,95085500,Equity
2017-11-10,S&P 500 ETF,258.0899963378906,59984700,Equity
2017-11-13,S&P 500 ETF,258.3299865722656,50228600,Equity
2017-11-14,S&P 500 ETF,257.7300109863281,61315200,Equity
2017-11-15,S&P 500 ETF,256.44000244140625,80811500,Equity
2017-11-16,S&P 500 ETF,258.6199951171875,67777000,Equity
2017-11-17,S&P 500 ETF,257.8599853515625,75756800,Equity
2017-11-20,S&P 500 ETF,258.29998779296875,48075500,Equity
2017-11-21,S&P 500 ETF,259.989990234375,69176800,Equity
2017-11-22,S&P 500 ETF,259.760009765625,45033400,Equity
2017-11-24,S&P 500 ETF,260.3599853515625,27856500,Equity
2017-11-27,S&P 500 ETF,260.2300109863281,52274900,Equity
2017-11-28,S&P 500 ETF,262.8699951171875,98971700,Equity
2017-11-29,S&P 500 ETF,262.7099914550781,77512100,Equity
2017-11-30,S&P 500 ETF,265.010009765625,127894400,Equity
2017-12-01,S&P 500 ETF,264.4599914550781,164390900,Equity
2017-12-04,S&P 500 ETF,264.1400146484375,94040600,Equity
2017-12-05,S&P 500 ETF,263.19000244140625,77994500,Equity
2017-12-06,S&P 500 ETF,263.239990234375,75898600,Equity
2017-12-07,S&P 500 ETF,264.07000732421875,77218600,Equity
2017-12-08,S&P 500 ETF,265.510009765625,76563900,Equity
2017-12-11,S&P 500 ETF,266.30999755859375,83077500,Equity
2017-12-12,S&P 500 ETF,266.7799987792969,85195800,Equity
2017-12-13,S&P 500 ETF,266.75,102905400,Equity
2017-12-14,S&P 500 ETF,265.6600036621094,100666700,Equity
2017-12-15,S&P 500 ETF,266.510009765625,144610300,Equity
2017-12-18,S&P 500 ETF,268.20001220703125,83653600,Equity
2017-12-19,S&P 500 ETF,267.1700134277344,82382900,Equity
2017-12-20,S&P 500 ETF,267.0299987792969,76751500,Equity
2017-12-21,S&P 500 ETF,267.5799865722656,67032300,Equity
2017-12-22,S&P 500 ETF,267.510009765625,78720900,Equity
2017-12-26,S&P 500 ETF,267.19000244140625,45244400,Equity
2017-12-27,S&P 500 ETF,267.32000732421875,57751000,Equity
2017-12-28,S&P 500 ETF,267.8699951171875,45116100,Equity
2017-12-29,S&P 500 ETF,266.8599853515625,96007400,Equity
2018-01-02,S&P 500 ETF,268.7699890136719,86655700,Equity
2018-01-03,S&P 500 ETF,270.4700012207031,90070400,Equity
2018-01-04,S&P 500 ETF,271.6099853515625,80636400,Equity
2018-01-05,S&P 500 ETF,273.4200134277344,83524000,Equity
2018-01-08,S&P 500 ETF,273.9200134277344,57319200,Equity
2018-01-09,S&P 500 ETF,274.5400085449219,57254000,Equity
2018-01-10,S&P 500 ETF,274.1199951171875,69574300,Equity
2018-01-11,S&P 500 ETF,276.1199951171875,62361500,Equity
2018-01-12,S&P 500 ETF,277.9200134277344,90816100,Equity
2018-01-16,S&P 500 ETF,276.9700012207031,106555100,Equity
2018-01-17,S&P 500 ETF,279.6099853515625,113258800,Equity
2018-01-18,S&P 500 ETF,279.1400146484375,100728000,Equity
2018-01-19,S&P 500 ETF,280.4100036621094,140920100,Equity
2018-01-22,S&P 500 ETF,282.69000244140625,91322400,Equity
2018-01-23,S&P 500 ETF,283.2900085449219,97084700,Equity
2018-01-24,S&P 500 ETF,283.17999267578125,134816100,Equity
2018-01-25,S&P 500 ETF,283.29998779296875,84587300,Equity
2018-01-26,S&P 500 ETF,286.5799865722656,107743100,Equity
2018-01-29,S&P 500 ETF,284.67999267578125,90118300,Equity
2018-01-30,S&P 500 ETF,281.760009765625,131796400,Equity
2018-01-31,S&P 500 ETF,281.8999938964844,108364800,Equity
2018-02-01,S&P 500 ETF,281.5799865722656,90102500,Equity
2018-02-02,S&P 500 ETF,275.45001220703125,173174800,Equity
2018-02-05,S&P 500 ETF,263.92999267578125,294681800,Equity
2018-02-06,S&P 500 ETF,269.1300048828125,355026800,Equity
2018-02-07,S&P 500 ETF,267.6700134277344,167376100,Equity
2018-02-08,S&P 500 ETF,257.6300048828125,246449500,Equity
2018-02-09,S&P 500 ETF,261.5,283565300,Equity
2018-02-12,S&P 500 ETF,265.3399963378906,143736000,Equity
2018-02-13,S&P 500 ETF,266.0,81223600,Equity
2018-02-14,S&P 500 ETF,269.5899963378906,120735700,Equity
2018-02-15,S&P 500 ETF,273.0299987792969,111200300,Equity
2018-02-16,S&P 500 ETF,273.1099853515625,160420100,Equity
2018-02-20,S&P 500 ETF,271.3999938964844,86369700,Equity
2018-02-21,S&P 500 ETF,270.04998779296875,98883700,Equity
2018-02-22,S&P 500 ETF,270.3999938964844,110511300,Equity
2018-02-23,S&P 500 ETF,274.7099914550781,92766400,Equity
2018-02-26,S&P 500 ETF,277.8999938964844,86491400,Equity
2018-02-27,S&P 500 ETF,274.42999267578125,99099200,Equity
2018-02-28,S&P 500 ETF,271.6499938964844,121907800,Equity
2018-03-01,S&P 500 ETF,267.70001220703125,176855100,Equity
2018-03-02,S&P 500 ETF,269.0799865722656,139083200,Equity
2018-03-05,S&P 500 ETF,272.19000244140625,97307400,Equity
2018-03-06,S&P 500 ETF,272.8800048828125,79213200,Equity
2018-03-07,S&P 500 ETF,272.7799987792969,87063500,Equity
2018-03-08,S&P 500 ETF,274.1000061035156,66901200,Equity
2018-03-09,S&P 500 ETF,278.8699951171875,113625300,Equity
2018-03-12,S&P 500 ETF,278.5199890136719,71924800,Equity
2018-03-13,S&P 500 ETF,276.7200012207031,91968900,Equity
2018-03-14,S&P 500 ETF,275.29998779296875,105895100,Equity
2018-03-15,S&P 500 ETF,275.0,83433000,Equity
2018-03-16,S&P 500 ETF,274.20001220703125,100343700,Equity
2018-03-19,S&P 500 ETF,270.489990234375,109208400,Equity
2018-03-20,S&P 500 ETF,270.95001220703125,59757300,Equity
2018-03-21,S&P 500 ETF,270.42999267578125,78709600,Equity
2018-03-22,S&P 500 ETF,263.6700134277344,148785900,Equity
2018-03-23,S&P 500 ETF,258.04998779296875,183534800,Equity
2018-03-26,S&P 500 ETF,265.1099853515625,141956100,Equity
2018-03-27,S&P 500 ETF,260.6000061035156,129941400,Equity
2018-03-28,S&P 500 ETF,259.8299865722656,146452300,Equity
2018-03-29,S&P 500 ETF,263.1499938964844,111601600,Equity
2018-04-02,S&P 500 ETF,257.4700012207031,186286300,Equity
2018-04-03,S&P 500 ETF,260.7699890136719,119956900,Equity
2018-04-04,S&P 500 ETF,263.55999755859375,123715300,Equity
2018-04-05,S&P 500 ETF,265.6400146484375,82652600,Equity
2018-04-06,S&P 500 ETF,259.7200012207031,179521200,Equity
2018-04-09,S&P 500 ETF,261.0,105442900,Equity
2018-04-10,S&P 500 ETF,265.1499938964844,103529000,Equity
2018-04-11,S&P 500 ETF,263.760009765625,91140200,Equity
2018-04-12,S&P 500 ETF,265.92999267578125,68890500,Equity
2018-04-13,S&P 500 ETF,265.1499938964844,85079200,Equity
2018-04-16,S&P 500 ETF,267.3299865722656,63405300,Equity
2018-04-17,S&P 500 ETF,270.19000244140625,64682000,Equity
2018-04-18,S&P 500 ETF,270.3900146484375,57303900,Equity
2018-04-19,S&P 500 ETF,268.8900146484375,77655900,Equity
2018-04-20,S&P 500 ETF,266.6099853515625,99953100,Equity
2018-04-23,S&P 500 ETF,266.57000732421875,65558000,Equity
2018-04-24,S&P 500 ETF,262.9800109863281,112885500,Equity
2018-04-25,S&P 500 ETF,263.6300048828125,103840900,Equity
2018-04-26,S&P 500 ETF,266.30999755859375,67731900,Equity
2018-04-27,S&P 500 ETF,266.55999755859375,57053600,Equity
2018-04-30,S&P 500 ETF,264.510009765625,82182300,Equity
2018-05-01,S&P 500 ETF,264.9800109863281,74203400,Equity
2018-05-02,S&P 500 ETF,263.20001220703125,86368900,Equity
2018-05-03,S&P 500 ETF,262.6199951171875,136311500,Equity
2018-05-04,S&P 500 ETF,266.0199890136719,91222100,Equity
2018-05-07,S&P 500 ETF,266.9200134277344,55304900,Equity
2018-05-08,S&P 500 ETF,266.9200134277344,67499200,Equity
2018-05-09,S&P 500 ETF,269.5,59666100,Equity
2018-05-10,S&P 500 ETF,272.0199890136719,72063900,Equity
2018-05-11,S&P 500 ETF,272.8500061035156,59871500,Equity
2018-05-14,S&P 500 ETF,272.9800109863281,54790600,Equity
2018-05-15,S&P 500 ETF,271.1000061035156,87036100,Equity
2018-05-16,S&P 500 ETF,272.239990234375,53942600,Equity
2018-05-17,S&P 500 ETF,272.010009765625,56536400,Equity
2018-05-18,S&P 500 ETF,271.3299865722656,64368000,Equity
2018-05-21,S&P 500 ETF,273.3699951171875,58025900,Equity
2018-05-22,S&P 500 ETF,272.6099853515625,52966400,Equity
2018-05-23,S&P 500 ETF,273.3599853515625,64694200,Equity
2018-05-24,S&P 500 ETF,272.79998779296875,76043800,Equity
2018-05-25,S&P 500 ETF,272.1499938964844,56374800,Equity
2018-05-29,S&P 500 ETF,269.0199890136719,115908600,Equity
2018-05-30,S&P 500 ETF,272.6099853515625,69678400,Equity
2018-05-31,S&P 500 ETF,270.94000244140625,93519900,Equity
2018-06-01,S&P 500 ETF,273.6000061035156,71258400,Equity
2018-06-04,S&P 500 ETF,274.8999938964844,45385200,Equity
2018-06-05,S&P 500 ETF,275.1000061035156,51135000,Equity
2018-06-06,S&P 500 ETF,277.3999938964844,62732200,Equity
2018-06-07,S&P 500 ETF,277.3699951171875,72969400,Equity
2018-06-08,S&P 500 ETF,278.19000244140625,72139700,Equity
2018-06-11,S&P 500 ETF,278.55999755859375,58892500,Equity
2018-06-12,S&P 500 ETF,278.9200134277344,72329000,Equity
2018-06-13,S&P 500 ETF,278.0299987792969,79070600,Equity
2018-06-14,S&P 500 ETF,278.7300109863281,77097600,Equity
2018-06-15,S&P 500 ETF,277.1300048828125,120041600,Equity
2018-06-18,S&P 500 ETF,276.55999755859375,52917600,Equity
2018-06-19,S&P 500 ETF,275.5,97531500,Equity
2018-06-20,S&P 500 ETF,275.9700012207031,53785500,Equity
2018-06-21,S&P 500 ETF,274.239990234375,71061400,Equity
2018-06-22,S&P 500 ETF,274.739990234375,54898500,Equity
2018-06-25,S&P 500 ETF,271.0,137854200,Equity
2018-06-26,S&P 500 ETF,271.6000061035156,68547400,Equity
2018-06-27,S&P 500 ETF,269.3500061035156,105110700,Equity
2018-06-28,S&P 500 ETF,270.8900146484375,76650500,Equity
2018-06-29,S&P 500 ETF,271.2799987792969,97592500,Equity
2018-07-02,S&P 500 ETF,271.8599853515625,63554800,Equity
2018-07-03,S&P 500 ETF,270.8999938964844,42187100,Equity
2018-07-05,S&P 500 ETF,273.1099853515625,56925900,Equity
2018-07-06,S&P 500 ETF,275.4200134277344,66493700,Equity
2018-07-09,S&P 500 ETF,277.8999938964844,50550400,Equity
2018-07-10,S&P 500 ETF,278.8999938964844,51966800,Equity
2018-07-11,S&P 500 ETF,276.8599853515625,77054700,Equity
2018-07-12,S&P 500 ETF,279.3699951171875,60124700,Equity
2018-07-13,S&P 500 ETF,279.5899963378906,48216000,Equity
2018-07-16,S&P 500 ETF,279.3399963378906,48201000,Equity
2018-07-17,S&P 500 ETF,280.4700012207031,52315500,Equity
2018-07-18,S&P 500 ETF,281.05999755859375,44593500,Equity
2018-07-19,S&P 500 ETF,280.0,61412100,Equity
2018-07-20,S&P 500 ETF,279.67999267578125,82337700,Equity
2018-07-23,S&P 500 ETF,280.20001220703125,47047600,Equity
2018-07-24,S&P 500 ETF,281.6099853515625,68026900,Equity
2018-07-25,S&P 500 ETF,284.010009765625,78882900,Equity
2018-07-26,S&P 500 ETF,283.3399963378906,57919500,Equity
2018-07-27,S&P 500 ETF,281.4200134277344,76768700,Equity
2018-07-30,S&P 500 ETF,279.95001220703125,63742500,Equity
2018-07-31,S&P 500 ETF,281.3299865722656,68570500,Equity
2018-08-01,S&P 500 ETF,280.8599853515625,53853300,Equity
2018-08-02,S&P 500 ETF,282.3900146484375,63426400,Equity
2018-08-03,S&P 500 ETF,283.6000061035156,53935400,Equity
2018-08-06,S&P 500 ETF,284.6400146484375,39400900,Equity
2018-08-07,S&P 500 ETF,285.5799865722656,43196600,Equity
2018-08-08,S&P 500 ETF,285.4599914550781,42114600,Equity
2018-08-09,S&P 500 ETF,285.07000732421875,35717000,Equity
2018-08-10,S&P 500 ETF,283.1600036621094,77076000,Equity
2018-08-13,S&P 500 ETF,282.1000061035156,65732900,Equity
2018-08-14,S&P 500 ETF,283.8999938964844,43842000,Equity
2018-08-15,S&P 500 ETF,281.7799987792969,102925400,Equity
2018-08-16,S&P 500 ETF,284.05999755859375,69967900,Equity
2018-08-17,S&P 500 ETF,285.05999755859375,65618500,Equity
2018-08-20,S&P 500 ETF,285.6700134277344,39807500,Equity
2018-08-21,S&P 500 ETF,286.3399963378906,67272000,Equity
2018-08-22,S&P 500 ETF,286.1700134277344,44993300,Equity
2018-08-23,S&P 500 ETF,285.7900085449219,49204900,Equity
2018-08-24,S&P 500 ETF,287.510009765625,57487400,Equity
2018-08-27,S&P 500 ETF,289.7799987792969,57072400,Equity
2018-08-28,S&P 500 ETF,289.9200134277344,46943500,Equity
2018-08-29,S&P 500 ETF,291.4800109863281,61485500,Equity
2018-08-30,S&P 500 ETF,290.29998779296875,61229500,Equity
2018-08-31,S&P 500 ETF,290.30999755859375,66140800,Equity
2018-09-04,S&P 500 ETF,289.80999755859375,57594400,Equity
2018-09-05,S&P 500 ETF,289.0299987792969,72452400,Equity
2018-09-06,S&P 500 ETF,288.1600036621094,65909900,Equity
2018-09-07,S&P 500 ETF,287.6000061035156,73524800,Equity
2018-09-10,S&P 500 ETF,288.1000061035156,50210900,Equity
2018-09-11,S&P 500 ETF,289.04998779296875,50530500,Equity
2018-09-12,S&P 500 ETF,289.1199951171875,59810800,Equity
2018-09-13,S&P 500 ETF,290.8299865722656,51034200,Equity
2018-09-14,S&P 500 ETF,290.8800048828125,55079900,Equity
2018-09-17,S&P 500 ETF,289.3399963378906,68244000,Equity
2018-09-18,S&P 500 ETF,290.9100036621094,61930400,Equity
2018-09-19,S&P 500 ETF,291.2200012207031,49080600,Equity
2018-09-20,S&P 500 ETF,293.5799865722656,100360600,Equity
2018-09-21,S&P 500 ETF,291.989990234375,105479700,Equity
2018-09-24,S&P 500 ETF,291.0199890136719,53409600,Equity
2018-09-25,S&P 500 ETF,290.75,44370000,Equity
2018-09-26,S&P 500 ETF,289.8800048828125,79739700,Equity
2018-09-27,S&P 500 ETF,290.69000244140625,59249500,Equity
2018-09-28,S&P 500 ETF,290.7200012207031,70091400,Equity
2018-10-01,S&P 500 ETF,291.7300109863281,62078900,Equity
2018-10-02,S&P 500 ETF,291.55999755859375,47258200,Equity
2018-10-03,S&P 500 ETF,291.7200012207031,64694600,Equity
2018-10-04,S&P 500 ETF,289.44000244140625,111545900,Equity
2018-10-05,S&P 500 ETF,287.82000732421875,105951700,Equity
2018-10-08,S&P 500 ETF,287.82000732421875,87742200,Equity
2018-10-09,S&P 500 ETF,287.3999938964844,74339000,Equity
2018-10-10,S&P 500 ETF,278.29998779296875,214731000,Equity
2018-10-11,S&P 500 ETF,272.1700134277344,274840500,Equity
2018-10-12,S&P 500 ETF,275.95001220703125,183186500,Equity
2018-10-15,S&P 500 ETF,274.3999938964844,102263700,Equity
2018-10-16,S&P 500 ETF,280.3999938964844,118255800,Equity
2018-10-17,S&P 500 ETF,280.45001220703125,110626000,Equity
2018-10-18,S&P 500 ETF,276.3999938964844,134557500,Equity
2018-10-19,S&P 500 ETF,276.25,139901600,Equity
2018-10-22,S&P 500 ETF,275.010009765625,82415800,Equity
2018-10-23,S&P 500 ETF,273.6099853515625,146352700,Equity
2018-10-24,S&P 500 ETF,265.32000732421875,177806700,Equity
2018-10-25,S&P 500 ETF,270.0799865722656,138061500,Equity
2018-10-26,S&P 500 ETF,265.3299865722656,201574600,Equity
2018-10-29,S&P 500 ETF,263.8599853515625,160749100,Equity
2018-10-30,S&P 500 ETF,267.7699890136719,157116000,Equity
2018-10-31,S&P 500 ETF,270.6300048828125,128296300,Equity
2018-11-01,S&P 500 ETF,273.510009765625,99495000,Equity
2018-11-02,S&P 500 ETF,271.8900146484375,122634100,Equity
2018-11-05,S&P 500 ETF,273.3900146484375,65622500,Equity
2018-11-06,S&P 500 ETF,275.1199951171875,60085900,Equity
2018-11-07,S&P 500 ETF,281.010009765625,102752100,Equity
2018-11-08,S&P 500 ETF,280.5,65584900,Equity
2018-11-09,S&P 500 ETF,277.760009765625,98812600,Equity
2018-11-12,S&P 500 ETF,272.57000732421875,99673600,Equity
2018-11-13,S&P 500 ETF,272.05999755859375,98176600,Equity
2018-11-14,S&P 500 ETF,270.20001220703125,125335900,Equity
2018-11-15,S&P 500 ETF,273.0199890136719,135101400,Equity
2018-11-16,S&P 500 ETF,273.7300109863281,126668000,Equity
2018-11-19,S&P 500 ETF,269.1000061035156,103061700,Equity
2018-11-20,S&P 500 ETF,264.1199951171875,136021300,Equity
2018-11-21,S&P 500 ETF,265.0199890136719,75563700,Equity
2018-11-23,S&P 500 ETF,263.25,42807900,Equity
2018-11-26,S&P 500 ETF,267.5,79981400,Equity
2018-11-27,S&P 500 ETF,268.3999938964844,75502400,Equity
2018-11-28,S&P 500 ETF,274.5799865722656,127629600,Equity
2018-11-29,S&P 500 ETF,273.9800109863281,82346400,Equity
2018-11-30,S&P 500 ETF,275.6499938964844,98204200,Equity
2018-12-03,S&P 500 ETF,279.29998779296875,103176300,Equity
2018-12-04,S&P 500 ETF,270.25,177986000,Equity
2018-12-06,S&P 500 ETF,269.8399963378906,204185400,Equity
2018-12-07,S&P 500 ETF,263.57000732421875,161018900,Equity
2018-12-10,S&P 500 ETF,264.07000732421875,151445900,Equity
2018-12-11,S&P 500 ETF,264.1300048828125,121504400,Equity
2018-12-12,S&P 500 ETF,265.4599914550781,97976700,Equity
2018-12-13,S&P 500 ETF,265.3699951171875,96662700,Equity
2018-12-14,S&P 500 ETF,260.4700012207031,116961100,Equity
2018-12-17,S&P 500 ETF,255.36000061035156,165492300,Equity
2018-12-18,S&P 500 ETF,255.0800018310547,134515100,Equity
2018-12-19,S&P 500 ETF,251.25999450683594,214992800,Equity
2018-12-20,S&P 500 ETF,247.1699981689453,252053400,Equity
2018-12-21,S&P 500 ETF,240.6999969482422,255345600,Equity
2018-12-24,S&P 500 ETF,234.33999633789062,147311600,Equity
2018-12-26,S&P 500 ETF,246.17999267578125,218485400,Equity
2018-12-27,S&P 500 ETF,248.07000732421875,186267300,Equity
2018-12-28,S&P 500 ETF,247.75,153100200,Equity
2018-12-31,S&P 500 ETF,249.9199981689453,144299400,Equity
2019-01-02,S&P 500 ETF,250.17999267578125,126925200,Equity
2019-01-03,S&P 500 ETF,244.2100067138672,144140700,Equity
2019-01-04,S&P 500 ETF,252.38999938964844,142628800,Equity
2019-01-07,S&P 500 ETF,254.3800048828125,103139100,Equity
2019-01-08,S&P 500 ETF,256.7699890136719,102512600,Equity
2019-01-09,S&P 500 ETF,257.9700012207031,95006600,Equity
2019-01-10,S&P 500 ETF,258.8800048828125,96823900,Equity
2019-01-11,S&P 500 ETF,258.9800109863281,73858100,Equity
2019-01-14,S&P 500 ETF,257.3999938964844,70908200,Equity
2019-01-15,S&P 500 ETF,260.3500061035156,85208300,Equity
2019-01-16,S&P 500 ETF,260.9800109863281,77636700,Equity
2019-01-17,S&P 500 ETF,262.9599914550781,96118400,Equity
2019-01-18,S&P 500 ETF,266.4599914550781,127900300,Equity
2019-01-22,S&P 500 ETF,262.8599853515625,115531200,Equity
2019-01-23,S&P 500 ETF,263.4100036621094,86030300,Equity
2019-01-24,S&P 500 ETF,263.54998779296875,59204100,Equity
2019-01-25,S&P 500 ETF,265.7799987792969,96883400,Equity
2019-01-28,S&P 500 ETF,263.760009765625,85613700,Equity
2019-01-29,S&P 500 ETF,263.4100036621094,66136300,Equity
2019-01-30,S&P 500 ETF,267.5799865722656,92473700,Equity
2019-01-31,S&P 500 ETF,269.92999267578125,104012100,Equity
2019-02-01,S&P 500 ETF,270.05999755859375,85782500,Equity
2019-02-04,S&P 500 ETF,271.9599914550781,60744800,Equity
2019-02-05,S&P 500 ETF,273.1000061035156,79552800,Equity
2019-02-06,S&P 500 ETF,272.739990234375,58347800,Equity
2019-02-07,S&P 500 ETF,270.1400146484375,95482000,Equity
2019-02-08,S&P 500 ETF,270.4700012207031,75788900,Equity
2019-02-11,S&P 500 ETF,270.6199951171875,68021400,Equity
2019-02-12,S&P 500 ETF,274.1000061035156,72270200,Equity
2019-02-13,S&P 500 ETF,274.989990234375,65277200,Equity
2019-02-14,S&P 500 ETF,274.3800048828125,83234400,Equity
2019-02-15,S&P 500 ETF,277.3699951171875,97088700,Equity
2019-02-19,S&P 500 ETF,277.8500061035156,59120800,Equity
2019-02-20,S&P 500 ETF,278.4100036621094,76610800,Equity
2019-02-21,S&P 500 ETF,277.4200134277344,64214700,Equity
2019-02-22,S&P 500 ETF,279.1400146484375,78114600,Equity
2019-02-25,S&P 500 ETF,279.5199890136719,69030700,Equity
2019-02-26,S&P 500 ETF,279.32000732421875,56844100,Equity
2019-02-27,S&P 500 ETF,279.20001220703125,56921600,Equity
2019-02-28,S&P 500 ETF,278.67999267578125,69268300,Equity
2019-03-01,S&P 500 ETF,280.4200134277344,78880500,Equity
2019-03-04,S&P 500 ETF,279.3999938964844,106494600,Equity
2019-03-05,S&P 500 ETF,279.0199890136719,59114600,Equity
2019-03-06,S&P 500 ETF,277.3299865722656,75039800,Equity
2019-03-07,S&P 500 ETF,275.010009765625,94885100,Equity
2019-03-08,S&P 500 ETF,274.4599914550781,85795800,Equity
2019-03-11,S&P 500 ETF,278.44000244140625,65098900,Equity
2019-03-12,S&P 500 ETF,279.489990234375,79667500,Equity
2019-03-13,S&P 500 ETF,281.3399963378906,80639200,Equity
2019-03-14,S&P 500 ETF,281.1600036621094,67518400,Equity
2019-03-15,S&P 500 ETF,281.30999755859375,81309000,Equity
2019-03-18,S&P 500 ETF,282.3299865722656,62199800,Equity
2019-03-19,S&P 500 ETF,282.3999938964844,90268100,Equity
2019-03-20,S&P 500 ETF,281.54998779296875,84609200,Equity
2019-03-21,S&P 500 ETF,284.7300109863281,79550400,Equity
2019-03-22,S&P 500 ETF,279.25,122659300,Equity
2019-03-25,S&P 500 ETF,279.0400085449219,85575200,Equity
2019-03-26,S&P 500 ETF,281.1199951171875,68125900,Equity
2019-03-27,S&P 500 ETF,279.6499938964844,72224700,Equity
2019-03-28,S&P 500 ETF,280.7099914550781,56238500,Equity
2019-03-29,S&P 500 ETF,282.4800109863281,82186800,Equity
2019-04-01,S&P 500 ETF,285.8299865722656,77617900,Equity
2019-04-02,S&P 500 ETF,285.9700012207031,40070400,Equity
2019-04-03,S&P 500 ETF,286.4200134277344,68243200,Equity
2019-04-04,S&P 500 ETF,287.17999267578125,48997500,Equity
2019-04-05,S&P 500 ETF,288.57000732421875,58621700,Equity
2019-04-08,S&P 500 ETF,288.7900085449219,53566300,Equity
2019-04-09,S&P 500 ETF,287.30999755859375,66142300,Equity
2019-04-10,S&P 500 ETF,288.2900085449219,52601500,Equity
2019-04-11,S&P 500 ETF,288.2099914550781,55093100,Equity
2019-04-12,S&P 500 ETF,290.1600036621094,69727800,Equity
2019-04-15,S&P 500 ETF,289.9700012207031,49596700,Equity
2019-04-16,S&P 500 ETF,290.1600036621094,52153200,Equity
2019-04-17,S&P 500 ETF,289.45001220703125,58268300,Equity
2019-04-18,S&P 500 ETF,290.0199890136719,68708500,Equity
2019-04-22,S&P 500 ETF,290.2699890136719,40160100,Equity
2019-04-23,S&P 500 ETF,292.8800048828125,52246600,Equity
2019-04-24,S&P 500 ETF,292.2300109863281,50392900,Equity
2019-04-25,S&P 500 ETF,292.04998779296875,57770900,Equity
2019-04-26,S&P 500 ETF,293.4100036621094,50916400,Equity
2019-04-29,S&P 500 ETF,293.8699951171875,57197700,Equity
2019-04-30,S&P 500 ETF,294.0199890136719,81111700,Equity
2019-05-01,S&P 500 ETF,291.80999755859375,71671900,Equity
2019-05-02,S&P 500 ETF,291.17999267578125,65030200,Equity
2019-05-03,S&P 500 ETF,294.0299987792969,56543700,Equity
2019-05-06,S&P 500 ETF,292.82000732421875,107198100,Equity
2019-05-07,S&P 500 ETF,287.92999267578125,144729900,Equity
2019-05-08,S&P 500 ETF,287.5299987792969,91568300,Equity
2019-05-09,S&P 500 ETF,286.6600036621094,103471100,Equity
2019-05-10,S&P 500 ETF,288.1000061035156,112429300,Equity
2019-05-13,S&P 500 ETF,280.8599853515625,127290500,Equity
2019-05-14,S&P 500 ETF,283.3999938964844,77003200,Equity
2019-05-15,S&P 500 ETF,285.05999755859375,73956400,Equity
2019-05-16,S&P 500 ETF,287.70001220703125,76749600,Equity
2019-05-17,S&P 500 ETF,285.8399963378906,100353000,Equity
2019-05-20,S&P 500 ETF,283.95001220703125,62877600,Equity
2019-05-21,S&P 500 ETF,286.510009765625,46847100,Equity
2019-05-22,S&P 500 ETF,285.6300048828125,49482500,Equity
2019-05-23,S&P 500 ETF,282.1400146484375,98733800,Equity
2019-05-24,S&P 500 ETF,282.7799987792969,55268100,Equity
2019-05-28,S&P 500 ETF,280.1499938964844,70029400,Equity
2019-05-29,S&P 500 ETF,278.2699890136719,104972900,Equity
2019-05-30,S&P 500 ETF,279.0299987792969,62523800,Equity
2019-05-31,S&P 500 ETF,275.2699890136719,86862800,Equity
2019-06-03,S&P 500 ETF,274.57000732421875,96428000,Equity
2019-06-04,S&P 500 ETF,280.5299987792969,77231900,Equity
2019-06-05,S&P 500 ETF,282.9599914550781,71169700,Equity
2019-06-06,S&P 500 ETF,284.79998779296875,69430400,Equity
2019-06-07,S&P 500 ETF,287.6499938964844,74272200,Equity
2019-06-10,S&P 500 ETF,288.9700012207031,60799100,Equity
2019-06-11,S&P 500 ETF,288.8999938964844,58641300,Equity
2019-06-12,S&P 500 ETF,288.3900146484375,47096300,Equity
2019-06-13,S&P 500 ETF,289.5799865722656,48945200,Equity
2019-06-14,S&P 500 ETF,289.260009765625,52324700,Equity
2019-06-17,S&P 500 ETF,289.3699951171875,39205700,Equity
2019-06-18,S&P 500 ETF,292.3999938964844,85434800,Equity
2019-06-19,S&P 500 ETF,293.05999755859375,78674400,Equity
2019-06-20,S&P 500 ETF,295.8599853515625,116570000,Equity
2019-06-21,S&P 500 ETF,294.0,83309500,Equity
2019-06-24,S&P 500 ETF,293.6400146484375,47582700,Equity
2019-06-25,S&P 500 ETF,290.760009765625,82028700,Equity
2019-06-26,S&P 500 ETF,290.4700012207031,51584900,Equity
2019-06-27,S&P 500 ETF,291.5,40355200,Equity
2019-06-28,S&P 500 ETF,293.0,59350900,Equity
2019-07-01,S&P 500 ETF,295.6600036621094,78705600,Equity
2019-07-02,S&P 500 ETF,296.42999267578125,61504500,Equity
2019-07-03,S&P 500 ETF,298.79998779296875,40898900,Equity
2019-07-05,S&P 500 ETF,298.4599914550781,51677300,Equity
2019-07-08,S&P 500 ETF,296.82000732421875,45841800,Equity
2019-07-09,S&P 500 ETF,297.19000244140625,41101300,Equity
2019-07-10,S&P 500 ETF,298.6099853515625,58448500,Equity
2019-07-11,S&P 500 ETF,299.30999755859375,50826100,Equity
2019-07-12,S&P 500 ETF,300.6499938964844,40326000,Equity
2019-07-15,S&P 500 ETF,300.75,33900000,Equity
2019-07-16,S&P 500 ETF,299.7799987792969,36650100,Equity
2019-07-17,S&P 500 ETF,297.739990234375,36036300,Equity
2019-07-18,S&P 500 ETF,298.8299865722656,51392600,Equity
2019-07-19,S&P 500 ETF,297.1700134277344,58678600,Equity
2019-07-22,S&P 500 ETF,297.8999938964844,43638100,Equity
2019-07-23,S&P 500 ETF,300.0299987792969,44564500,Equity
2019-07-24,S&P 500 ETF,301.44000244140625,47213200,Equity
2019-07-25,S&P 500 ETF,300.0,55394100,Equity
2019-07-26,S&P 500 ETF,302.010009765625,45084100,Equity
2019-07-29,S&P 500 ETF,301.4599914550781,38126500,Equity
2019-07-30,S&P 500 ETF,300.7200012207031,45849000,Equity
2019-07-31,S&P 500 ETF,297.42999267578125,104245200,Equity
2019-08-01,S&P 500 ETF,294.8399963378906,142646600,Equity
2019-08-02,S&P 500 ETF,292.6199951171875,116749700,Equity
2019-08-05,S&P 500 ETF,283.82000732421875,178745400,Equity
2019-08-06,S&P 500 ETF,287.79998779296875,120711700,Equity
2019-08-07,S&P 500 ETF,287.9700012207031,140572300,Equity
2019-08-08,S&P 500 ETF,293.6199951171875,87713900,Equity
2019-08-09,S&P 500 ETF,291.6199951171875,93730000,Equity
2019-08-12,S&P 500 ETF,288.07000732421875,65527600,Equity
2019-08-13,S&P 500 ETF,292.54998779296875,94299800,Equity
2019-08-14,S&P 500 ETF,283.8999938964844,135622100,Equity
2019-08-15,S&P 500 ETF,284.6499938964844,99556600,Equity
2019-08-16,S&P 500 ETF,288.8500061035156,83018300,Equity
2019-08-19,S&P 500 ETF,292.3299865722656,53571800,Equity
2019-08-20,S&P 500 ETF,290.0899963378906,51596400,Equity
2019-08-21,S&P 500 ETF,292.45001220703125,49524700,Equity
2019-08-22,S&P 500 ETF,292.3599853515625,51666400,Equity
2019-08-23,S&P 500 ETF,284.8500061035156,149161500,Equity
2019-08-26,S&P 500 ETF,288.0,72423800,Equity
2019-08-27,S&P 500 ETF,286.8699951171875,66668900,Equity
2019-08-28,S&P 500 ETF,288.8900146484375,59696700,Equity
2019-08-29,S&P 500 ETF,292.5799865722656,57899400,Equity
2019-08-30,S&P 500 ETF,292.45001220703125,62901200,Equity
2019-09-03,S&P 500 ETF,290.739990234375,69101400,Equity
2019-09-04,S&P 500 ETF,294.0400085449219,46887300,Equity
2019-09-05,S&P 500 ETF,297.82000732421875,83258100,Equity
2019-09-06,S&P 500 ETF,298.04998779296875,49584300,Equity
2019-09-09,S&P 500 ETF,298.20001220703125,51260300,Equity
2019-09-10,S&P 500 ETF,298.1300048828125,57947100,Equity
2019-09-11,S&P 500 ETF,300.25,68821100,Equity
2019-09-12,S&P 500 ETF,301.2900085449219,72908700,Equity
2019-09-13,S&P 500 ETF,301.0899963378906,62104800,Equity
2019-09-16,S&P 500 ETF,300.1600036621094,58191200,Equity
2019-09-17,S&P 500 ETF,300.9200134277344,41475500,Equity
2019-09-18,S&P 500 ETF,301.1000061035156,73375800,Equity
2019-09-19,S&P 500 ETF,301.0799865722656,76560500,Equity
2019-09-20,S&P 500 ETF,298.2799987792969,89565000,Equity
2019-09-23,S&P 500 ETF,298.2099914550781,43476800,Equity
2019-09-24,S&P 500 ETF,295.8699951171875,94869400,Equity
2019-09-25,S&P 500 ETF,297.6199951171875,71854000,Equity
2019-09-26,S&P 500 ETF,297.0,56179700,Equity
2019-09-27,S&P 500 ETF,295.3999938964844,84746600,Equity
2019-09-30,S&P 500 ETF,296.7699890136719,51662400,Equity
2019-10-01,S&P 500 ETF,293.239990234375,88242400,Equity
2019-10-02,S&P 500 ETF,288.05999755859375,122539500,Equity
2019-10-03,S&P 500 ETF,290.4200134277344,85278800,Equity
2019-10-04,S&P 500 ETF,294.3500061035156,65091200,Equity
2019-10-07,S&P 500 ETF,293.0799865722656,59610500,Equity
2019-10-08,S&P 500 ETF,288.5299987792969,95708100,Equity
2019-10-09,S&P 500 ETF,291.2699890136719,62359400,Equity
2019-10-10,S&P 500 ETF,293.239990234375,55296300,Equity
2019-10-11,S&P 500 ETF,296.2799987792969,98720400,Equity
2019-10-14,S&P 500 ETF,295.95001220703125,40394800,Equity
2019-10-15,S&P 500 ETF,298.8800048828125,46754500,Equity
2019-10-16,S&P 500 ETF,298.3999938964844,48928200,Equity
2019-10-17,S&P 500 ETF,299.2799987792969,45736600,Equity
2019-10-18,S&P 500 ETF,297.9700012207031,64304000,Equity
2019-10-21,S&P 500 ETF,299.989990234375,39048600,Equity
2019-10-22,S&P 500 ETF,299.010009765625,48594700,Equity
2019-10-23,S&P 500 ETF,299.8800048828125,34352200,Equity
2019-10-24,S&P 500 ETF,300.3699951171875,35453100,Equity
2019-10-25,S&P 500 ETF,301.6000061035156,45205400,Equity
2019-10-28,S&P 500 ETF,303.29998779296875,42147000,Equity
2019-10-29,S&P 500 ETF,303.2099914550781,44284900,Equity
2019-10-30,S&P 500 ETF,304.1400146484375,49643900,Equity
2019-10-31,S&P 500 ETF,303.3299865722656,69053800,Equity
2019-11-01,S&P 500 ETF,306.1400146484375,71141500,Equity
2019-11-04,S&P 500 ETF,307.3699951171875,60606900,Equity
2019-11-05,S&P 500 ETF,307.0299987792969,42933200,Equity
2019-11-06,S&P 500 ETF,307.1000061035156,46487100,Equity
2019-11-07,S&P 500 ETF,308.17999267578125,54272300,Equity
2019-11-08,S&P 500 ETF,308.94000244140625,49032100,Equity
2019-11-11,S&P 500 ETF,308.3500061035156,35797300,Equity
2019-11-12,S&P 500 ETF,309.0,46484600,Equity
2019-11-13,S&P 500 ETF,309.1000061035156,53917700,Equity
2019-11-14,S&P 500 ETF,309.54998779296875,51219900,Equity
2019-11-15,S&P 500 ETF,311.7900085449219,62023600,Equity
2019-11-18,S&P 500 ETF,312.0199890136719,49228000,Equity
2019-11-19,S&P 500 ETF,311.92999267578125,67804700,Equity
2019-11-20,S&P 500 ETF,310.7699890136719,79406200,Equity
2019-11-21,S&P 500 ETF,310.2699890136719,54664700,Equity
2019-11-22,S&P 500 ETF,310.9599914550781,44850200,Equity
2019-11-25,S&P 500 ETF,313.3699951171875,48647200,Equity
2019-11-26,S&P 500 ETF,314.0799865722656,37569000,Equity
2019-11-27,S&P 500 ETF,315.4800109863281,44444600,Equity
2019-11-29,S&P 500 ETF,314.30999755859375,36592700,Equity
2019-12-02,S&P 500 ETF,311.6400146484375,75767800,Equity
2019-12-03,S&P 500 ETF,309.54998779296875,73941700,Equity
2019-12-04,S&P 500 ETF,311.4599914550781,49080000,Equity
2019-12-05,S&P 500 ETF,312.0199890136719,40709000,Equity
2019-12-06,S&P 500 ETF,314.8699951171875,48927000,Equity
2019-12-09,S&P 500 ETF,313.8800048828125,34838500,Equity
2019-12-10,S&P 500 ETF,313.5299987792969,52649800,Equity
2019-12-11,S&P 500 ETF,314.4200134277344,53429100,Equity
2019-12-12,S&P 500 ETF,317.1300048828125,96389600,Equity
2019-12-13,S&P 500 ETF,317.32000732421875,81503900,Equity
2019-12-16,S&P 500 ETF,319.5,82749700,Equity
2019-12-17,S&P 500 ETF,319.57000732421875,61097700,Equity
2019-12-18,S&P 500 ETF,319.5899963378906,48133000,Equity
2019-12-19,S&P 500 ETF,320.8999938964844,85310500,Equity
2019-12-20,S&P 500 ETF,320.7300109863281,147142100,Equity
2019-12-23,S&P 500 ETF,321.2200012207031,52990000,Equity
2019-12-24,S&P 500 ETF,321.2300109863281,20270000,Equity
2019-12-26,S&P 500 ETF,322.94000244140625,30911200,Equity
2019-12-27,S&P 500 ETF,322.8599853515625,42528800,Equity
2019-12-30,S&P 500 ETF,321.0799865722656,49729100,Equity
2019-12-31,S&P 500 ETF,321.8599853515625,57077300,Equity
2020-01-02,S&P 500 ETF,324.8699951171875,59151200,Equity
2020-01-03,S&P 500 ETF,322.4100036621094,77709700,Equity
2020-01-06,S&P 500 ETF,323.6400146484375,55653900,Equity
2020-01-07,S&P 500 ETF,322.7300109863281,40496400,Equity
2020-01-08,S&P 500 ETF,324.45001220703125,68296000,Equity
2020-01-09,S&P 500 ETF,326.6499938964844,48473300,Equity
2020-01-10,S&P 500 ETF,325.7099914550781,53029300,Equity
2020-01-13,S&P 500 ETF,327.95001220703125,47086800,Equity
2020-01-14,S&P 500 ETF,327.45001220703125,62832800,Equity
2020-01-15,S&P 500 ETF,328.19000244140625,72056600,Equity
2020-01-16,S&P 500 ETF,330.9200134277344,54050300,Equity
2020-01-17,S&P 500 ETF,331.95001220703125,95846000,Equity
2020-01-21,S&P 500 ETF,331.29998779296875,77742400,Equity
2020-01-22,S&P 500 ETF,331.3399963378906,48914900,Equity
2020-01-23,S&P 500 ETF,331.7200012207031,51963000,Equity
2020-01-24,S&P 500 ETF,328.7699890136719,87578400,Equity
2020-01-27,S&P 500 ETF,323.5,84062500,Equity
2020-01-28,S&P 500 ETF,326.8900146484375,63834000,Equity
2020-01-29,S&P 500 ETF,326.6199951171875,53888900,Equity
2020-01-30,S&P 500 ETF,327.67999267578125,75491800,Equity
2020-01-31,S&P 500 ETF,321.7300109863281,113845600,Equity
2020-02-03,S&P 500 ETF,324.1199951171875,69083000,Equity
2020-02-04,S&P 500 ETF,329.05999755859375,62573200,Equity
2020-02-05,S&P 500 ETF,332.8599853515625,65951100,Equity
2020-02-06,S&P 500 ETF,333.9800109863281,50359700,Equity
2020-02-07,S&P 500 ETF,332.20001220703125,64139400,Equity
2020-02-10,S&P 500 ETF,334.67999267578125,42070000,Equity
2020-02-11,S&P 500 ETF,335.260009765625,54864500,Equity
2020-02-12,S&P 500 ETF,337.4200134277344,43992700,Equity
2020-02-13,S&P 500 ETF,337.05999755859375,54501900,Equity
2020-02-14,S&P 500 ETF,337.6000061035156,64582200,Equity
2020-02-18,S&P 500 ETF,336.7300109863281,57226200,Equity
2020-02-19,S&P 500 ETF,338.3399963378906,48814700,Equity
2020-02-20,S&P 500 ETF,336.95001220703125,74163400,Equity
2020-02-21,S&P 500 ETF,333.4800109863281,113788200,Equity
2020-02-24,S&P 500 ETF,322.4200134277344,161088400,Equity
2020-02-25,S&P 500 ETF,312.6499938964844,218913200,Equity
2020-02-26,S&P 500 ETF,311.5,194773800,Equity
2020-02-27,S&P 500 ETF,297.510009765625,284353500,Equity
2020-02-28,S&P 500 ETF,296.260009765625,384975800,Equity
2020-03-02,S&P 500 ETF,309.0899963378906,238703600,Equity
2020-03-03,S&P 500 ETF,300.239990234375,300139100,Equity
2020-03-04,S&P 500 ETF,312.8599853515625,176613400,Equity
2020-03-05,S&P 500 ETF,302.4599914550781,186366800,Equity
2020-03-06,S&P 500 ETF,297.4599914550781,228667200,Equity
2020-03-09,S&P 500 ETF,274.2300109863281,309417300,Equity
2020-03-10,S&P 500 ETF,288.4200134277344,276444100,Equity
2020-03-11,S&P 500 ETF,274.3599853515625,255316300,Equity
2020-03-12,S&P 500 ETF,248.11000061035156,392220700,Equity
2020-03-13,S&P 500 ETF,269.32000732421875,329566100,Equity
2020-03-16,S&P 500 ETF,239.85000610351562,297240000,Equity
2020-03-17,S&P 500 ETF,252.8000030517578,262070500,Equity
2020-03-18,S&P 500 ETF,240.0,327597100,Equity
2020-03-19,S&P 500 ETF,240.50999450683594,289322000,Equity
2020-03-20,S&P 500 ETF,228.8000030517578,347158800,Equity
2020-03-23,S&P 500 ETF,222.9499969482422,326025200,Equity
2020-03-24,S&P 500 ETF,243.14999389648438,235494500,Equity
2020-03-25,S&P 500 ETF,246.7899932861328,299430300,Equity
2020-03-26,S&P 500 ETF,261.20001220703125,257632800,Equity
2020-03-27,S&P 500 ETF,253.4199981689453,224341200,Equity
2020-03-30,S&P 500 ETF,261.6499938964844,171369500,Equity
2020-03-31,S&P 500 ETF,257.75,194881100,Equity
2020-04-01,S&P 500 ETF,246.14999389648438,189554600,Equity
2020-04-02,S&P 500 ETF,251.8300018310547,177660400,Equity
2020-04-03,S&P 500 ETF,248.19000244140625,135561200,Equity
2020-04-06,S&P 500 ETF,264.8599853515625,188061200,Equity
2020-04-07,S&P 500 ETF,265.1300048828125,201427200,Equity
2020-04-08,S&P 500 ETF,274.0299987792969,153774500,Equity
2020-04-09,S&P 500 ETF,278.20001220703125,189999200,Equity
2020-04-13,S&P 500 ETF,275.6600036621094,114839100,Equity
2020-04-14,S&P 500 ETF,283.7900085449219,134143400,Equity
2020-04-15,S&P 500 ETF,277.760009765625,121775000,Equity
2020-04-16,S&P 500 ETF,279.1000061035156,131798300,Equity
2020-04-17,S&P 500 ETF,286.6400146484375,146684800,Equity
2020-04-20,S&P 500 ETF,281.5899963378906,100109300,Equity
2020-04-21,S&P 500 ETF,273.0400085449219,126385700,Equity
2020-04-22,S&P 500 ETF,279.1000061035156,92951600,Equity
2020-04-23,S&P 500 ETF,279.0799865722656,104709700,Equity
2020-04-24,S&P 500 ETF,282.9700012207031,85063200,Equity
2020-04-27,S&P 500 ETF,287.04998779296875,77896600,Equity
2020-04-28,S&P 500 ETF,285.7300109863281,105270000,Equity
2020-04-29,S&P 500 ETF,293.2099914550781,118745600,Equity
2020-04-30,S&P 500 ETF,290.4800109863281,122901700,Equity
2020-05-01,S&P 500 ETF,282.7900085449219,125180000,Equity
2020-05-04,S&P 500 ETF,283.57000732421875,80873200,Equity
2020-05-05,S&P 500 ETF,286.19000244140625,79569900,Equity
2020-05-06,S&P 500 ETF,284.25,73632600,Equity
2020-05-07,S&P 500 ETF,287.67999267578125,75250400,Equity
2020-05-08,S&P 500 ETF,292.44000244140625,76452400,Equity
2020-05-11,S&P 500 ETF,292.5,79514200,Equity
2020-05-12,S&P 500 ETF,286.6700134277344,95870800,Equity
2020-05-13,S&P 500 ETF,281.6000061035156,144721100,Equity
2020-05-14,S&P 500 ETF,284.9700012207031,121977900,Equity
2020-05-15,S&P 500 ETF,286.2799987792969,111146300,Equity
2020-05-18,S&P 500 ETF,295.0,119703800,Equity
2020-05-19,S&P 500 ETF,291.9700012207031,95189300,Equity
2020-05-20,S&P 500 ETF,296.92999267578125,85861700,Equity
2020-05-21,S&P 500 ETF,294.8800048828125,78293900,Equity
2020-05-22,S&P 500 ETF,295.44000244140625,63958200,Equity
2020-05-26,S&P 500 ETF,299.0799865722656,88951400,Equity
2020-05-27,S&P 500 ETF,303.5299987792969,104817400,Equity
2020-05-28,S&P 500 ETF,302.9700012207031,90405200,Equity
2020-05-29,S&P 500 ETF,304.32000732421875,119090800,Equity
2020-06-01,S&P 500 ETF,305.54998779296875,55758300,Equity
2020-06-02,S&P 500 ETF,308.0799865722656,74267200,Equity
2020-06-03,S&P 500 ETF,312.17999267578125,92567600,Equity
2020-06-04,S&P 500 ETF,311.3599853515625,75794400,Equity
2020-06-05,S&P 500 ETF,319.3399963378906,150524700,Equity
2020-06-08,S&P 500 ETF,323.20001220703125,73641200,Equity
2020-06-09,S&P 500 ETF,320.7900085449219,77479200,Equity
2020-06-10,S&P 500 ETF,319.0,95000800,Equity
2020-06-11,S&P 500 ETF,300.6099853515625,209243600,Equity
2020-06-12,S&P 500 ETF,304.2099914550781,194678900,Equity
2020-06-15,S&P 500 ETF,307.04998779296875,135782700,Equity
2020-06-16,S&P 500 ETF,312.9599914550781,137627500,Equity
2020-06-17,S&P 500 ETF,311.6600036621094,83398900,Equity
2020-06-18,S&P 500 ETF,311.7799987792969,80828700,Equity
2020-06-19,S&P 500 ETF,308.6400146484375,135549600,Equity
2020-06-22,S&P 500 ETF,310.6199951171875,74649400,Equity
2020-06-23,S&P 500 ETF,312.04998779296875,68471200,Equity
2020-06-24,S&P 500 ETF,304.0899963378906,132813500,Equity
2020-06-25,S&P 500 ETF,307.3500061035156,89468000,Equity
2020-06-26,S&P 500 ETF,300.04998779296875,127961000,Equity
2020-06-29,S&P 500 ETF,304.4599914550781,79773300,Equity
2020-06-30,S&P 500 ETF,308.3599853515625,113394800,Equity
2020-07-01,S&P 500 ETF,310.5199890136719,72396500,Equity
2020-07-02,S&P 500 ETF,312.2300109863281,69344200,Equity
2020-07-06,S&P 500 ETF,317.04998779296875,61713800,Equity
2020-07-07,S&P 500 ETF,313.7799987792969,82910000,Equity
2020-07-08,S&P 500 ETF,316.17999267578125,54638600,Equity
2020-07-09,S&P 500 ETF,314.3800048828125,83354200,Equity
2020-07-10,S&P 500 ETF,317.5899963378906,57550400,Equity
2020-07-13,S&P 500 ETF,314.8399963378906,102997500,Equity
2020-07-14,S&P 500 ETF,318.9200134277344,93657000,Equity
2020-07-15,S&P 500 ETF,321.8500061035156,87196500,Equity
2020-07-16,S&P 500 ETF,320.7900085449219,54622500,Equity
2020-07-17,S&P 500 ETF,321.7200012207031,62774900,Equity
2020-07-20,S&P 500 ETF,324.32000732421875,56308800,Equity
2020-07-21,S&P 500 ETF,325.010009765625,57292200,Equity
2020-07-22,S&P 500 ETF,326.8599853515625,57792900,Equity
2020-07-23,S&P 500 ETF,322.9599914550781,75738000,Equity
2020-07-24,S&P 500 ETF,320.8800048828125,73766600,Equity
2020-07-27,S&P 500 ETF,323.2200012207031,48293000,Equity
2020-07-28,S&P 500 ETF,321.1700134277344,57495000,Equity
2020-07-29,S&P 500 ETF,325.1199951171875,48454200,Equity
2020-07-30,S&P 500 ETF,323.9599914550781,61861700,Equity
2020-07-31,S&P 500 ETF,326.5199890136719,84986800,Equity
2020-08-03,S&P 500 ETF,328.7900085449219,53077900,Equity
2020-08-04,S&P 500 ETF,330.05999755859375,41917900,Equity
2020-08-05,S&P 500 ETF,332.1099853515625,42697700,Equity
2020-08-06,S&P 500 ETF,334.3299865722656,43679400,Equity
2020-08-07,S&P 500 ETF,334.57000732421875,57308300,Equity
2020-08-10,S&P 500 ETF,335.57000732421875,44282100,Equity
2020-08-11,S&P 500 ETF,332.79998779296875,69601100,Equity
2020-08-12,S&P 500 ETF,337.44000244140625,53774400,Equity
2020-08-13,S&P 500 ETF,336.8299865722656,41816100,Equity
2020-08-14,S&P 500 ETF,336.8399963378906,47260400,Equity
2020-08-17,S&P 500 ETF,337.9100036621094,35481000,Equity
2020-08-18,S&P 500 ETF,338.6400146484375,38733900,Equity
2020-08-19,S&P 500 ETF,337.2300109863281,68054200,Equity
2020-08-20,S&P 500 ETF,338.2799987792969,42207800,Equity
2020-08-21,S&P 500 ETF,339.4800109863281,55106600,Equity
2020-08-24,S&P 500 ETF,342.9200134277344,48588700,Equity
2020-08-25,S&P 500 ETF,344.1199951171875,38463400,Equity
2020-08-26,S&P 500 ETF,347.57000732421875,50790200,Equity
2020-08-27,S&P 500 ETF,348.3299865722656,58034100,Equity
2020-08-28,S&P 500 ETF,350.5799865722656,48588900,Equity
2020-08-31,S&P 500 ETF,349.30999755859375,66099200,Equity
2020-09-01,S&P 500 ETF,352.6000061035156,54908700,Equity
2020-09-02,S&P 500 ETF,357.70001220703125,69540000,Equity
2020-09-03,S&P 500 ETF,345.3900146484375,148011100,Equity
2020-09-04,S&P 500 ETF,342.57000732421875,139156300,Equity
2020-09-08,S&P 500 ETF,333.2099914550781,114465300,Equity
2020-09-09,S&P 500 ETF,339.7900085449219,91462300,Equity
2020-09-10,S&P 500 ETF,333.8900146484375,90569500,Equity
2020-09-11,S&P 500 ETF,334.05999755859375,84680200,Equity
2020-09-14,S&P 500 ETF,338.4599914550781,65605700,Equity
2020-09-15,S&P 500 ETF,340.1700134277344,52920900,Equity
2020-09-16,S&P 500 ETF,338.82000732421875,82096000,Equity
2020-09-17,S&P 500 ETF,335.8399963378906,91523300,Equity
2020-09-18,S&P 500 ETF,330.6499938964844,105877900,Equity
2020-09-21,S&P 500 ETF,326.9700012207031,99450800,Equity
2020-09-22,S&P 500 ETF,330.29998779296875,63612100,Equity
2020-09-23,S&P 500 ETF,322.6400146484375,93112200,Equity
2020-09-24,S&P 500 ETF,323.5,76681300,Equity
2020-09-25,S&P 500 ETF,328.7300109863281,71069400,Equity
2020-09-28,S&P 500 ETF,334.19000244140625,64584600,Equity
2020-09-29,S&P 500 ETF,332.3699951171875,51304000,Equity
2020-09-30,S&P 500 ETF,334.8900146484375,104081100,Equity
2020-10-01,S&P 500 ETF,337.0400085449219,88698700,Equity
2020-10-02,S&P 500 ETF,333.8399963378906,89431100,Equity
2020-10-05,S&P 500 ETF,339.760009765625,45713100,Equity
2020-10-06,S&P 500 ETF,334.92999267578125,90128900,Equity
2020-10-07,S&P 500 ETF,340.760009765625,56999600,Equity
2020-10-08,S&P 500 ETF,343.7799987792969,45242500,Equity
2020-10-09,S&P 500 ETF,346.8500061035156,59528600,Equity
2020-10-12,S&P 500 ETF,352.42999267578125,80388500,Equity
2020-10-13,S&P 500 ETF,350.1300048828125,73255500,Equity
2020-10-14,S&P 500 ETF,347.92999267578125,57727900,Equity
2020-10-15,S&P 500 ETF,347.5,60357700,Equity
2020-10-16,S&P 500 ETF,347.2900085449219,89501900,Equity
2020-10-19,S&P 500 ETF,342.010009765625,68425600,Equity
2020-10-20,S&P 500 ETF,343.3800048828125,60051900,Equity
2020-10-21,S&P 500 ETF,342.7300109863281,63575000,Equity
2020-10-22,S&P 500 ETF,344.6099853515625,55399300,Equity
2020-10-23,S&P 500 ETF,345.7799987792969,49143900,Equity
2020-10-26,S&P 500 ETF,339.3900146484375,91473000,Equity
2020-10-27,S&P 500 ETF,338.2200012207031,65994100,Equity
2020-10-28,S&P 500 ETF,326.6600036621094,127094300,Equity
2020-10-29,S&P 500 ETF,329.9800109863281,90597700,Equity
2020-10-30,S&P 500 ETF,326.5400085449219,120287300,Equity
2020-11-02,S&P 500 ETF,330.20001220703125,86068300,Equity
2020-11-03,S&P 500 ETF,336.0299987792969,93294200,Equity
2020-11-04,S&P 500 ETF,343.5400085449219,126959700,Equity
2020-11-05,S&P 500 ETF,350.239990234375,82039700,Equity
2020-11-06,S&P 500 ETF,350.1600036621094,74973000,Equity
2020-11-09,S&P 500 ETF,354.55999755859375,172304200,Equity
2020-11-10,S&P 500 ETF,354.0400085449219,85552000,Equity
2020-11-11,S&P 500 ETF,356.6700134277344,58649000,Equity
2020-11-12,S&P 500 ETF,353.2099914550781,67546200,Equity
2020-11-13,S&P 500 ETF,358.1000061035156,62892200,Equity
2020-11-16,S&P 500 ETF,362.57000732421875,74541100,Equity
2020-11-17,S&P 500 ETF,360.6199951171875,66111000,Equity
2020-11-18,S&P 500 ETF,356.2799987792969,70591300,Equity
2020-11-19,S&P 500 ETF,357.7799987792969,59940900,Equity
2020-11-20,S&P 500 ETF,355.3299865722656,70417300,Equity
2020-11-23,S&P 500 ETF,357.4599914550781,63230600,Equity
2020-11-24,S&P 500 ETF,363.2200012207031,62415900,Equity
2020-11-25,S&P 500 ETF,362.6600036621094,45330900,Equity
2020-11-27,S&P 500 ETF,363.6700134277344,28514100,Equity
2020-11-30,S&P 500 ETF,362.05999755859375,83872700,Equity
2020-12-01,S&P 500 ETF,366.0199890136719,74231400,Equity
2020-12-02,S&P 500 ETF,366.7900085449219,45927000,Equity
2020-12-03,S&P 500 ETF,366.69000244140625,62882000,Equity
2020-12-04,S&P 500 ETF,369.8500061035156,50749900,Equity
2020-12-07,S&P 500 ETF,369.0899963378906,48944300,Equity
2020-12-08,S&P 500 ETF,370.1700134277344,42458900,Equity
2020-12-09,S&P 500 ETF,366.8500061035156,74098300,Equity
2020-12-10,S&P 500 ETF,366.7300109863281,57735400,Equity
2020-12-11,S&P 500 ETF,366.29998779296875,57698600,Equity
2020-12-14,S&P 500 ETF,364.6600036621094,69216200,Equity
2020-12-15,S&P 500 ETF,369.5899963378906,63865300,Equity
2020-12-16,S&P 500 ETF,370.1700134277344,58420500,Equity
2020-12-17,S&P 500 ETF,372.239990234375,64119500,Equity
2020-12-18,S&P 500 ETF,369.17999267578125,136542300,Equity
2020-12-21,S&P 500 ETF,367.8599853515625,96386700,Equity
2020-12-22,S&P 500 ETF,367.239990234375,47949000,Equity
2020-12-23,S&P 500 ETF,367.57000732421875,46201400,Equity
2020-12-24,S&P 500 ETF,369.0,26457900,Equity
2020-12-28,S&P 500 ETF,372.1700134277344,39000400,Equity
2020-12-29,S&P 500 ETF,371.4599914550781,53680500,Equity
2020-12-30,S&P 500 ETF,371.989990234375,49455300,Equity
2020-12-31,S&P 500 ETF,373.8800048828125,78520700,Equity
2021-01-04,S&P 500 ETF,368.7900085449219,110210800,Equity
2021-01-05,S&P 500 ETF,371.3299865722656,66426200,Equity
2021-01-06,S&P 500 ETF,373.54998779296875,107997700,Equity
2021-01-07,S&P 500 ETF,379.1000061035156,68766800,Equity
2021-01-08,S&P 500 ETF,381.260009765625,71677200,Equity
2021-01-11,S&P 500 ETF,378.69000244140625,51034700,Equity
2021-01-12,S&P 500 ETF,378.7699890136719,52547700,Equity
2021-01-13,S&P 500 ETF,379.7900085449219,45303600,Equity
2021-01-14,S&P 500 ETF,378.4599914550781,49989100,Equity
2021-01-15,S&P 500 ETF,375.70001220703125,107160000,Equity
2021-01-19,S&P 500 ETF,378.6499938964844,51233300,Equity
2021-01-20,S&P 500 ETF,383.8900146484375,61836100,Equity
2021-01-21,S&P 500 ETF,384.239990234375,47840100,Equity
2021-01-22,S&P 500 ETF,382.8800048828125,52860500,Equity
2021-01-25,S&P 500 ETF,384.3900146484375,70402000,Equity
2021-01-26,S&P 500 ETF,383.7900085449219,42665300,Equity
2021-01-27,S&P 500 ETF,374.4100036621094,123351100,Equity
2021-01-28,S&P 500 ETF,377.6300048828125,94198100,Equity
2021-01-29,S&P 500 ETF,370.07000732421875,126765100,Equity
2021-02-01,S&P 500 ETF,376.2300109863281,75817600,Equity
2021-02-02,S&P 500 ETF,381.54998779296875,64450700,Equity
2021-02-03,S&P 500 ETF,381.8500061035156,52427100,Equity
2021-02-04,S&P 500 ETF,386.19000244140625,47142600,Equity
2021-02-05,S&P 500 ETF,387.7099914550781,48669800,Equity
2021-02-08,S&P 500 ETF,390.510009765625,38365200,Equity
2021-02-09,S&P 500 ETF,390.25,35551100,Equity
2021-02-10,S&P 500 ETF,390.0799865722656,59154400,Equity
2021-02-11,S&P 500 ETF,390.7099914550781,42913300,Equity
2021-02-12,S&P 500 ETF,392.6400146484375,50593300,Equity
2021-02-16,S&P 500 ETF,392.29998779296875,50972400,Equity
2021-02-17,S&P 500 ETF,392.3900146484375,52290600,Equity
2021-02-18,S&P 500 ETF,390.7200012207031,59712800,Equity
2021-02-19,S&P 500 ETF,390.0299987792969,83241000,Equity
2021-02-22,S&P 500 ETF,387.0299987792969,67414200,Equity
2021-02-23,S&P 500 ETF,387.5,107284100,Equity
2021-02-24,S&P 500 ETF,391.7699890136719,72433900,Equity
2021-02-25,S&P 500 ETF,382.3299865722656,146670500,Equity
2021-02-26,S&P 500 ETF,380.3599853515625,152701600,Equity
2021-03-01,S&P 500 ETF,389.5799865722656,105348800,Equity
2021-03-02,S&P 500 ETF,386.5400085449219,79595300,Equity
2021-03-03,S&P 500 ETF,381.4200134277344,119940200,Equity
2021-03-04,S&P 500 ETF,376.70001220703125,183433000,Equity
2021-03-05,S&P 500 ETF,383.6300048828125,152039600,Equity
2021-03-08,S&P 500 ETF,381.7200012207031,123149200,Equity
2021-03-09,S&P 500 ETF,387.1700134277344,113633600,Equity
2021-03-10,S&P 500 ETF,389.5799865722656,109899400,Equity
2021-03-11,S&P 500 ETF,393.5299987792969,86245000,Equity
2021-03-12,S&P 500 ETF,394.05999755859375,64653600,Equity
2021-03-15,S&P 500 ETF,396.4100036621094,73427200,Equity
2021-03-16,S&P 500 ETF,395.9100036621094,73722500,Equity
2021-03-17,S&P 500 ETF,397.260009765625,97959300,Equity
2021-03-18,S&P 500 ETF,391.4800109863281,115349100,Equity
2021-03-19,S&P 500 ETF,389.4800109863281,113624500,Equity
2021-03-22,S&P 500 ETF,392.5899963378906,73778600,Equity
2021-03-23,S&P 500 ETF,389.5,90686600,Equity
2021-03-24,S&P 500 ETF,387.5199890136719,97588600,Equity
2021-03-25,S&P 500 ETF,389.70001220703125,116128600,Equity
2021-03-26,S&P 500 ETF,395.9800109863281,114409100,Equity
2021-03-29,S&P 500 ETF,395.7799987792969,108107600,Equity
2021-03-30,S&P 500 ETF,394.7300109863281,76262200,Equity
2021-03-31,S&P 500 ETF,396.3299865722656,112734200,Equity
2021-04-01,S&P 500 ETF,400.6099853515625,99682900,Equity
2021-04-05,S&P 500 ETF,406.3599853515625,91684800,Equity
2021-04-06,S&P 500 ETF,406.1199951171875,62021000,Equity
2021-04-07,S&P 500 ETF,406.5899963378906,55836300,Equity
2021-04-08,S&P 500 ETF,408.5199890136719,57863100,Equity
2021-04-09,S&P 500 ETF,411.489990234375,61104600,Equity
2021-04-12,S&P 500 ETF,411.6400146484375,56704900,Equity
2021-04-13,S&P 500 ETF,412.8599853515625,56551000,Equity
2021-04-14,S&P 500 ETF,411.45001220703125,61659900,Equity
2021-04-15,S&P 500 ETF,415.8699951171875,60229800,Equity
2021-04-16,S&P 500 ETF,417.260009765625,82037300,Equity
2021-04-19,S&P 500 ETF,415.2099914550781,78498500,Equity
2021-04-20,S&P 500 ETF,412.1700134277344,81851800,Equity
2021-04-21,S&P 500 ETF,416.07000732421875,66793000,Equity
2021-04-22,S&P 500 ETF,412.2699890136719,97582800,Equity
2021-04-23,S&P 500 ETF,416.739990234375,73209200,Equity
2021-04-26,S&P 500 ETF,417.6099853515625,52182400,Equity
2021-04-27,S&P 500 ETF,417.5199890136719,51303100,Equity
2021-04-28,S&P 500 ETF,417.3999938964844,51238900,Equity
2021-04-29,S&P 500 ETF,420.05999755859375,78544300,Equity
2021-04-30,S&P 500 ETF,417.29998779296875,85527000,Equity
2021-05-03,S&P 500 ETF,418.20001220703125,68128300,Equity
2021-05-04,S&P 500 ETF,415.6199951171875,101591200,Equity
2021-05-05,S&P 500 ETF,415.75,60162200,Equity
2021-05-06,S&P 500 ETF,419.07000732421875,74321400,Equity
2021-05-07,S&P 500 ETF,422.1199951171875,67733800,Equity
2021-05-10,S&P 500 ETF,417.94000244140625,81852400,Equity
2021-05-11,S&P 500 ETF,414.2099914550781,116888000,Equity
2021-05-12,S&P 500 ETF,405.4100036621094,134811000,Equity
2021-05-13,S&P 500 ETF,410.2799987792969,106394000,Equity
2021-05-14,S&P 500 ETF,416.5799865722656,82201600,Equity
2021-05-17,S&P 500 ETF,415.5199890136719,65129200,Equity
2021-05-18,S&P 500 ETF,411.94000244140625,59810200,Equity
2021-05-19,S&P 500 ETF,410.8599853515625,106467100,Equity
2021-05-20,S&P 500 ETF,415.2799987792969,78022200,Equity
2021-05-21,S&P 500 ETF,414.94000244140625,76578700,Equity
2021-05-24,S&P 500 ETF,419.1700134277344,51376700,Equity
2021-05-25,S&P 500 ETF,418.239990234375,57451400,Equity
2021-05-26,S&P 500 ETF,419.07000732421875,43088600,Equity
2021-05-27,S&P 500 ETF,419.2900085449219,56707700,Equity
2021-05-28,S&P 500 ETF,420.0400085449219,58520200,Equity
2021-06-01,S&P 500 ETF,419.6700134277344,54216600,Equity
2021-06-02,S&P 500 ETF,420.3299865722656,49097100,Equity
2021-06-03,S&P 500 ETF,418.7699890136719,58138800,Equity
2021-06-04,S&P 500 ETF,422.6000061035156,55938800,Equity
2021-06-07,S&P 500 ETF,422.19000244140625,51555000,Equity
2021-06-08,S&P 500 ETF,422.2799987792969,47134300,Equity
2021-06-09,S&P 500 ETF,421.6499938964844,48436300,Equity
2021-06-10,S&P 500 ETF,423.6099853515625,51020100,Equity
2021-06-11,S&P 500 ETF,424.30999755859375,45570800,Equity
2021-06-14,S&P 500 ETF,425.260009765625,42358500,Equity
2021-06-15,S&P 500 ETF,424.4800109863281,51508500,Equity
2021-06-16,S&P 500 ETF,422.1099853515625,80386100,Equity
2021-06-17,S&P 500 ETF,421.9700012207031,90949700,Equity
2021-06-18,S&P 500 ETF,414.9200134277344,118676300,Equity
2021-06-21,S&P 500 ETF,420.8599853515625,72822000,Equity
2021-06-22,S&P 500 ETF,423.1099853515625,57700300,Equity
2021-06-23,S&P 500 ETF,422.6000061035156,49445400,Equity
2021-06-24,S&P 500 ETF,425.1000061035156,45110300,Equity
2021-06-25,S&P 500 ETF,426.6099853515625,58129500,Equity
2021-06-28,S&P 500 ETF,427.4700012207031,53159600,Equity
2021-06-29,S&P 500 ETF,427.70001220703125,35970500,Equity
2021-06-30,S&P 500 ETF,428.05999755859375,64827900,Equity
2021-07-01,S&P 500 ETF,430.42999267578125,53441000,Equity
2021-07-02,S&P 500 ETF,433.7200012207031,57697700,Equity
2021-07-06,S&P 500 ETF,432.92999267578125,68710400,Equity
2021-07-07,S&P 500 ETF,434.4599914550781,63549500,Equity
2021-07-08,S&P 500 ETF,430.9200134277344,97595200,Equity
2021-07-09,S&P 500 ETF,435.5199890136719,76238600,Equity
2021-07-12,S&P 500 ETF,437.0799865722656,52889600,Equity
2021-07-13,S&P 500 ETF,435.5899963378906,52911300,Equity
2021-07-14,S&P 500 ETF,436.239990234375,64130400,Equity
2021-07-15,S&P 500 ETF,434.75,55126400,Equity
2021-07-16,S&P 500 ETF,431.3399963378906,75874700,Equity
2021-07-19,S&P 500 ETF,424.9700012207031,147987000,Equity
2021-07-20,S&P 500 ETF,431.05999755859375,99608200,Equity
2021-07-21,S&P 500 ETF,434.54998779296875,64724400,Equity
2021-07-22,S&P 500 ETF,435.4599914550781,47878500,Equity
2021-07-23,S&P 500 ETF,439.94000244140625,63766600,Equity
2021-07-26,S&P 500 ETF,441.0199890136719,43719200,Equity
2021-07-27,S&P 500 ETF,439.010009765625,67397100,Equity
2021-07-28,S&P 500 ETF,438.8299865722656,52472400,Equity
2021-07-29,S&P 500 ETF,440.6499938964844,47435300,Equity
2021-07-30,S&P 500 ETF,438.510009765625,68951200,Equity
2021-08-02,S&P 500 ETF,437.5899963378906,58783300,Equity
2021-08-03,S&P 500 ETF,441.1499938964844,58053900,Equity
2021-08-04,S&P 500 ETF,438.9800109863281,46732200,Equity
2021-08-05,S&P 500 ETF,441.760009765625,38969700,Equity
2021-08-06,S&P 500 ETF,442.489990234375,46930000,Equity
2021-08-09,S&P 500 ETF,442.1300048828125,41222600,Equity
2021-08-10,S&P 500 ETF,442.67999267578125,43339300,Equity
2021-08-11,S&P 500 ETF,443.7799987792969,44034300,Equity
2021-08-12,S&P 500 ETF,445.1099853515625,38909400,Equity
2021-08-13,S&P 500 ETF,445.9200134277344,39470300,Equity
2021-08-16,S&P 500 ETF,446.9700012207031,73740000,Equity
2021-08-17,S&P 500 ETF,444.0400085449219,92673900,Equity
2021-08-18,S&P 500 ETF,439.17999267578125,89351900,Equity
2021-08-19,S&P 500 ETF,439.8599853515625,92812200,Equity
2021-08-20,S&P 500 ETF,443.3599853515625,72008700,Equity
2021-08-23,S&P 500 ETF,447.260009765625,54973000,Equity
2021-08-24,S&P 500 ETF,447.9700012207031,38744700,Equity
2021-08-25,S&P 500 ETF,448.9100036621094,40529700,Equity
2021-08-26,S&P 500 ETF,446.260009765625,57829600,Equity
2021-08-27,S&P 500 ETF,450.25,77235100,Equity
2021-08-30,S&P 500 ETF,452.2300109863281,48357400,Equity
2021-08-31,S&P 500 ETF,451.55999755859375,59300200,Equity
2021-09-01,S&P 500 ETF,451.79998779296875,48721400,Equity
2021-09-02,S&P 500 ETF,453.19000244140625,42501000,Equity
2021-09-03,S&P 500 ETF,453.0799865722656,47170500,Equity
2021-09-07,S&P 500 ETF,451.4599914550781,51671500,Equity
2021-09-08,S&P 500 ETF,450.9100036621094,56181900,Equity
2021-09-09,S&P 500 ETF,448.9800109863281,57970400,Equity
2021-09-10,S&P 500 ETF,445.44000244140625,89948200,Equity
2021-09-13,S&P 500 ETF,446.5799865722656,83738600,Equity
2021-09-14,S&P 500 ETF,444.1700134277344,78197100,Equity
2021-09-15,S&P 500 ETF,447.8800048828125,78792200,Equity
2021-09-16,S&P 500 ETF,447.1700134277344,77786700,Equity
2021-09-17,S&P 500 ETF,441.3999938964844,118425000,Equity
2021-09-20,S&P 500 ETF,434.0400085449219,166445500,Equity
2021-09-21,S&P 500 ETF,433.6300048828125,92526100,Equity
2021-09-22,S&P 500 ETF,437.8599853515625,102350100,Equity
2021-09-23,S&P 500 ETF,443.17999267578125,76396000,Equity
2021-09-24,S&P 500 ETF,443.9100036621094,62094800,Equity
2021-09-27,S&P 500 ETF,442.6400146484375,61371100,Equity
2021-09-28,S&P 500 ETF,433.7200012207031,130436300,Equity
2021-09-29,S&P 500 ETF,434.45001220703125,82329200,Equity
2021-09-30,S&P 500 ETF,429.1400146484375,140506000,Equity
2021-10-01,S&P 500 ETF,434.239990234375,129240100,Equity
2021-10-04,S&P 500 ETF,428.6400146484375,128570000,Equity
2021-10-05,S&P 500 ETF,433.1000061035156,90682500,Equity
2021-10-06,S&P 500 ETF,434.8999938964844,113032200,Equity
2021-10-07,S&P 500 ETF,438.6600036621094,72437500,Equity
2021-10-08,S&P 500 ETF,437.8599853515625,74557400,Equity
2021-10-11,S&P 500 ETF,434.69000244140625,65233300,Equity
2021-10-12,S&P 500 ETF,433.6199951171875,71181200,Equity
2021-10-13,S&P 500 ETF,435.17999267578125,72974000,Equity
2021-10-14,S&P 500 ETF,442.5,70236800,Equity
2021-10-15,S&P 500 ETF,445.8699951171875,66260200,Equity
2021-10-18,S&P 500 ETF,447.19000244140625,62213200,Equity
2021-10-19,S&P 500 ETF,450.6400146484375,46996800,Equity
2021-10-20,S&P 500 ETF,452.4100036621094,49571600,Equity
2021-10-21,S&P 500 ETF,453.5899963378906,41305400,Equity
2021-10-22,S&P 500 ETF,453.1199951171875,58845100,Equity
2021-10-25,S&P 500 ETF,455.54998779296875,45214500,Equity
2021-10-26,S&P 500 ETF,455.9599914550781,56075100,Equity
2021-10-27,S&P 500 ETF,453.94000244140625,72438000,Equity
2021-10-28,S&P 500 ETF,458.32000732421875,51437900,Equity
2021-10-29,S&P 500 ETF,459.25,70162400,Equity
2021-11-01,S&P 500 ETF,460.0400085449219,48433600,Equity
2021-11-02,S&P 500 ETF,461.8999938964844,48908400,Equity
2021-11-03,S&P 500 ETF,464.7200012207031,52509800,Equity
2021-11-04,S&P 500 ETF,466.9100036621094,52847100,Equity
2021-11-05,S&P 500 ETF,468.5299987792969,66390600,Equity
2021-11-08,S&P 500 ETF,468.92999267578125,50405200,Equity
2021-11-09,S&P 500 ETF,467.3800048828125,51149100,Equity
2021-11-10,S&P 500 ETF,463.6199951171875,69429700,Equity
2021-11-11,S&P 500 ETF,463.7699890136719,34848500,Equity
2021-11-12,S&P 500 ETF,467.2699890136719,53466700,Equity
2021-11-15,S&P 500 ETF,467.42999267578125,46980500,Equity
2021-11-16,S&P 500 ETF,469.2799987792969,48857500,Equity
2021-11-17,S&P 500 ETF,468.1400146484375,47858300,Equity
2021-11-18,S&P 500 ETF,469.7300109863281,50625600,Equity
2021-11-19,S&P 500 ETF,468.8900146484375,57315600,Equity
2021-11-22,S&P 500 ETF,467.57000732421875,72762000,Equity
2021-11-23,S&P 500 ETF,468.19000244140625,73206500,Equity
2021-11-24,S&P 500 ETF,469.44000244140625,61858800,Equity
2021-11-26,S&P 500 ETF,458.9700012207031,112669600,Equity
2021-11-29,S&P 500 ETF,464.6000061035156,86268800,Equity
2021-11-30,S&P 500 ETF,455.55999755859375,148559600,Equity
2021-12-01,S&P 500 ETF,450.5,131939200,Equity
2021-12-02,S&P 500 ETF,457.3999938964844,127637800,Equity
2021-12-03,S&P 500 ETF,453.4200134277344,137331600,Equity
2021-12-06,S&P 500 ETF,458.7900085449219,98977500,Equity
2021-12-07,S&P 500 ETF,468.2799987792969,95484700,Equity
2021-12-08,S&P 500 ETF,469.5199890136719,72238800,Equity
2021-12-09,S&P 500 ETF,466.3500061035156,61272600,Equity
2021-12-10,S&P 500 ETF,470.739990234375,77159800,Equity
2021-12-13,S&P 500 ETF,466.57000732421875,87724700,Equity
2021-12-14,S&P 500 ETF,463.3599853515625,97264100,Equity
2021-12-15,S&P 500 ETF,470.6000061035156,116899300,Equity
2021-12-16,S&P 500 ETF,466.45001220703125,116568600,Equity
2021-12-17,S&P 500 ETF,459.8699951171875,135511600,Equity
2021-12-20,S&P 500 ETF,454.9800109863281,107134800,Equity
2021-12-21,S&P 500 ETF,463.05999755859375,69806300,Equity
2021-12-22,S&P 500 ETF,467.69000244140625,58890200,Equity
2021-12-23,S&P 500 ETF,470.6000061035156,56439700,Equity
2021-12-27,S&P 500 ETF,477.260009765625,56808600,Equity
2021-12-28,S&P 500 ETF,476.8699951171875,47274600,Equity
2021-12-29,S&P 500 ETF,477.4800109863281,54503000,Equity
2021-12-30,S&P 500 ETF,476.1600036621094,55329000,Equity
2021-12-31,S&P 500 ETF,474.9599914550781,65237400,Equity
2022-01-03,S&P 500 ETF,477.7099914550781,72668200,Equity
2022-01-04,S&P 500 ETF,477.54998779296875,71178700,Equity
2022-01-05,S&P 500 ETF,468.3800048828125,104538900,Equity
2022-01-06,S&P 500 ETF,467.94000244140625,86858900,Equity
2022-01-07,S&P 500 ETF,466.0899963378906,85111600,Equity
2022-01-10,S&P 500 ETF,465.510009765625,119362000,Equity
2022-01-11,S&P 500 ETF,469.75,74303100,Equity
2022-01-12,S&P 500 ETF,471.0199890136719,67605400,Equity
2022-01-13,S&P 500 ETF,464.5299987792969,91173100,Equity
2022-01-14,S&P 500 ETF,464.7200012207031,95890900,Equity
2022-01-18,S&P 500 ETF,456.489990234375,109709100,Equity
2022-01-19,S&P 500 ETF,451.75,109357600,Equity
2022-01-20,S&P 500 ETF,446.75,122379700,Equity
2022-01-21,S&P 500 ETF,437.9800109863281,202271200,Equity
2022-01-24,S&P 500 ETF,439.8399963378906,251783900,Equity
2022-01-25,S&P 500 ETF,434.4700012207031,167997300,Equity
2022-01-26,S&P 500 ETF,433.3800048828125,186391100,Equity
2022-01-27,S&P 500 ETF,431.239990234375,149878300,Equity
2022-01-28,S&P 500 ETF,441.95001220703125,164457400,Equity
2022-01-31,S&P 500 ETF,449.9100036621094,152251400,Equity
2022-02-01,S&P 500 ETF,452.95001220703125,123155400,Equity
2022-02-02,S&P 500 ETF,457.3500061035156,117361000,Equity
2022-02-03,S&P 500 ETF,446.6000061035156,118024400,Equity
2022-02-04,S&P 500 ETF,448.70001220703125,118454400,Equity
2022-02-07,S&P 500 ETF,447.260009765625,84472900,Equity
2022-02-08,S&P 500 ETF,450.94000244140625,81012000,Equity
2022-02-09,S&P 500 ETF,457.5400085449219,92589900,Equity
2022-02-10,S&P 500 ETF,449.32000732421875,140103700,Equity
2022-02-11,S&P 500 ETF,440.4599914550781,153214600,Equity
2022-02-14,S&P 500 ETF,439.0199890136719,123006300,Equity
2022-02-15,S&P 500 ETF,446.1000061035156,88482700,Equity
2022-02-16,S&P 500 ETF,446.6000061035156,84863600,Equity
2022-02-17,S&P 500 ETF,437.05999755859375,102259100,Equity
2022-02-18,S&P 500 ETF,434.2300109863281,132642900,Equity
2022-02-22,S&P 500 ETF,429.57000732421875,124391800,Equity
2022-02-23,S&P 500 ETF,421.95001220703125,132578000,Equity
2022-02-24,S&P 500 ETF,428.29998779296875,213942900,Equity
2022-02-25,S&P 500 ETF,437.75,121804500,Equity
2022-02-28,S&P 500 ETF,436.6300048828125,145615000,Equity
2022-03-01,S&P 500 ETF,429.9800109863281,137785900,Equity
2022-03-02,S&P 500 ETF,437.8900146484375,117726500,Equity
2022-03-03,S&P 500 ETF,435.7099914550781,105501700,Equity
2022-03-04,S&P 500 ETF,432.1700134277344,113978200,Equity
2022-03-07,S&P 500 ETF,419.42999267578125,137896600,Equity
2022-03-08,S&P 500 ETF,416.25,164772700,Equity
2022-03-09,S&P 500 ETF,427.4100036621094,116990800,Equity
2022-03-10,S&P 500 ETF,425.4800109863281,93972700,Equity
2022-03-11,S&P 500 ETF,420.07000732421875,95636300,Equity
2022-03-14,S&P 500 ETF,417.0,95729200,Equity
2022-03-15,S&P 500 ETF,426.1700134277344,106219100,Equity
2022-03-16,S&P 500 ETF,435.6199951171875,144954800,Equity
2022-03-17,S&P 500 ETF,441.07000732421875,102676900,Equity
2022-03-18,S&P 500 ETF,444.5199890136719,106345500,Equity
2022-03-21,S&P 500 ETF,444.3900146484375,88349800,Equity
2022-03-22,S&P 500 ETF,449.5899963378906,74650400,Equity
2022-03-23,S&P 500 ETF,443.79998779296875,79426100,Equity
2022-03-24,S&P 500 ETF,450.489990234375,64736900,Equity
2022-03-25,S&P 500 ETF,452.69000244140625,77101300,Equity
2022-03-28,S&P 500 ETF,455.9100036621094,68529800,Equity
2022-03-29,S&P 500 ETF,461.54998779296875,86581500,Equity
2022-03-30,S&P 500 ETF,458.70001220703125,79666900,Equity
2022-03-31,S&P 500 ETF,451.6400146484375,121699900,Equity
2022-04-01,S&P 500 ETF,452.9200134277344,89048800,Equity
2022-04-04,S&P 500 ETF,456.79998779296875,59601000,Equity
2022-04-05,S&P 500 ETF,451.0299987792969,74214500,Equity
2022-04-06,S&P 500 ETF,446.5199890136719,106898000,Equity
2022-04-07,S&P 500 ETF,448.7699890136719,78097200,Equity
2022-04-08,S&P 500 ETF,447.57000732421875,79272700,Equity
2022-04-11,S&P 500 ETF,439.9200134277344,89770500,Equity
2022-04-12,S&P 500 ETF,438.2900085449219,84363600,Equity
2022-04-13,S&P 500 ETF,443.30999755859375,74070400,Equity
2022-04-14,S&P 500 ETF,437.7900085449219,97869500,Equity
2022-04-18,S&P 500 ETF,437.9700012207031,66002500,Equity
2022-04-19,S&P 500 ETF,445.0400085449219,77821000,Equity
2022-04-20,S&P 500 ETF,444.7099914550781,65224400,Equity
2022-04-21,S&P 500 ETF,438.05999755859375,85417300,Equity
2022-04-22,S&P 500 ETF,426.0400085449219,132471800,Equity
2022-04-25,S&P 500 ETF,428.510009765625,119647700,Equity
2022-04-26,S&P 500 ETF,416.1000061035156,103996300,Equity
2022-04-27,S&P 500 ETF,417.2699890136719,122030000,Equity
2022-04-28,S&P 500 ETF,427.80999755859375,105449100,Equity
2022-04-29,S&P 500 ETF,412.0,145491100,Equity
2022-05-02,S&P 500 ETF,414.4800109863281,158312500,Equity
2022-05-03,S&P 500 ETF,416.3800048828125,100028200,Equity
2022-05-04,S&P 500 ETF,429.05999755859375,144247900,Equity
2022-05-05,S&P 500 ETF,413.80999755859375,172929100,Equity
2022-05-06,S&P 500 ETF,411.3399963378906,151770800,Equity
2022-05-09,S&P 500 ETF,398.1700134277344,155586100,Equity
2022-05-10,S&P 500 ETF,399.0899963378906,132497200,Equity
2022-05-11,S&P 500 ETF,392.75,142361000,Equity
2022-05-12,S&P 500 ETF,392.3399963378906,125090800,Equity
2022-05-13,S&P 500 ETF,401.7200012207031,104174400,Equity
2022-05-16,S&P 500 ETF,400.0899963378906,78622400,Equity
2022-05-17,S&P 500 ETF,408.32000732421875,83029700,Equity
2022-05-18,S&P 500 ETF,391.8599853515625,117674500,Equity
2022-05-19,S&P 500 ETF,389.4599914550781,98510700,Equity
2022-05-20,S&P 500 ETF,389.6300048828125,131432200,Equity
2022-05-23,S&P 500 ETF,396.9200134277344,76414900,Equity
2022-05-24,S&P 500 ETF,393.8900146484375,91448800,Equity
2022-05-25,S&P 500 ETF,397.3699951171875,91472900,Equity
2022-05-26,S&P 500 ETF,405.30999755859375,82168300,Equity
2022-05-27,S&P 500 ETF,415.260009765625,84768700,Equity
2022-05-31,S&P 500 ETF,412.92999267578125,95937000,Equity
2022-06-01,S&P 500 ETF,409.5899963378906,86585800,Equity
2022-06-02,S&P 500 ETF,417.3900146484375,79609600,Equity
2022-06-03,S&P 500 ETF,410.5400085449219,71874300,Equity
2022-06-06,S&P 500 ETF,411.7900085449219,57508900,Equity
2022-06-07,S&P 500 ETF,415.739990234375,59272400,Equity
2022-06-08,S&P 500 ETF,411.2200012207031,64350000,Equity
2022-06-09,S&P 500 ETF,401.44000244140625,86289800,Equity
2022-06-10,S&P 500 ETF,389.79998779296875,132893900,Equity
2022-06-13,S&P 500 ETF,375.0,170004900,Equity
2022-06-14,S&P 500 ETF,373.8699951171875,104011800,Equity
2022-06-15,S&P 500 ETF,379.20001220703125,125666800,Equity
2022-06-16,S&P 500 ETF,366.6499938964844,134473300,Equity
2022-06-17,S&P 500 ETF,365.8599853515625,111113900,Equity
2022-06-21,S&P 500 ETF,375.07000732421875,76811900,Equity
2022-06-22,S&P 500 ETF,374.3900146484375,90059400,Equity
2022-06-23,S&P 500 ETF,378.05999755859375,79292100,Equity
2022-06-24,S&P 500 ETF,390.0799865722656,98050300,Equity
2022-06-27,S&P 500 ETF,388.5899963378906,66009600,Equity
2022-06-28,S&P 500 ETF,380.6499938964844,86548900,Equity
2022-06-29,S&P 500 ETF,380.3399963378906,65676000,Equity
2022-06-30,S&P 500 ETF,377.25,112508300,Equity
2022-07-01,S&P 500 ETF,381.239990234375,74839700,Equity
2022-07-05,S&P 500 ETF,381.9599914550781,81438000,Equity
2022-07-06,S&P 500 ETF,383.25,70426200,Equity
2022-07-07,S&P 500 ETF,388.989990234375,64525900,Equity
2022-07-08,S&P 500 ETF,388.6700134277344,72397800,Equity
2022-07-11,S&P 500 ETF,384.2300109863281,58366900,Equity
2022-07-12,S&P 500 ETF,380.8299865722656,62219200,Equity
2022-07-13,S&P 500 ETF,378.8299865722656,84224600,Equity
2022-07-14,S&P 500 ETF,377.9100036621094,89704800,Equity
2022-07-15,S&P 500 ETF,385.1300048828125,79060400,Equity
2022-07-18,S&P 500 ETF,381.95001220703125,63203600,Equity
2022-07-19,S&P 500 ETF,392.2699890136719,78506000,Equity
2022-07-20,S&P 500 ETF,394.7699890136719,71843800,Equity
2022-07-21,S&P 500 ETF,398.7900085449219,64903900,Equity
2022-07-22,S&P 500 ETF,395.0899963378906,72197300,Equity
2022-07-25,S&P 500 ETF,395.57000732421875,53631500,Equity
2022-07-26,S&P 500 ETF,390.8900146484375,52946400,Equity
2022-07-27,S&P 500 ETF,401.0400085449219,82342100,Equity
2022-07-28,S&P 500 ETF,406.07000732421875,73966600,Equity
2022-07-29,S&P 500 ETF,411.989990234375,87003700,Equity
2022-08-01,S&P 500 ETF,410.7699890136719,69997500,Equity
2022-08-02,S&P 500 ETF,408.05999755859375,63435400,Equity
2022-08-03,S&P 500 ETF,414.45001220703125,67820600,Equity
2022-08-04,S&P 500 ETF,414.1700134277344,45656600,Equity
2022-08-05,S&P 500 ETF,413.4700012207031,56814900,Equity
2022-08-08,S&P 500 ETF,412.989990234375,53886100,Equity
2022-08-09,S&P 500 ETF,411.3500061035156,44931800,Equity
2022-08-10,S&P 500 ETF,419.989990234375,68665700,Equity
2022-08-11,S&P 500 ETF,419.989990234375,59489700,Equity
2022-08-12,S&P 500 ETF,427.1000061035156,61694500,Equity
2022-08-15,S&P 500 ETF,428.8599853515625,54048300,Equity
2022-08-16,S&P 500 ETF,429.70001220703125,59289000,Equity
2022-08-17,S&P 500 ETF,426.6499938964844,63563400,Equity
2022-08-18,S&P 500 ETF,427.8900146484375,49023200,Equity
2022-08-19,S&P 500 ETF,422.1400146484375,68016900,Equity
2022-08-22,S&P 500 ETF,413.3500061035156,77695600,Equity
2022-08-23,S&P 500 ETF,412.3500061035156,49105200,Equity
2022-08-24,S&P 500 ETF,413.6700134277344,49177800,Equity
2022-08-25,S&P 500 ETF,419.510009765625,50942300,Equity
2022-08-26,S&P 500 ETF,405.30999755859375,103087000,Equity
2022-08-29,S&P 500 ETF,402.6300048828125,65370800,Equity
2022-08-30,S&P 500 ETF,398.2099914550781,85652400,Equity
2022-08-31,S&P 500 ETF,395.17999267578125,76029700,Equity
2022-09-01,S&P 500 ETF,396.4200134277344,78740100,Equity
2022-09-02,S&P 500 ETF,392.239990234375,99632100,Equity
2022-09-06,S&P 500 ETF,390.760009765625,76637400,Equity
2022-09-07,S&P 500 ETF,397.7799987792969,70964200,Equity
2022-09-08,S&P 500 ETF,400.3800048828125,80821700,Equity
2022-09-09,S&P 500 ETF,406.6000061035156,76706900,Equity
2022-09-12,S&P 500 ETF,410.9700012207031,69256300,Equity
2022-09-13,S&P 500 ETF,393.1000061035156,122947100,Equity
2022-09-14,S&P 500 ETF,394.6000061035156,85023700,Equity
2022-09-15,S&P 500 ETF,390.1199951171875,87633800,Equity
2022-09-16,S&P 500 ETF,385.55999755859375,103084800,Equity
2022-09-19,S&P 500 ETF,388.54998779296875,73278500,Equity
2022-09-20,S&P 500 ETF,384.0899963378906,77274900,Equity
2022-09-21,S&P 500 ETF,377.3900146484375,106746600,Equity
2022-09-22,S&P 500 ETF,374.2200012207031,89472600,Equity
2022-09-23,S&P 500 ETF,367.95001220703125,122346900,Equity
2022-09-26,S&P 500 ETF,364.30999755859375,92581200,Equity
2022-09-27,S&P 500 ETF,363.3800048828125,108294100,Equity
2022-09-28,S&P 500 ETF,370.5299987792969,110802200,Equity
2022-09-29,S&P 500 ETF,362.7900085449219,112952300,Equity
2022-09-30,S&P 500 ETF,357.17999267578125,153711200,Equity
2022-10-03,S&P 500 ETF,366.6099853515625,89756500,Equity
2022-10-04,S&P 500 ETF,377.9700012207031,103602800,Equity
2022-10-05,S&P 500 ETF,377.0899963378906,88065700,Equity
2022-10-06,S&P 500 ETF,373.20001220703125,82333500,Equity
2022-10-07,S&P 500 ETF,362.7900085449219,107789500,Equity
2022-10-10,S&P 500 ETF,360.0199890136719,76042800,Equity
2022-10-11,S&P 500 ETF,357.739990234375,92482800,Equity
2022-10-12,S&P 500 ETF,356.55999755859375,76991800,Equity
2022-10-13,S&P 500 ETF,365.9700012207031,147254500,Equity
2022-10-14,S&P 500 ETF,357.6300048828125,123737000,Equity
2022-10-17,S&P 500 ETF,366.82000732421875,93168200,Equity
2022-10-18,S&P 500 ETF,371.1300048828125,97162900,Equity
2022-10-19,S&P 500 ETF,368.5,79746900,Equity
2022-10-20,S&P 500 ETF,365.4100036621094,88283100,Equity
2022-10-21,S&P 500 ETF,374.2900085449219,131038400,Equity
2022-10-24,S&P 500 ETF,378.8699951171875,85436900,Equity
2022-10-25,S&P 500 ETF,384.9200134277344,78846300,Equity
2022-10-26,S&P 500 ETF,382.0199890136719,104087300,Equity
2022-10-27,S&P 500 ETF,379.9800109863281,81971800,Equity
2022-10-28,S&P 500 ETF,389.0199890136719,100302000,Equity
2022-10-31,S&P 500 ETF,386.2099914550781,96631300,Equity
2022-11-01,S&P 500 ETF,384.5199890136719,85407600,Equity
2022-11-02,S&P 500 ETF,374.8699951171875,126990400,Equity
2022-11-03,S&P 500 ETF,371.010009765625,87100100,Equity
2022-11-04,S&P 500 ETF,376.3500061035156,103505200,Equity
2022-11-07,S&P 500 ETF,379.95001220703125,68286900,Equity
2022-11-08,S&P 500 ETF,382.0,84641100,Equity
2022-11-09,S&P 500 ETF,374.1300048828125,78495500,Equity
2022-11-10,S&P 500 ETF,394.69000244140625,141455800,Equity
2022-11-11,S&P 500 ETF,398.510009765625,93839900,Equity
2022-11-14,S&P 500 ETF,395.1199951171875,71903500,Equity
2022-11-15,S&P 500 ETF,398.489990234375,93194500,Equity
2022-11-16,S&P 500 ETF,395.45001220703125,68508500,Equity
2022-11-17,S&P 500 ETF,394.239990234375,74496300,Equity
2022-11-18,S&P 500 ETF,396.0299987792969,92922500,Equity
2022-11-21,S&P 500 ETF,394.5899963378906,51243200,Equity
2022-11-22,S&P 500 ETF,399.8999938964844,60429000,Equity
2022-11-23,S&P 500 ETF,402.4200134277344,68261600,Equity
2022-11-25,S&P 500 ETF,402.3299865722656,30545400,Equity
2022-11-28,S&P 500 ETF,395.9100036621094,67881600,Equity
2022-11-29,S&P 500 ETF,395.2300109863281,52310000,Equity
2022-11-30,S&P 500 ETF,407.67999267578125,144566700,Equity
2022-12-01,S&P 500 ETF,407.3800048828125,76398200,Equity
2022-12-02,S&P 500 ETF,406.9100036621094,85342700,Equity
2022-12-05,S&P 500 ETF,399.5899963378906,77289800,Equity
2022-12-06,S&P 500 ETF,393.8299865722656,77972200,Equity
2022-12-07,S&P 500 ETF,393.1600036621094,65927900,Equity
2022-12-08,S&P 500 ETF,396.239990234375,60737900,Equity
2022-12-09,S&P 500 ETF,393.2799987792969,81447700,Equity
2022-12-12,S&P 500 ETF,398.95001220703125,75405800,Equity
2022-12-13,S&P 500 ETF,401.9700012207031,123782500,Equity
2022-12-14,S&P 500 ETF,399.3999938964844,108111300,Equity
2022-12-15,S&P 500 ETF,389.6300048828125,117705900,Equity
2022-12-16,S&P 500 ETF,383.2699890136719,119858000,Equity
2022-12-19,S&P 500 ETF,380.0199890136719,79878100,Equity
2022-12-20,S&P 500 ETF,380.5400085449219,74427200,Equity
2022-12-21,S&P 500 ETF,386.2300109863281,78167400,Equity
2022-12-22,S&P 500 ETF,380.7200012207031,100120900,Equity
2022-12-23,S&P 500 ETF,382.9100036621094,59857300,Equity
2022-12-27,S&P 500 ETF,381.3999938964844,51638200,Equity
2022-12-28,S&P 500 ETF,376.6600036621094,70911500,Equity
2022-12-29,S&P 500 ETF,383.44000244140625,66970900,Equity
2022-12-30,S&P 500 ETF,382.42999267578125,84022200,Equity
2023-01-03,S&P 500 ETF,380.82000732421875,74850700,Equity
2023-01-04,S&P 500 ETF,383.760009765625,85934100,Equity
2023-01-05,S&P 500 ETF,379.3800048828125,76970500,Equity
2023-01-06,S&P 500 ETF,388.0799865722656,104189600,Equity
2023-01-09,S&P 500 ETF,387.8599853515625,73978100,Equity
2023-01-10,S&P 500 ETF,390.5799865722656,65358100,Equity
2023-01-11,S&P 500 ETF,395.5199890136719,68881100,Equity
2023-01-12,S&P 500 ETF,396.9599914550781,90157700,Equity
2023-01-13,S&P 500 ETF,398.5,63903900,Equity
2023-01-17,S&P 500 ETF,397.7699890136719,62677300,Equity
2023-01-18,S&P 500 ETF,391.489990234375,99632300,Equity
2023-01-19,S&P 500 ETF,388.6400146484375,86958900,Equity
2023-01-20,S&P 500 ETF,395.8800048828125,91806400,Equity
2023-01-23,S&P 500 ETF,400.6300048828125,84178800,Equity
2023-01-24,S&P 500 ETF,400.20001220703125,59524900,Equity
2023-01-25,S&P 500 ETF,400.3500061035156,84800300,Equity
2023-01-26,S&P 500 ETF,404.75,72287400,Equity
2023-01-27,S&P 500 ETF,405.67999267578125,68346200,Equity
2023-01-30,S&P 500 ETF,400.5899963378906,74202000,Equity
2023-01-31,S&P 500 ETF,406.4800109863281,86811800,Equity
2023-02-01,S&P 500 ETF,410.79998779296875,101459200,Equity
2023-02-02,S&P 500 ETF,416.7799987792969,101654500,Equity
2023-02-03,S&P 500 ETF,412.3500061035156,94736800,Equity
2023-02-06,S&P 500 ETF,409.8299865722656,60295300,Equity
2023-02-07,S&P 500 ETF,415.19000244140625,90990700,Equity
2023-02-08,S&P 500 ETF,410.6499938964844,76227500,Equity
2023-02-09,S&P 500 ETF,407.0899963378906,78694900,Equity
2023-02-10,S&P 500 ETF,408.0400085449219,70769700,Equity
2023-02-13,S&P 500 ETF,412.8299865722656,64913500,Equity
2023-02-14,S&P 500 ETF,412.6400146484375,88389300,Equity
2023-02-15,S&P 500 ETF,413.9800109863281,61555700,Equity
2023-02-16,S&P 500 ETF,408.2799987792969,76431500,Equity
2023-02-17,S&P 500 ETF,407.260009765625,89257800,Equity
2023-02-21,S&P 500 ETF,399.0899963378906,82655900,Equity
2023-02-22,S&P 500 ETF,398.5400085449219,83742300,Equity
2023-02-23,S&P 500 ETF,400.6600036621094,96242400,Equity
2023-02-24,S&P 500 ETF,396.3800048828125,108194400,Equity
2023-02-27,S&P 500 ETF,397.7300109863281,80444700,Equity
2023-02-28,S&P 500 ETF,396.260009765625,96438600,Equity
2023-03-01,S&P 500 ETF,394.739990234375,99706800,Equity
2023-03-02,S&P 500 ETF,397.80999755859375,85127800,Equity
2023-03-03,S&P 500 ETF,404.19000244140625,90120000,Equity
2023-03-06,S&P 500 ETF,404.4700012207031,72795900,Equity
2023-03-07,S&P 500 ETF,398.2699890136719,108310600,Equity
2023-03-08,S&P 500 ETF,398.9200134277344,74746600,Equity
2023-03-09,S&P 500 ETF,391.55999755859375,111945300,Equity
2023-03-10,S&P 500 ETF,385.9100036621094,189253000,Equity
2023-03-13,S&P 500 ETF,385.3599853515625,157790000,Equity
2023-03-14,S&P 500 ETF,391.7300109863281,149752400,Equity
2023-03-15,S&P 500 ETF,389.2799987792969,172996900,Equity
2023-03-16,S&P 500 ETF,396.1099853515625,143254200,Equity
2023-03-17,S&P 500 ETF,389.989990234375,140553400,Equity
2023-03-20,S&P 500 ETF,393.739990234375,93055800,Equity
2023-03-21,S&P 500 ETF,398.9100036621094,91524200,Equity
2023-03-22,S&P 500 ETF,392.1099853515625,111746600,Equity
2023-03-23,S&P 500 ETF,393.1700134277344,119351300,Equity
2023-03-24,S&P 500 ETF,395.75,107682400,Equity
2023-03-27,S&P 500 ETF,396.489990234375,74010400,Equity
2023-03-28,S&P 500 ETF,395.6000061035156,62871700,Equity
2023-03-29,S&P 500 ETF,401.3500061035156,77497900,Equity
2023-03-30,S&P 500 ETF,403.70001220703125,69840000,Equity
2023-03-31,S&P 500 ETF,409.3900146484375,112062600,Equity
2023-04-03,S&P 500 ETF,410.95001220703125,67391100,Equity
2023-04-04,S&P 500 ETF,408.6700134277344,66601500,Equity
2023-04-05,S&P 500 ETF,407.6000061035156,65200200,Equity
2023-04-06,S&P 500 ETF,409.19000244140625,63743300,Equity
2023-04-10,S&P 500 ETF,409.6099853515625,63681000,Equity
2023-04-11,S&P 500 ETF,409.7200012207031,59297900,Equity
2023-04-12,S&P 500 ETF,408.04998779296875,86420400,Equity
2023-04-13,S&P 500 ETF,413.4700012207031,85814800,Equity
2023-04-14,S&P 500 ETF,412.4599914550781,78161500,Equity
2023-04-17,S&P 500 ETF,413.94000244140625,66436400,Equity
2023-04-18,S&P 500 ETF,414.2099914550781,63560000,Equity
2023-04-19,S&P 500 ETF,414.1400146484375,55227300,Equity
2023-04-20,S&P 500 ETF,411.8800048828125,75840400,Equity
2023-04-21,S&P 500 ETF,412.20001220703125,73457400,Equity
2023-04-24,S&P 500 ETF,412.6300048828125,64332100,Equity
2023-04-25,S&P 500 ETF,406.0799865722656,97766700,Equity
2023-04-26,S&P 500 ETF,404.3599853515625,80447000,Equity
2023-04-27,S&P 500 ETF,412.4100036621094,92968400,Equity
2023-04-28,S&P 500 ETF,415.92999267578125,89433100,Equity
2023-05-01,S&P 500 ETF,415.510009765625,62122300,Equity
2023-05-02,S&P 500 ETF,410.8399963378906,103998500,Equity
2023-05-03,S&P 500 ETF,408.0199890136719,91531800,Equity
2023-05-04,S&P 500 ETF,405.1300048828125,94901900,Equity
2023-05-05,S&P 500 ETF,412.6300048828125,87891800,Equity
2023-05-08,S&P 500 ETF,412.739990234375,50046800,Equity
2023-05-09,S&P 500 ETF,410.92999267578125,49220100,Equity
2023-05-10,S&P 500 ETF,412.8500061035156,96142900,Equity
2023-05-11,S&P 500 ETF,412.1300048828125,70157100,Equity
2023-05-12,S&P 500 ETF,411.5899963378906,70481500,Equity
2023-05-15,S&P 500 ETF,413.010009765625,54289400,Equity
2023-05-16,S&P 500 ETF,410.25,57705500,Equity
2023-05-17,S&P 500 ETF,415.2300109863281,87287000,Equity
2023-05-18,S&P 500 ETF,419.2300109863281,97177200,Equity
2023-05-19,S&P 500 ETF,418.6199951171875,103793300,Equity
2023-05-22,S&P 500 ETF,418.7900085449219,60745400,Equity
2023-05-23,S&P 500 ETF,414.0899963378906,86383500,Equity
2023-05-24,S&P 500 ETF,411.0899963378906,89213700,Equity
2023-05-25,S&P 500 ETF,414.6499938964844,90961600,Equity
2023-05-26,S&P 500 ETF,420.0199890136719,93830000,Equity
2023-05-30,S&P 500 ETF,420.17999267578125,72216000,Equity
2023-05-31,S&P 500 ETF,417.8500061035156,110811800,Equity
2023-06-01,S&P 500 ETF,421.82000732421875,88865000,Equity
2023-06-02,S&P 500 ETF,427.9200134277344,91426200,Equity
2023-06-05,S&P 500 ETF,427.1000061035156,65460200,Equity
2023-06-06,S&P 500 ETF,428.0299987792969,64022200,Equity
2023-06-07,S&P 500 ETF,426.54998779296875,85373300,Equity
2023-06-08,S&P 500 ETF,429.1300048828125,61952800,Equity
2023-06-09,S&P 500 ETF,429.8999938964844,85742800,Equity
2023-06-12,S&P 500 ETF,433.79998779296875,76104300,Equity
2023-06-13,S&P 500 ETF,436.6600036621094,95899700,Equity
2023-06-14,S&P 500 ETF,437.17999267578125,100612100,Equity
2023-06-15,S&P 500 ETF,442.6000061035156,110303100,Equity
2023-06-16,S&P 500 ETF,439.4599914550781,114165800,Equity
2023-06-20,S&P 500 ETF,437.17999267578125,76160400,Equity
2023-06-21,S&P 500 ETF,434.94000244140625,76982300,Equity
2023-06-22,S&P 500 ETF,436.510009765625,70637200,Equity
2023-06-23,S&P 500 ETF,433.2099914550781,92074500,Equity
2023-06-26,S&P 500 ETF,431.44000244140625,72823600,Equity
2023-06-27,S&P 500 ETF,436.1700134277344,72813700,Equity
2023-06-28,S&P 500 ETF,436.3900146484375,75636000,Equity
2023-06-29,S&P 500 ETF,438.1099853515625,67882300,Equity
2023-06-30,S&P 500 ETF,443.2799987792969,104964000,Equity
2023-07-03,S&P 500 ETF,443.7900085449219,32793400,Equity
2023-07-05,S&P 500 ETF,443.1300048828125,58418400,Equity
2023-07-06,S&P 500 ETF,439.6600036621094,80658300,Equity
2023-07-07,S&P 500 ETF,438.54998779296875,86134200,Equity
2023-07-10,S&P 500 ETF,439.6600036621094,62443500,Equity
2023-07-11,S&P 500 ETF,442.4599914550781,64463800,Equity
2023-07-12,S&P 500 ETF,446.0199890136719,91924500,Equity
2023-07-13,S&P 500 ETF,449.55999755859375,72425200,Equity
2023-07-14,S&P 500 ETF,449.2799987792969,69815800,Equity
2023-07-17,S&P 500 ETF,450.8399963378906,52680200,Equity
2023-07-18,S&P 500 ETF,454.19000244140625,80668200,Equity
2023-07-19,S&P 500 ETF,455.20001220703125,65891700,Equity
2023-07-20,S&P 500 ETF,452.17999267578125,70591600,Equity
2023-07-21,S&P 500 ETF,452.17999267578125,71275600,Equity
2023-07-24,S&P 500 ETF,454.20001220703125,54023400,Equity
2023-07-25,S&P 500 ETF,455.44000244140625,55191200,Equity
2023-07-26,S&P 500 ETF,455.510009765625,71052900,Equity
2023-07-27,S&P 500 ETF,452.489990234375,92194400,Equity
2023-07-28,S&P 500 ETF,456.9200134277344,80011800,Equity
2023-07-31,S&P 500 ETF,457.7900085449219,62040400,Equity
2023-08-01,S&P 500 ETF,456.4800109863281,55291500,Equity
2023-08-02,S&P 500 ETF,450.1300048828125,93933400,Equity
2023-08-03,S&P 500 ETF,448.8399963378906,64276100,Equity
2023-08-04,S&P 500 ETF,446.80999755859375,100128900,Equity
2023-08-07,S&P 500 ETF,450.7099914550781,58357500,Equity
2023-08-08,S&P 500 ETF,448.75,71361300,Equity
2023-08-09,S&P 500 ETF,445.75,78789600,Equity
2023-08-10,S&P 500 ETF,445.9100036621094,93005500,Equity
2023-08-11,S&P 500 ETF,445.6499938964844,68690900,Equity
2023-08-14,S&P 500 ETF,448.1099853515625,47867400,Equity
2023-08-15,S&P 500 ETF,442.8900146484375,75707500,Equity
2023-08-16,S&P 500 ETF,439.6400146484375,80107200,Equity
2023-08-17,S&P 500 ETF,436.2900085449219,95711300,Equity
2023-08-18,S&P 500 ETF,436.5,98852000,Equity
2023-08-21,S&P 500 ETF,439.3399963378906,68719000,Equity
2023-08-22,S&P 500 ETF,438.1499938964844,64994200,Equity
2023-08-23,S&P 500 ETF,443.0299987792969,68441000,Equity
2023-08-24,S&P 500 ETF,436.8900146484375,88517300,Equity
2023-08-25,S&P 500 ETF,439.9700012207031,102325100,Equity
2023-08-28,S&P 500 ETF,442.760009765625,61595400,Equity
2023-08-29,S&P 500 ETF,449.1600036621094,83081900,Equity
2023-08-30,S&P 500 ETF,451.010009765625,69053900,Equity
2023-08-31,S&P 500 ETF,450.3500061035156,66084600,Equity
2023-09-01,S&P 500 ETF,451.19000244140625,58944100,Equity
2023-09-05,S&P 500 ETF,449.239990234375,55166200,Equity
2023-09-06,S&P 500 ETF,446.2200012207031,70758500,Equity
2023-09-07,S&P 500 ETF,444.8500061035156,70355400,Equity
2023-09-08,S&P 500 ETF,445.5199890136719,61659700,Equity
2023-09-11,S&P 500 ETF,448.45001220703125,60180100,Equity
2023-09-12,S&P 500 ETF,445.989990234375,67565400,Equity
2023-09-13,S&P 500 ETF,446.510009765625,60199300,Equity
2023-09-14,S&P 500 ETF,450.3599853515625,83430800,Equity
2023-09-15,S&P 500 ETF,443.3699951171875,111848900,Equity
2023-09-18,S&P 500 ETF,443.6300048828125,55752200,Equity
2023-09-19,S&P 500 ETF,442.7099914550781,66514600,Equity
2023-09-20,S&P 500 ETF,438.6400146484375,82562600,Equity
2023-09-21,S&P 500 ETF,431.3900146484375,104095800,Equity
2023-09-22,S&P 500 ETF,430.4200134277344,100829700,Equity
2023-09-25,S&P 500 ETF,432.2300109863281,70874500,Equity
2023-09-26,S&P 500 ETF,425.8800048828125,96168400,Equity
2023-09-27,S&P 500 ETF,426.04998779296875,104705800,Equity
2023-09-28,S&P 500 ETF,428.5199890136719,92258300,Equity
2023-09-29,S&P 500 ETF,427.4800109863281,115111300,Equity
2023-10-02,S&P 500 ETF,427.30999755859375,83798600,Equity
2023-10-03,S&P 500 ETF,421.5899963378906,103760600,Equity
2023-10-04,S&P 500 ETF,424.6600036621094,87453000,Equity
2023-10-05,S&P 500 ETF,424.5,70142700,Equity
2023-10-06,S&P 500 ETF,429.5400085449219,113273300,Equity
2023-10-09,S&P 500 ETF,432.2900085449219,80374400,Equity
2023-10-10,S&P 500 ETF,434.5400085449219,78607300,Equity
2023-10-11,S&P 500 ETF,436.32000732421875,62451700,Equity
2023-10-12,S&P 500 ETF,433.6600036621094,81154200,Equity
2023-10-13,S&P 500 ETF,431.5,95143100,Equity
2023-10-16,S&P 500 ETF,436.0400085449219,75433200,Equity
2023-10-17,S&P 500 ETF,436.0199890136719,75324700,Equity
2023-10-18,S&P 500 ETF,430.2099914550781,93559800,Equity
2023-10-19,S&P 500 ETF,426.42999267578125,121323000,Equity
2023-10-20,S&P 500 ETF,421.19000244140625,123919900,Equity
2023-10-23,S&P 500 ETF,420.4599914550781,92035100,Equity
2023-10-24,S&P 500 ETF,423.6300048828125,78564200,Equity
2023-10-25,S&P 500 ETF,417.54998779296875,94223200,Equity
2023-10-26,S&P 500 ETF,412.54998779296875,115156800,Equity
2023-10-27,S&P 500 ETF,410.67999267578125,107367700,Equity
2023-10-30,S&P 500 ETF,415.5899963378906,86562700,Equity
2023-10-31,S&P 500 ETF,418.20001220703125,79665200,Equity
2023-11-01,S&P 500 ETF,422.6600036621094,98068100,Equity
2023-11-02,S&P 500 ETF,430.760009765625,94938900,Equity
2023-11-03,S&P 500 ETF,434.69000244140625,100167800,Equity
2023-11-06,S&P 500 ETF,435.69000244140625,67831700,Equity
2023-11-07,S&P 500 ETF,436.92999267578125,64256100,Equity
2023-11-08,S&P 500 ETF,437.25,61746000,Equity
2023-11-09,S&P 500 ETF,433.8399963378906,83174400,Equity
2023-11-10,S&P 500 ETF,440.6099853515625,89462200,Equity
2023-11-13,S&P 500 ETF,440.19000244140625,52236100,Equity
2023-11-14,S&P 500 ETF,448.7300109863281,97176900,Equity
2023-11-15,S&P 500 ETF,449.67999267578125,77327600,Equity
2023-11-16,S&P 500 ETF,450.2300109863281,66665800,Equity
2023-11-17,S&P 500 ETF,450.7900085449219,83133200,Equity
2023-11-20,S&P 500 ETF,454.260009765625,69936200,Equity
2023-11-21,S&P 500 ETF,453.2699890136719,49244600,Equity
2023-11-22,S&P 500 ETF,455.0199890136719,59394900,Equity
2023-11-24,S&P 500 ETF,455.29998779296875,29737400,Equity
2023-11-27,S&P 500 ETF,454.4800109863281,50506000,Equity
2023-11-28,S&P 500 ETF,454.92999267578125,62115000,Equity
2023-11-29,S&P 500 ETF,454.6099853515625,63146000,Equity
2023-11-30,S&P 500 ETF,456.3999938964844,79752700,Equity
2023-12-01,S&P 500 ETF,459.1000061035156,89183400,Equity
2023-12-04,S&P 500 ETF,456.69000244140625,72430900,Equity
2023-12-05,S&P 500 ETF,456.6000061035156,69793500,Equity
2023-12-06,S&P 500 ETF,454.760009765625,69124700,Equity
2023-12-07,S&P 500 ETF,458.2300109863281,66995400,Equity
2023-12-08,S&P 500 ETF,460.20001220703125,83194400,Equity
2023-12-11,S&P 500 ETF,461.989990234375,65002200,Equity
2023-12-12,S&P 500 ETF,464.1000061035156,68327600,Equity
2023-12-13,S&P 500 ETF,470.5,93278000,Equity
2023-12-14,S&P 500 ETF,472.010009765625,119026000,Equity
2023-12-15,S&P 500 ETF,469.3299865722656,141553700,Equity
2023-12-18,S&P 500 ETF,471.9700012207031,70375300,Equity
2023-12-19,S&P 500 ETF,474.8399963378906,55761800,Equity
2023-12-20,S&P 500 ETF,468.260009765625,102921000,Equity
2023-12-21,S&P 500 ETF,472.70001220703125,86667500,Equity
2023-12-22,S&P 500 ETF,473.6499938964844,67160400,Equity
2023-12-26,S&P 500 ETF,475.6499938964844,55387000,Equity
2023-12-27,S&P 500 ETF,476.510009765625,68000300,Equity
2023-12-28,S&P 500 ETF,476.69000244140625,77158100,Equity
2023-12-29,S&P 500 ETF,475.30999755859375,122283100,Equity
2024-01-02,S&P 500 ETF,472.6499938964844,123623700,Equity
2024-01-03,S&P 500 ETF,468.7900085449219,103585900,Equity
2024-01-04,S&P 500 ETF,467.2799987792969,84232200,Equity
2024-01-05,S&P 500 ETF,467.9200134277344,86118900,Equity
2024-01-08,S&P 500 ETF,474.6000061035156,74879100,Equity
2024-01-09,S&P 500 ETF,473.8800048828125,65931400,Equity
2024-01-10,S&P 500 ETF,476.55999755859375,67310600,Equity
2024-01-11,S&P 500 ETF,476.3500061035156,77940700,Equity
2024-01-12,S&P 500 ETF,476.67999267578125,58026400,Equity
2024-01-16,S&P 500 ETF,474.92999267578125,85014900,Equity
2024-01-17,S&P 500 ETF,472.2900085449219,68843900,Equity
2024-01-18,S&P 500 ETF,476.489990234375,91856200,Equity
2024-01-19,S&P 500 ETF,482.42999267578125,110834500,Equity
2024-01-22,S&P 500 ETF,483.45001220703125,75844900,Equity
2024-01-23,S&P 500 ETF,484.8599853515625,49945300,Equity
2024-01-24,S&P 500 ETF,485.3900146484375,81765000,Equity
2024-01-25,S&P 500 ETF,488.0299987792969,72525000,Equity
2024-01-26,S&P 500 ETF,487.4100036621094,76641600,Equity
2024-01-29,S&P 500 ETF,491.2699890136719,61322800,Equity
2024-01-30,S&P 500 ETF,490.8900146484375,58618400,Equity
2024-01-31,S&P 500 ETF,482.8800048828125,126011100,Equity
2024-02-01,S&P 500 ETF,489.20001220703125,91891600,Equity
2024-02-02,S&P 500 ETF,494.3500061035156,99228200,Equity
2024-02-05,S&P 500 ETF,492.54998779296875,75757100,Equity
2024-02-06,S&P 500 ETF,493.9800109863281,55918600,Equity
2024-02-07,S&P 500 ETF,498.1000061035156,70556500,Equity
2024-02-08,S&P 500 ETF,498.32000732421875,52343600,Equity
2024-02-09,S&P 500 ETF,501.20001220703125,63979400,Equity
2024-02-12,S&P 500 ETF,500.9800109863281,56502300,Equity
2024-02-13,S&P 500 ETF,494.0799865722656,113099200,Equity
2024-02-14,S&P 500 ETF,498.57000732421875,68387800,Equity
2024-02-15,S&P 500 ETF,502.010009765625,61683000,Equity
2024-02-16,S&P 500 ETF,499.510009765625,75532900,Equity
2024-02-20,S&P 500 ETF,496.760009765625,71736700,Equity
2024-02-21,S&P 500 ETF,497.2099914550781,59293400,Equity
2024-02-22,S&P 500 ETF,507.5,76402500,Equity
2024-02-23,S&P 500 ETF,507.8500061035156,61321800,Equity
2024-02-26,S&P 500 ETF,505.989990234375,50386700,Equity
2024-02-27,S&P 500 ETF,506.92999267578125,48854500,Equity
2024-02-28,S&P 500 ETF,506.260009765625,56506600,Equity
2024-02-29,S&P 500 ETF,508.0799865722656,83924800,Equity
2024-03-01,S&P 500 ETF,512.8499755859375,76844800,Equity
2024-03-04,S&P 500 ETF,512.2999877929688,49799300,Equity
2024-03-05,S&P 500 ETF,507.17999267578125,72855600,Equity
2024-03-06,S&P 500 ETF,509.75,68382400,Equity
2024-03-07,S&P 500 ETF,514.8099975585938,58652100,Equity
2024-03-08,S&P 500 ETF,511.7200012207031,86532500,Equity
2024-03-11,S&P 500 ETF,511.2799987792969,62557200,Equity
2024-03-12,S&P 500 ETF,516.780029296875,73114400,Equity
2024-03-13,S&P 500 ETF,515.969970703125,55104100,Equity
2024-03-14,S&P 500 ETF,514.9500122070312,110171800,Equity
2024-03-15,S&P 500 ETF,509.8299865722656,107646300,Equity
2024-03-18,S&P 500 ETF,512.8599853515625,88893300,Equity
2024-03-19,S&P 500 ETF,515.7100219726562,60755300,Equity
2024-03-20,S&P 500 ETF,520.47998046875,69594600,Equity
2024-03-21,S&P 500 ETF,522.2000122070312,60256100,Equity
2024-03-22,S&P 500 ETF,521.2100219726562,79070800,Equity
2024-03-25,S&P 500 ETF,519.77001953125,48512100,Equity
2024-03-26,S&P 500 ETF,518.8099975585938,65463700,Equity
2024-03-27,S&P 500 ETF,523.1699829101562,82999800,Equity
2024-03-28,S&P 500 ETF,523.0700073242188,96294900,Equity
2024-04-01,S&P 500 ETF,522.1599731445312,62477500,Equity
2024-04-02,S&P 500 ETF,518.8400268554688,74230300,Equity
2024-04-03,S&P 500 ETF,519.4099731445312,59155800,Equity
2024-04-04,S&P 500 ETF,513.0700073242188,96858100,Equity
2024-04-05,S&P 500 ETF,518.4299926757812,74546500,Equity
2024-04-08,S&P 500 ETF,518.719970703125,48401800,Equity
2024-04-09,S&P 500 ETF,519.3200073242188,68049200,Equity
2024-04-10,S&P 500 ETF,514.1199951171875,82652800,Equity
2024-04-11,S&P 500 ETF,518.0,70099000,Equity
2024-04-12,S&P 500 ETF,510.8500061035156,92561100,Equity
2024-04-15,S&P 500 ETF,504.45001220703125,92101400,Equity
2024-04-16,S&P 500 ETF,503.5299987792969,73484000,Equity
2024-04-17,S&P 500 ETF,500.54998779296875,75910300,Equity
2024-04-18,S&P 500 ETF,499.5199890136719,74548100,Equity
2024-04-19,S&P 500 ETF,495.1600036621094,102212600,Equity
2024-04-22,S&P 500 ETF,499.7200012207031,67961000,Equity
2024-04-23,S&P 500 ETF,505.6499938964844,64633600,Equity
2024-04-24,S&P 500 ETF,505.4100036621094,55928100,Equity
2024-04-25,S&P 500 ETF,503.489990234375,69122400,Equity
2024-04-26,S&P 500 ETF,508.260009765625,64306100,Equity
2024-04-29,S&P 500 ETF,510.05999755859375,46415400,Equity
2024-04-30,S&P 500 ETF,501.9800109863281,77483600,Equity
2024-05-01,S&P 500 ETF,500.3500061035156,80242800,Equity
2024-05-02,S&P 500 ETF,505.0299987792969,62550200,Equity
2024-05-03,S&P 500 ETF,511.2900085449219,72756700,Equity
2024-05-06,S&P 500 ETF,516.5700073242188,47264700,Equity
2024-05-07,S&P 500 ETF,517.1400146484375,52561300,Equity
2024-05-08,S&P 500 ETF,517.1900024414062,42047200,Equity
2024-05-09,S&P 500 ETF,520.1699829101562,43643700,Equity
2024-05-10,S&P 500 ETF,520.8400268554688,52233200,Equity
2024-05-13,S&P 500 ETF,520.9099731445312,36716400,Equity
2024-05-14,S&P 500 ETF,523.2999877929688,57535900,Equity
2024-05-15,S&P 500 ETF,529.780029296875,59504900,Equity
2024-05-16,S&P 500 ETF,528.6900024414062,50244800,Equity
2024-05-17,S&P 500 ETF,529.4500122070312,59187600,Equity
2024-05-20,S&P 500 ETF,530.0599975585938,37764200,Equity
2024-05-21,S&P 500 ETF,531.3599853515625,33437000,Equity
2024-05-22,S&P 500 ETF,529.8300170898438,48390000,Equity
2024-05-23,S&P 500 ETF,525.9600219726562,57211200,Equity
2024-05-24,S&P 500 ETF,529.4400024414062,41291100,Equity
2024-05-28,S&P 500 ETF,529.8099975585938,36269600,Equity
2024-05-29,S&P 500 ETF,526.0999755859375,45190300,Equity
2024-05-30,S&P 500 ETF,522.6099853515625,46377600,Equity
2024-05-31,S&P 500 ETF,527.3699951171875,90785800,Equity
2024-06-03,S&P 500 ETF,527.7999877929688,46835700,Equity
2024-06-04,S&P 500 ETF,528.3900146484375,34632700,Equity
2024-06-05,S&P 500 ETF,534.6699829101562,47610400,Equity
2024-06-06,S&P 500 ETF,534.6599731445312,30808500,Equity
2024-06-07,S&P 500 ETF,534.010009765625,43224500,Equity
2024-06-10,S&P 500 ETF,535.6599731445312,35686100,Equity
2024-06-11,S&P 500 ETF,536.9500122070312,36383400,Equity
2024-06-12,S&P 500 ETF,541.3599853515625,63251300,Equity
2024-06-13,S&P 500 ETF,542.4500122070312,44760900,Equity
2024-06-14,S&P 500 ETF,542.780029296875,40089900,Equity
2024-06-17,S&P 500 ETF,547.0999755859375,55839500,Equity
2024-06-18,S&P 500 ETF,548.489990234375,41376400,Equity
2024-06-20,S&P 500 ETF,547.0,70328200,Equity
2024-06-21,S&P 500 ETF,544.510009765625,64338600,Equity
2024-06-24,S&P 500 ETF,542.739990234375,45528700,Equity
2024-06-25,S&P 500 ETF,544.8300170898438,37936200,Equity
2024-06-26,S&P 500 ETF,545.510009765625,38550600,Equity
2024-06-27,S&P 500 ETF,546.3699951171875,35041500,Equity
2024-06-28,S&P 500 ETF,544.219970703125,76144500,Equity
2024-07-01,S&P 500 ETF,545.3400268554688,40297800,Equity
2024-07-02,S&P 500 ETF,549.010009765625,40434800,Equity
2024-07-03,S&P 500 ETF,551.4600219726562,32789900,Equity
2024-07-05,S&P 500 ETF,554.6400146484375,41488400,Equity
2024-07-08,S&P 500 ETF,555.280029296875,36110500,Equity
2024-07-09,S&P 500 ETF,555.8200073242188,27289700,Equity
2024-07-10,S&P 500 ETF,561.3200073242188,38701200,Equity
2024-07-11,S&P 500 ETF,556.47998046875,53054200,Equity
2024-07-12,S&P 500 ETF,559.989990234375,53084400,Equity
2024-07-15,S&P 500 ETF,561.530029296875,40584300,Equity
2024-07-16,S&P 500 ETF,564.8599853515625,36475300,Equity
2024-07-17,S&P 500 ETF,556.9400024414062,57119000,Equity
2024-07-18,S&P 500 ETF,552.6599731445312,56270400,Equity
2024-07-19,S&P 500 ETF,548.989990234375,65509100,Equity
2024-07-22,S&P 500 ETF,554.6500244140625,43346700,Equity
2024-07-23,S&P 500 ETF,553.780029296875,34439600,Equity
2024-07-24,S&P 500 ETF,541.22998046875,74515300,Equity
2024-07-25,S&P 500 ETF,538.4099731445312,61158300,Equity
2024-07-26,S&P 500 ETF,544.4400024414062,53763800,Equity
2024-07-29,S&P 500 ETF,544.760009765625,39515800,Equity
2024-07-30,S&P 500 ETF,542.0,46853600,Equity
2024-07-31,S&P 500 ETF,550.8099975585938,65663400,Equity
2024-08-01,S&P 500 ETF,543.010009765625,76428700,Equity
2024-08-02,S&P 500 ETF,532.9000244140625,82789100,Equity
2024-08-05,S&P 500 ETF,517.3800048828125,146267400,Equity
2024-08-06,S&P 500 ETF,522.1500244140625,84826300,Equity
2024-08-07,S&P 500 ETF,518.6599731445312,70698300,Equity
2024-08-08,S&P 500 ETF,530.6500244140625,63276600,Equity
2024-08-09,S&P 500 ETF,532.989990234375,45619600,Equity
2024-08-12,S&P 500 ETF,533.27001953125,42542100,Equity
2024-08-13,S&P 500 ETF,542.0399780273438,52333100,Equity
2024-08-14,S&P 500 ETF,543.75,42446900,Equity
2024-08-15,S&P 500 ETF,553.0700073242188,60846800,Equity
2024-08-16,S&P 500 ETF,554.3099975585938,44430700,Equity
2024-08-19,S&P 500 ETF,559.6099853515625,39121800,Equity
2024-08-20,S&P 500 ETF,558.7000122070312,33732300,Equity
2024-08-21,S&P 500 ETF,560.6199951171875,41514600,Equity
2024-08-22,S&P 500 ETF,556.219970703125,56121500,Equity
2024-08-23,S&P 500 ETF,562.1300048828125,50639400,Equity
2024-08-26,S&P 500 ETF,560.7899780273438,35788600,Equity
2024-08-27,S&P 500 ETF,561.5599975585938,32693900,Equity
2024-08-28,S&P 500 ETF,558.2999877929688,41066000,Equity
2024-08-29,S&P 500 ETF,558.3499755859375,38715200,Equity
2024-08-30,S&P 500 ETF,563.6799926757812,62700100,Equity
2024-09-03,S&P 500 ETF,552.0800170898438,60600100,Equity
2024-09-04,S&P 500 ETF,550.9500122070312,47224900,Equity
2024-09-05,S&P 500 ETF,549.6099853515625,44264300,Equity
2024-09-06,S&P 500 ETF,540.3599853515625,68493800,Equity
2024-09-09,S&P 500 ETF,546.4099731445312,40445800,Equity
2024-09-10,S&P 500 ETF,548.7899780273438,36394600,Equity
2024-09-11,S&P 500 ETF,554.4199829101562,75248600,Equity
2024-09-12,S&P 500 ETF,559.0900268554688,51819600,Equity
2024-09-13,S&P 500 ETF,562.010009765625,39310500,Equity
2024-09-16,S&P 500 ETF,562.8400268554688,36656100,Equity
2024-09-17,S&P 500 ETF,563.0700073242188,49321000,Equity
2024-09-18,S&P 500 ETF,561.4000244140625,59044900,Equity
2024-09-19,S&P 500 ETF,570.97998046875,75315500,Equity
2024-09-20,S&P 500 ETF,568.25,77503100,Equity
2024-09-23,S&P 500 ETF,569.6699829101562,44116900,Equity
2024-09-24,S&P 500 ETF,571.2999877929688,46805700,Equity
2024-09-25,S&P 500 ETF,570.0399780273438,38428600,Equity
2024-09-26,S&P 500 ETF,572.2999877929688,48336000,Equity
2024-09-27,S&P 500 ETF,571.469970703125,42100900,Equity
2024-09-30,S&P 500 ETF,573.760009765625,63557400,Equity
2024-10-01,S&P 500 ETF,568.6199951171875,72668800,Equity
2024-10-02,S&P 500 ETF,568.8599853515625,38097800,Equity
2024-10-03,S&P 500 ETF,567.8200073242188,40846500,Equity
2024-10-04,S&P 500 ETF,572.97998046875,42939100,Equity
2024-10-07,S&P 500 ETF,567.7999877929688,49964700,Equity
2024-10-08,S&P 500 ETF,573.1699829101562,37398700,Equity
2024-10-09,S&P 500 ETF,577.1400146484375,37912200,Equity
2024-10-10,S&P 500 ETF,576.1300048828125,44138100,Equity
2024-10-11,S&P 500 ETF,579.5800170898438,42268000,Equity
2024-10-14,S&P 500 ETF,584.3200073242188,36217200,Equity
2024-10-15,S&P 500 ETF,579.780029296875,54203600,Equity
2024-10-16,S&P 500 ETF,582.2999877929688,30725400,Equity
2024-10-17,S&P 500 ETF,582.3499755859375,34393700,Equity
2024-10-18,S&P 500 ETF,584.5900268554688,37416800,Equity
2024-10-21,S&P 500 ETF,583.6300048828125,36439000,Equity
2024-10-22,S&P 500 ETF,583.3200073242188,34183800,Equity
2024-10-23,S&P 500 ETF,577.989990234375,49314600,Equity
2024-10-24,S&P 500 ETF,579.239990234375,34979900,Equity
2024-10-25,S&P 500 ETF,579.0399780273438,47268200,Equity
2024-10-28,S&P 500 ETF,580.8300170898438,30174700,Equity
2024-10-29,S&P 500 ETF,581.77001953125,42899700,Equity
2024-10-30,S&P 500 ETF,580.010009765625,41435800,Equity
2024-10-31,S&P 500 ETF,568.6400146484375,60182500,Equity
2024-11-01,S&P 500 ETF,571.0399780273438,45667500,Equity
2024-11-04,S&P 500 ETF,569.8099975585938,38217000,Equity
2024-11-05,S&P 500 ETF,576.7000122070312,39478300,Equity
2024-11-06,S&P 500 ETF,591.0399780273438,68182000,Equity
2024-11-07,S&P 500 ETF,595.6099853515625,47233200,Equity
2024-11-08,S&P 500 ETF,598.1900024414062,46444900,Equity
2024-11-11,S&P 500 ETF,598.760009765625,37586800,Equity
2024-11-12,S&P 500 ETF,596.9000244140625,43006100,Equity
2024-11-13,S&P 500 ETF,597.1900024414062,47388600,Equity
2024-11-14,S&P 500 ETF,593.3499755859375,38904100,Equity
2024-11-15,S&P 500 ETF,585.75,75988800,Equity
2024-11-18,S&P 500 ETF,588.1500244140625,37001700,Equity
2024-11-19,S&P 500 ETF,590.2999877929688,49412000,Equity
2024-11-20,S&P 500 ETF,590.5,50032600,Equity
2024-11-21,S&P 500 ETF,593.6699829101562,46750300,Equity
2024-11-22,S&P 500 ETF,595.510009765625,38226400,Equity
2024-11-25,S&P 500 ETF,597.530029296875,42441400,Equity
2024-11-26,S&P 500 ETF,600.6500244140625,45621300,Equity
2024-11-27,S&P 500 ETF,598.8300170898438,34000200,Equity
2024-11-29,S&P 500 ETF,602.5499877929688,30177400,Equity
2024-12-02,S&P 500 ETF,603.6300048828125,31746000,Equity
2024-12-03,S&P 500 ETF,603.9099731445312,26906600,Equity
2024-12-04,S&P 500 ETF,607.6599731445312,42787600,Equity
2024-12-05,S&P 500 ETF,606.6599731445312,28762200,Equity
2024-12-06,S&P 500 ETF,607.8099975585938,31241500,Equity
2024-12-09,S&P 500 ETF,604.6799926757812,34742700,Equity
2024-12-10,S&P 500 ETF,602.7999877929688,37234500,Equity
2024-12-11,S&P 500 ETF,607.4600219726562,28677700,Equity
2024-12-12,S&P 500 ETF,604.3300170898438,31543800,Equity
2024-12-13,S&P 500 ETF,604.2100219726562,35904700,Equity
2024-12-16,S&P 500 ETF,606.7899780273438,43695200,Equity
2024-12-17,S&P 500 ETF,604.2899780273438,55773500,Equity
2024-12-18,S&P 500 ETF,586.280029296875,108248700,Equity
2024-12-19,S&P 500 ETF,586.0999755859375,85919500,Equity
2024-12-20,S&P 500 ETF,591.1500244140625,125716700,Equity
2024-12-23,S&P 500 ETF,594.6900024414062,57635800,Equity
2024-12-24,S&P 500 ETF,601.2999877929688,33160100,Equity
2024-12-26,S&P 500 ETF,601.3400268554688,41219100,Equity
2024-12-27,S&P 500 ETF,595.010009765625,64969300,Equity
2024-12-30,S&P 500 ETF,588.219970703125,56578800,Equity
2024-12-31,S&P 500 ETF,586.0800170898438,57052700,Equity
2025-01-02,S&P 500 ETF,584.6400146484375,50204000,Equity
2025-01-03,S&P 500 ETF,591.9500122070312,37888500,Equity
2025-01-06,S&P 500 ETF,595.3599853515625,47679400,Equity
2025-01-07,S&P 500 ETF,588.6300048828125,60393100,Equity
2025-01-08,S&P 500 ETF,589.489990234375,47304700,Equity
2025-01-10,S&P 500 ETF,580.489990234375,73105000,Equity
2025-01-13,S&P 500 ETF,581.3900146484375,47910100,Equity
2025-01-14,S&P 500 ETF,582.1900024414062,48420600,Equity
2025-01-15,S&P 500 ETF,592.780029296875,56900200,Equity
2025-01-16,S&P 500 ETF,591.6400146484375,43319700,Equity
2025-01-17,S&P 500 ETF,597.5800170898438,58070600,Equity
2025-01-21,S&P 500 ETF,603.0499877929688,42532900,Equity
2025-01-22,S&P 500 ETF,606.4400024414062,48196000,Equity
2025-01-23,S&P 500 ETF,609.75,41152100,Equity
2025-01-24,S&P 500 ETF,607.969970703125,34604700,Equity
2025-01-27,S&P 500 ETF,599.3699951171875,70361100,Equity
2025-01-28,S&P 500 ETF,604.52001953125,44433300,Equity
2025-01-29,S&P 500 ETF,601.8099975585938,37177400,Equity
2025-01-30,S&P 500 ETF,605.0399780273438,39281300,Equity
2025-01-31,S&P 500 ETF,601.8200073242188,66566900,Equity
2025-02-03,S&P 500 ETF,597.77001953125,65857200,Equity
2025-02-04,S&P 500 ETF,601.780029296875,33457800,Equity
2025-02-05,S&P 500 ETF,604.219970703125,30653100,Equity
2025-02-06,S&P 500 ETF,606.3200073242188,35771500,Equity
2025-02-07,S&P 500 ETF,600.77001953125,50788500,Equity
2025-02-10,S&P 500 ETF,604.8499755859375,26048700,Equity
2025-02-11,S&P 500 ETF,605.3099975585938,30056700,Equity
2025-02-12,S&P 500 ETF,603.3599853515625,45076100,Equity
2025-02-13,S&P 500 ETF,609.72998046875,40921300,Equity
2025-02-14,S&P 500 ETF,609.7000122070312,26910400,Equity
2025-02-18,S&P 500 ETF,611.489990234375,26749000,Equity
2025-02-19,S&P 500 ETF,612.9299926757812,31011100,Equity
2025-02-20,S&P 500 ETF,610.3800048828125,36554000,Equity
2025-02-21,S&P 500 ETF,599.9400024414062,76519800,Equity
2025-02-24,S&P 500 ETF,597.2100219726562,50737200,Equity
2025-02-25,S&P 500 ETF,594.239990234375,58266500,Equity
2025-02-26,S&P 500 ETF,594.5399780273438,43321600,Equity
2025-02-27,S&P 500 ETF,585.0499877929688,74196700,Equity
2025-02-28,S&P 500 ETF,594.1799926757812,88744100,Equity
2025-03-03,S&P 500 ETF,583.77001953125,74249200,Equity
2025-03-04,S&P 500 ETF,576.8599853515625,109648200,Equity
2025-03-05,S&P 500 ETF,583.0599975585938,71230500,Equity
2025-03-06,S&P 500 ETF,572.7100219726562,80094900,Equity
2025-03-07,S&P 500 ETF,575.9199829101562,81158800,Equity
2025-03-10,S&P 500 ETF,560.5800170898438,99326600,Equity
2025-03-11,S&P 500 ETF,555.9199829101562,88102100,Equity
2025-03-12,S&P 500 ETF,558.8699951171875,69588200,Equity
2025-03-13,S&P 500 ETF,551.4199829101562,74079400,Equity
2025-03-14,S&P 500 ETF,562.8099975585938,62660300,Equity
2025-03-17,S&P 500 ETF,567.1500244140625,49008700,Equity
2025-03-18,S&P 500 ETF,561.02001953125,66041400,Equity
2025-03-19,S&P 500 ETF,567.1300048828125,66556000,Equity
2025-03-20,S&P 500 ETF,565.489990234375,62958200,Equity
2025-03-21,S&P 500 ETF,563.97998046875,83763000,Equity
2025-03-24,S&P 500 ETF,574.0800170898438,58766800,Equity
2025-03-25,S&P 500 ETF,575.4600219726562,38355700,Equity
2025-03-26,S&P 500 ETF,568.5900268554688,51848300,Equity
2025-03-27,S&P 500 ETF,567.0800170898438,42164200,Equity
2025-03-28,S&P 500 ETF,555.6599731445312,71662700,Equity
2025-03-31,S&P 500 ETF,559.3900146484375,95328200,Equity
2025-04-01,S&P 500 ETF,560.969970703125,54609600,Equity
2025-04-02,S&P 500 ETF,564.52001953125,76014500,Equity
2025-04-03,S&P 500 ETF,536.7000122070312,125986000,Equity
2025-04-04,S&P 500 ETF,505.2799987792969,217965100,Equity
2025-04-07,S&P 500 ETF,504.3800048828125,256611400,Equity
2025-04-08,S&P 500 ETF,496.4800109863281,165816600,Equity
2025-04-09,S&P 500 ETF,548.6199951171875,241867300,Equity
2025-04-10,S&P 500 ETF,524.5800170898438,162331200,Equity
2025-04-11,S&P 500 ETF,533.9400024414062,97866300,Equity
2025-04-14,S&P 500 ETF,539.1199951171875,68034000,Equity
2025-04-15,S&P 500 ETF,537.6099853515625,56892900,Equity
2025-04-16,S&P 500 ETF,525.6599731445312,83484800,Equity
2025-04-17,S&P 500 ETF,526.4099731445312,79868100,Equity
2025-04-21,S&P 500 ETF,513.8800048828125,69368100,Equity
2025-04-22,S&P 500 ETF,527.25,75948100,Equity
2025-04-23,S&P 500 ETF,535.4199829101562,90590700,Equity
2025-04-24,S&P 500 ETF,546.6900024414062,64150400,Equity
2025-04-25,S&P 500 ETF,550.6400146484375,61119600,Equity
2025-04-28,S&P 500 ETF,550.8499755859375,47613800,Equity
2025-04-29,S&P 500 ETF,554.3200073242188,47775100,Equity
2025-04-30,S&P 500 ETF,554.5399780273438,93101500,Equity
2025-05-01,S&P 500 ETF,558.469970703125,63186100,Equity
2025-05-02,S&P 500 ETF,566.760009765625,60717300,Equity
2025-05-05,S&P 500 ETF,563.510009765625,38659200,Equity
2025-05-06,S&P 500 ETF,558.7999877929688,48264700,Equity
2025-05-07,S&P 500 ETF,561.1500244140625,55588000,Equity
2025-05-08,S&P 500 ETF,565.0599975585938,65130800,Equity
2025-05-09,S&P 500 ETF,564.3400268554688,37603400,Equity
2025-05-12,S&P 500 ETF,582.989990234375,78993600,Equity
2025-05-13,S&P 500 ETF,586.8400268554688,67947200,Equity
2025-05-14,S&P 500 ETF,587.5900268554688,66283500,Equity
2025-05-15,S&P 500 ETF,590.4600219726562,71268100,Equity
2025-05-16,S&P 500 ETF,594.2000122070312,76052100,Equity
2025-05-19,S&P 500 ETF,594.8499755859375,68168500,Equity
2025-05-20,S&P 500 ETF,592.8499755859375,60614500,Equity
2025-05-21,S&P 500 ETF,582.8599853515625,95197700,Equity
2025-05-22,S&P 500 ETF,583.0900268554688,70860400,Equity
2025-05-23,S&P 500 ETF,579.1099853515625,76029000,Equity
2025-05-27,S&P 500 ETF,591.1500244140625,72588500,Equity
2025-05-28,S&P 500 ETF,587.72998046875,68445500,Equity
2025-05-29,S&P 500 ETF,590.0499877929688,69973300,Equity
2025-05-30,S&P 500 ETF,589.3900146484375,90601200,Equity
2025-06-02,S&P 500 ETF,592.7100219726562,61630500,Equity
2025-06-03,S&P 500 ETF,596.0900268554688,63606200,Equity
2025-06-04,S&P 500 ETF,595.9299926757812,57314200,Equity
2025-06-05,S&P 500 ETF,593.0499877929688,92278700,Equity
2025-06-06,S&P 500 ETF,599.1400146484375,66588700,Equity
2025-06-09,S&P 500 ETF,599.6799926757812,53016400,Equity
2025-06-10,S&P 500 ETF,603.0800170898438,66247000,Equity
2025-06-11,S&P 500 ETF,601.3599853515625,73658200,Equity
2025-06-12,S&P 500 ETF,603.75,64129000,Equity
2025-06-13,S&P 500 ETF,597.0,89506000,Equity
2025-06-16,S&P 500 ETF,602.6799926757812,79984100,Equity
2025-06-17,S&P 500 ETF,597.530029296875,82209400,Equity
2025-06-18,S&P 500 ETF,597.4400024414062,76605000,Equity
2025-06-20,S&P 500 ETF,594.280029296875,94051400,Equity
2025-06-23,S&P 500 ETF,600.1500244140625,87426000,Equity
2025-06-24,S&P 500 ETF,606.780029296875,67735300,Equity
2025-06-25,S&P 500 ETF,607.1199951171875,62114800,Equity
2025-06-26,S&P 500 ETF,611.8699951171875,78548400,Equity
2025-06-27,S&P 500 ETF,614.9099731445312,86258400,Equity
2025-06-30,S&P 500 ETF,617.8499755859375,92502500,Equity
2025-07-01,S&P 500 ETF,617.6500244140625,70030100,Equity
2025-07-02,S&P 500 ETF,620.4500122070312,66510400,Equity
2025-07-03,S&P 500 ETF,625.3400268554688,51065800,Equity
2025-07-07,S&P 500 ETF,620.6799926757812,74814500,Equity
2025-07-08,S&P 500 ETF,620.3400268554688,59024600,Equity
2025-07-09,S&P 500 ETF,624.0599975585938,66113300,Equity
2025-07-10,S&P 500 ETF,625.8200073242188,57529000,Equity
2025-07-11,S&P 500 ETF,623.6199951171875,63670200,Equity
2025-07-14,S&P 500 ETF,624.8099975585938,51898500,Equity
2025-07-15,S&P 500 ETF,622.1400146484375,74317300,Equity
2025-07-16,S&P 500 ETF,624.219970703125,88987500,Equity
2025-07-17,S&P 500 ETF,628.0399780273438,68885700,Equity
2025-07-18,S&P 500 ETF,627.5800170898438,65621600,Equity
2025-07-21,S&P 500 ETF,628.77001953125,63375000,Equity
2025-07-22,S&P 500 ETF,628.8599853515625,60046300,Equity
2025-07-23,S&P 500 ETF,634.2100219726562,70511000,Equity
2025-07-24,S&P 500 ETF,634.4199829101562,71307100,Equity
2025-07-25,S&P 500 ETF,637.0999755859375,56865400,Equity
2025-07-28,S&P 500 ETF,636.9400024414062,54917100,Equity
2025-07-29,S&P 500 ETF,635.260009765625,60556300,Equity
2025-07-30,S&P 500 ETF,634.4600219726562,80418900,Equity
2025-07-31,S&P 500 ETF,632.0800170898438,103385200,Equity
2025-08-01,S&P 500 ETF,621.719970703125,140103600,Equity
2025-08-04,S&P 500 ETF,631.1699829101562,73218000,Equity
2025-08-05,S&P 500 ETF,627.969970703125,68051400,Equity
2025-08-06,S&P 500 ETF,632.780029296875,64357500,Equity
2025-08-07,S&P 500 ETF,632.25,74205800,Equity
2025-08-08,S&P 500 ETF,637.1799926757812,64051600,Equity
2025-08-11,S&P 500 ETF,635.9199829101562,58742300,Equity
2025-08-12,S&P 500 ETF,642.6900024414062,64730800,Equity
2025-08-13,S&P 500 ETF,644.8900146484375,60092800,Equity
2025-08-14,S&P 500 ETF,644.9500122070312,59327500,Equity
2025-08-15,S&P 500 ETF,643.4400024414062,68592500,Equity
2025-08-18,S&P 500 ETF,643.2999877929688,43804900,Equity
2025-08-19,S&P 500 ETF,639.8099975585938,69750700,Equity
2025-08-20,S&P 500 ETF,638.1099853515625,88890300,Equity
2025-08-21,S&P 500 ETF,635.5499877929688,54805800,Equity
2025-08-22,S&P 500 ETF,645.3099975585938,84083200,Equity
2025-08-25,S&P 500 ETF,642.469970703125,51274300,Equity
2025-08-26,S&P 500 ETF,645.1599731445312,51581600,Equity
2025-08-27,S&P 500 ETF,646.6300048828125,48341100,Equity
2025-08-28,S&P 500 ETF,648.9199829101562,61519500,Equity
2025-08-29,S&P 500 ETF,645.0499877929688,74522200,Equity
2025-09-02,S&P 500 ETF,640.27001953125,81983500,Equity
2025-09-03,S&P 500 ETF,643.739990234375,70820900,Equity
2025-09-04,S&P 500 ETF,649.1199951171875,65219200,Equity
2025-09-05,S&P 500 ETF,647.239990234375,85178900,Equity
2025-09-08,S&P 500 ETF,648.8300170898438,63133100,Equity
2025-09-09,S&P 500 ETF,650.3300170898438,66133900,Equity
2025-09-10,S&P 500 ETF,652.2100219726562,78034500,Equity
2025-09-11,S&P 500 ETF,657.6300048828125,69934400,Equity
2025-09-12,S&P 500 ETF,657.4099731445312,72780100,Equity
2025-09-15,S&P 500 ETF,660.9099731445312,63772400,Equity
2025-09-16,S&P 500 ETF,660.0,61169000,Equity
2025-09-17,S&P 500 ETF,659.1799926757812,101952200,Equity
2025-09-18,S&P 500 ETF,662.260009765625,90459200,Equity
2025-09-19,S&P 500 ETF,663.7000122070312,97945600,Equity
2025-09-22,S&P 500 ETF,666.8400268554688,69452200,Equity
2025-09-23,S&P 500 ETF,663.2100219726562,81708900,Equity
2025-09-24,S&P 500 ETF,661.0999755859375,68082200,Equity
2025-09-25,S&P 500 ETF,658.0499877929688,89622100,Equity
2025-09-26,S&P 500 ETF,661.8200073242188,69179200,Equity
2025-09-29,S&P 500 ETF,663.6799926757812,73499000,Equity
2025-09-30,S&P 500 ETF,666.1799926757812,86288000,Equity
2025-10-01,S&P 500 ETF,668.4500122070312,72545400,Equity
2025-10-02,S&P 500 ETF,669.219970703125,56896000,Equity
2025-10-03,S&P 500 ETF,669.2100219726562,70494400,Equity
2025-10-06,S&P 500 ETF,671.6099853515625,54623300,Equity
2025-10-07,S&P 500 ETF,669.1199951171875,72020100,Equity
2025-10-08,S&P 500 ETF,673.1099853515625,60702200,Equity
2025-10-09,S&P 500 ETF,671.1599731445312,66501900,Equity
2025-10-10,S&P 500 ETF,653.02001953125,159422600,Equity
2025-10-13,S&P 500 ETF,663.0399780273438,79560500,Equity
2025-10-14,S&P 500 ETF,662.22998046875,88779600,Equity
2025-10-15,S&P 500 ETF,665.1699829101562,81702600,Equity
2025-10-16,S&P 500 ETF,660.6400146484375,110563300,Equity
2025-10-17,S&P 500 ETF,664.3900146484375,96500900,Equity
2025-10-20,S&P 500 ETF,671.2999877929688,60493400,Equity
2025-10-21,S&P 500 ETF,671.2899780273438,56249000,Equity
2025-10-22,S&P 500 ETF,667.7999877929688,80564000,Equity
2025-10-23,S&P 500 ETF,671.760009765625,65604500,Equity
2025-10-24,S&P 500 ETF,677.25,74356500,Equity
2025-10-27,S&P 500 ETF,685.239990234375,63339800,Equity
2025-10-28,S&P 500 ETF,687.0599975585938,61738100,Equity
2025-10-29,S&P 500 ETF,687.3900146484375,85657100,Equity
2025-10-30,S&P 500 ETF,679.8300170898438,76335800,Equity
2025-10-31,S&P 500 ETF,682.0599975585938,87164100,Equity
2025-11-03,S&P 500 ETF,683.3400268554688,57315000,Equity
2025-11-04,S&P 500 ETF,675.239990234375,78427000,Equity
2025-11-05,S&P 500 ETF,677.5800170898438,74402400,Equity
2025-11-06,S&P 500 ETF,670.3099975585938,85035300,Equity
2025-11-07,S&P 500 ETF,670.969970703125,100592400,Equity
2025-11-10,S&P 500 ETF,681.4400024414062,75842900,Equity
2025-11-11,S&P 500 ETF,683.0,58953400,Equity
2025-11-12,S&P 500 ETF,683.3800048828125,62312500,Equity
2025-11-13,S&P 500 ETF,672.0399780273438,103457800,Equity
2025-11-14,S&P 500 ETF,671.9299926757812,96846700,Equity
2025-11-17,S&P 500 ETF,665.6699829101562,90456100,Equity
2025-11-18,S&P 500 ETF,660.0800170898438,114467500,Equity
2025-11-19,S&P 500 ETF,662.6300048828125,94703000,Equity
2025-11-20,S&P 500 ETF,652.530029296875,165293500,Equity
2025-11-21,S&P 500 ETF,659.030029296875,123956200,Equity
2025-11-24,S&P 500 ETF,668.72998046875,80437900,Equity
2025-11-25,S&P 500 ETF,675.02001953125,81077100,Equity
2025-11-26,S&P 500 ETF,679.6799926757812,71879600,Equity
2025-11-28,S&P 500 ETF,683.3900146484375,49212000,Equity
2025-12-01,S&P 500 ETF,680.27001953125,61201200,Equity
2025-12-02,S&P 500 ETF,681.530029296875,62953800,Equity
2025-12-03,S&P 500 ETF,683.8900146484375,57238500,Equity
2025-12-04,S&P 500 ETF,684.3900146484375,61970300,Equity
2025-12-05,S&P 500 ETF,685.6900024414062,79241000,Equity
2025-12-08,S&P 500 ETF,683.6300048828125,55231500,Equity
2025-12-09,S&P 500 ETF,683.0399780273438,58310100,Equity
2025-12-10,S&P 500 ETF,687.5700073242188,85671300,Equity
2025-12-11,S&P 500 ETF,689.1699829101562,86173700,Equity
2025-12-12,S&P 500 ETF,681.760009765625,113160300,Equity
2025-12-15,S&P 500 ETF,680.72998046875,90811000,Equity
2025-12-16,S&P 500 ETF,678.8699951171875,122030600,Equity
2025-12-17,S&P 500 ETF,671.4000244140625,110625200,Equity
2025-12-18,S&P 500 ETF,676.469970703125,108650100,Equity
2025-12-19,S&P 500 ETF,680.5900268554688,103599500,Equity
2025-12-22,S&P 500 ETF,684.8300170898438,69556700,Equity
2025-12-23,S&P 500 ETF,687.9600219726562,64840000,Equity
2025-12-24,S&P 500 ETF,690.3800048828125,39445600,Equity
2025-12-26,S&P 500 ETF,690.3099975585938,41613300,Equity
2025-12-29,S&P 500 ETF,687.8499755859375,62559500,Equity
2025-12-30,S&P 500 ETF,687.010009765625,47160700,Equity
2025-12-31,S&P 500 ETF,681.9199829101562,74144800,Equity
2026-01-02,S&P 500 ETF,683.1699829101562,89377200,Equity
2026-01-05,S&P 500 ETF,687.719970703125,71927200,Equity
2026-01-06,S&P 500 ETF,691.8099975585938,69273800,Equity
2026-01-07,S&P 500 ETF,689.5800170898438,75588300,Equity
2026-01-08,S&P 500 ETF,689.510009765625,64019200,Equity
2026-01-09,S&P 500 ETF,694.0700073242188,80125500,Equity
2026-01-12,S&P 500 ETF,695.1599731445312,63976000,Equity
2026-01-13,S&P 500 ETF,693.77001953125,78309700,Equity
2026-01-14,S&P 500 ETF,690.3599853515625,94676700,Equity
2026-01-15,S&P 500 ETF,692.239990234375,77862000,Equity
2026-01-16,S&P 500 ETF,691.6599731445312,79289200,Equity
2026-01-20,S&P 500 ETF,677.5800170898438,111623300,Equity
2026-01-21,S&P 500 ETF,685.4000244140625,127844500,Equity
2026-01-22,S&P 500 ETF,688.97998046875,77112200,Equity
2026-01-23,S&P 500 ETF,689.22998046875,63059600,Equity
2026-01-26,S&P 500 ETF,692.72998046875,60473800,Equity
2026-01-27,S&P 500 ETF,695.489990234375,55506100,Equity
2026-01-28,S&P 500 ETF,695.4199829101562,61172200,Equity
2026-01-29,S&P 500 ETF,694.0399780273438,97486200,Equity
2026-01-30,S&P 500 ETF,691.969970703125,101835100,Equity
2026-02-02,S&P 500 ETF,695.4099731445312,79286500,Equity
2026-02-03,S&P 500 ETF,689.530029296875,107904600,Equity
2026-02-04,S&P 500 ETF,686.1900024414062,105204600,Equity
2026-02-05,S&P 500 ETF,677.6199951171875,113610800,Equity
2026-02-06,S&P 500 ETF,690.6199951171875,89127600,Equity
2026-02-09,S&P 500 ETF,693.9500122070312,73885200,Equity
2026-02-10,S&P 500 ETF,692.1199951171875,65185700,Equity
2026-02-11,S&P 500 ETF,691.9600219726562,76353900,Equity
2026-02-12,S&P 500 ETF,681.27001953125,118829000,Equity
2026-02-13,S&P 500 ETF,681.75,96267500,Equity
2026-02-17,S&P 500 ETF,682.8499755859375,81354700,Equity
2026-02-18,S&P 500 ETF,686.2899780273438,73570300,Equity
2026-02-19,S&P 500 ETF,684.47998046875,58649400,Equity
2026-02-20,S&P 500 ETF,689.4299926757812,100034000,Equity
2026-02-23,S&P 500 ETF,682.3900146484375,90558100,Equity
2026-02-24,S&P 500 ETF,687.3499755859375,73798700,Equity
2026-02-25,S&P 500 ETF,693.1500244140625,56369500,Equity
2026-02-26,S&P 500 ETF,689.2999877929688,71671000,Equity
2026-02-27,S&P 500 ETF,685.989990234375,83308900,Equity
2026-03-02,S&P 500 ETF,686.3800048828125,87477200,Equity
2026-03-03,S&P 500 ETF,680.3300170898438,105003100,Equity
2026-03-04,S&P 500 ETF,685.1300048828125,79182200,Equity
2026-03-05,S&P 500 ETF,681.3099975585938,106606500,Equity
2026-03-06,S&P 500 ETF,672.3800048828125,100687000,Equity
2026-03-09,S&P 500 ETF,678.27001953125,102667700,Equity
2026-03-10,S&P 500 ETF,677.1799926757812,81505300,Equity
2026-03-11,S&P 500 ETF,676.3300170898438,68441700,Equity
2026-03-12,S&P 500 ETF,666.0599975585938,108882200,Equity
2026-03-13,S&P 500 ETF,662.2899780273438,97200200,Equity
2026-03-16,S&P 500 ETF,669.030029296875,82023100,Equity
2026-03-17,S&P 500 ETF,670.7899780273438,87128000,Equity
2026-03-18,S&P 500 ETF,661.4299926757812,82062600,Equity
2026-03-19,S&P 500 ETF,659.7999877929688,111272500,Equity
2026-03-20,S&P 500 ETF,648.5700073242188,163617500,Equity
2026-03-23,S&P 500 ETF,655.3800048828125,134802700,Equity
2026-03-24,S&P 500 ETF,653.1799926757812,96457500,Equity
2026-03-25,S&P 500 ETF,656.8200073242188,90653800,Equity
2026-03-26,S&P 500 ETF,645.0900268554688,96494400,Equity
2026-03-27,S&P 500 ETF,634.0900268554688,103649400,Equity
2026-03-30,S&P 500 ETF,631.969970703125,99275900,Equity
2026-03-31,S&P 500 ETF,650.3400268554688,152534100,Equity
2026-04-01,S&P 500 ETF,655.239990234375,97841500,Equity
2026-04-02,S&P 500 ETF,655.8300170898438,68358700,Equity
2026-04-06,S&P 500 ETF,658.9299926757812,39105800,Equity
2026-04-07,S&P 500 ETF,659.219970703125,69980400,Equity
2026-04-08,S&P 500 ETF,676.010009765625,93606100,Equity
2026-04-09,S&P 500 ETF,679.9099731445312,57134400,Equity
2026-04-10,S&P 500 ETF,679.4600219726562,42253500,Equity
2026-04-13,S&P 500 ETF,686.0999755859375,54185800,Equity
2026-04-14,S&P 500 ETF,694.4600219726562,63480500,Equity
2026-04-15,S&P 500 ETF,699.9400024414062,58240400,Equity
2026-04-16,S&P 500 ETF,701.6599731445312,49972400,Equity
2026-04-17,S&P 500 ETF,710.1400146484375,70661900,Equity
2026-04-20,S&P 500 ETF,708.719970703125,43546800,Equity
2026-04-21,S&P 500 ETF,704.0800170898438,58941400,Equity
2026-04-22,S&P 500 ETF,711.2100219726562,42518500,Equity
2026-04-23,S&P 500 ETF,708.4500122070312,56174000,Equity
2026-04-24,S&P 500 ETF,713.9400024414062,45123600,Equity
2016-04-25,US Dollar Index ETF,24.56999969482422,676400,Currency
2016-04-26,US Dollar Index ETF,24.5,881700,Currency
2016-04-27,US Dollar Index ETF,24.469999313354492,1056700,Currency
2016-04-28,US Dollar Index ETF,24.270000457763672,1081600,Currency
2016-04-29,US Dollar Index ETF,24.100000381469727,2024500,Currency
2016-05-02,US Dollar Index ETF,24.010000228881836,3467800,Currency
2016-05-03,US Dollar Index ETF,24.079999923706055,3855300,Currency
2016-05-04,US Dollar Index ETF,24.170000076293945,2898800,Currency
2016-05-05,US Dollar Index ETF,24.290000915527344,1761200,Currency
2016-05-06,US Dollar Index ETF,24.31999969482422,2125600,Currency
2016-05-09,US Dollar Index ETF,24.389999389648438,2404200,Currency
2016-05-10,US Dollar Index ETF,24.40999984741211,1076200,Currency
2016-05-11,US Dollar Index ETF,24.290000915527344,924700,Currency
2016-05-12,US Dollar Index ETF,24.3799991607666,721700,Currency
2016-05-13,US Dollar Index ETF,24.489999771118164,1182800,Currency
2016-05-16,US Dollar Index ETF,24.479999542236328,554100,Currency
2016-05-17,US Dollar Index ETF,24.479999542236328,662200,Currency
2016-05-18,US Dollar Index ETF,24.649999618530273,1650600,Currency
2016-05-19,US Dollar Index ETF,24.690000534057617,2701700,Currency
2016-05-20,US Dollar Index ETF,24.690000534057617,888000,Currency
2016-05-23,US Dollar Index ETF,24.68000030517578,1127200,Currency
2016-05-24,US Dollar Index ETF,24.760000228881836,1107700,Currency
2016-05-25,US Dollar Index ETF,24.690000534057617,1408500,Currency
2016-05-26,US Dollar Index ETF,24.649999618530273,1425600,Currency
2016-05-27,US Dollar Index ETF,24.790000915527344,1906300,Currency
2016-05-31,US Dollar Index ETF,24.84000015258789,1066700,Currency
2016-06-01,US Dollar Index ETF,24.700000762939453,1106000,Currency
2016-06-02,US Dollar Index ETF,24.729999542236328,834700,Currency
2016-06-03,US Dollar Index ETF,24.34000015258789,2995100,Currency
2016-06-06,US Dollar Index ETF,24.34000015258789,941100,Currency
2016-06-07,US Dollar Index ETF,24.299999237060547,1145800,Currency
2016-06-08,US Dollar Index ETF,24.229999542236328,1564500,Currency
2016-06-09,US Dollar Index ETF,24.34000015258789,1355200,Currency
2016-06-10,US Dollar Index ETF,24.5,1867100,Currency
2016-06-13,US Dollar Index ETF,24.440000534057617,1033900,Currency
2016-06-14,US Dollar Index ETF,24.59000015258789,1682700,Currency
2016-06-15,US Dollar Index ETF,24.530000686645508,1713800,Currency
2016-06-16,US Dollar Index ETF,24.5,1753600,Currency
2016-06-17,US Dollar Index ETF,24.389999389648438,1038700,Currency
2016-06-20,US Dollar Index ETF,24.25,1573700,Currency
2016-06-21,US Dollar Index ETF,24.3700008392334,812800,Currency
2016-06-22,US Dollar Index ETF,24.260000228881836,1529300,Currency
2016-06-23,US Dollar Index ETF,24.149999618530273,2863000,Currency
2016-06-24,US Dollar Index ETF,24.780000686645508,5926400,Currency
2016-06-27,US Dollar Index ETF,24.989999771118164,4645600,Currency
2016-06-28,US Dollar Index ETF,24.8700008392334,5571900,Currency
2016-06-29,US Dollar Index ETF,24.790000915527344,1328200,Currency
2016-06-30,US Dollar Index ETF,24.84000015258789,2207400,Currency
2016-07-01,US Dollar Index ETF,24.760000228881836,736500,Currency
2016-07-05,US Dollar Index ETF,24.93000030517578,887000,Currency
2016-07-06,US Dollar Index ETF,24.860000610351562,1914600,Currency
2016-07-07,US Dollar Index ETF,24.920000076293945,548200,Currency
2016-07-08,US Dollar Index ETF,24.93000030517578,1173400,Currency
2016-07-11,US Dollar Index ETF,25.0,1126300,Currency
2016-07-12,US Dollar Index ETF,24.979999542236328,659100,Currency
2016-07-13,US Dollar Index ETF,24.920000076293945,1157000,Currency
2016-07-14,US Dollar Index ETF,24.860000610351562,884500,Currency
2016-07-15,US Dollar Index ETF,24.959999084472656,2601900,Currency
2016-07-18,US Dollar Index ETF,24.979999542236328,488400,Currency
2016-07-19,US Dollar Index ETF,25.100000381469727,1071200,Currency
2016-07-20,US Dollar Index ETF,25.1200008392334,1111200,Currency
2016-07-21,US Dollar Index ETF,25.079999923706055,614200,Currency
2016-07-22,US Dollar Index ETF,25.209999084472656,1118300,Currency
2016-07-25,US Dollar Index ETF,25.170000076293945,1383800,Currency
2016-07-26,US Dollar Index ETF,25.139999389648438,1717400,Currency
2016-07-27,US Dollar Index ETF,25.020000457763672,1522600,Currency
2016-07-28,US Dollar Index ETF,25.010000228881836,1165900,Currency
2016-07-29,US Dollar Index ETF,24.670000076293945,3306200,Currency
2016-08-01,US Dollar Index ETF,24.739999771118164,705500,Currency
2016-08-02,US Dollar Index ETF,24.56999969482422,1902300,Currency
2016-08-03,US Dollar Index ETF,24.709999084472656,1459400,Currency
2016-08-04,US Dollar Index ETF,24.75,349800,Currency
2016-08-05,US Dollar Index ETF,24.8799991607666,834700,Currency
2016-08-08,US Dollar Index ETF,24.899999618530273,601800,Currency
2016-08-09,US Dollar Index ETF,24.850000381469727,671700,Currency
2016-08-10,US Dollar Index ETF,24.719999313354492,1372100,Currency
2016-08-11,US Dollar Index ETF,24.790000915527344,740500,Currency
2016-08-12,US Dollar Index ETF,24.75,745900,Currency
2016-08-15,US Dollar Index ETF,24.709999084472656,539000,Currency
2016-08-16,US Dollar Index ETF,24.489999771118164,1974600,Currency
2016-08-17,US Dollar Index ETF,24.510000228881836,1490000,Currency
2016-08-18,US Dollar Index ETF,24.329999923706055,1147700,Currency
2016-08-19,US Dollar Index ETF,24.420000076293945,1072200,Currency
2016-08-22,US Dollar Index ETF,24.450000762939453,1017400,Currency
2016-08-23,US Dollar Index ETF,24.43000030517578,1427500,Currency
2016-08-24,US Dollar Index ETF,24.5,1047400,Currency
2016-08-25,US Dollar Index ETF,24.5,987200,Currency
2016-08-26,US Dollar Index ETF,24.68000030517578,2873900,Currency
2016-08-29,US Dollar Index ETF,24.700000762939453,1152900,Currency
2016-08-30,US Dollar Index ETF,24.829999923706055,4898800,Currency
2016-08-31,US Dollar Index ETF,24.81999969482422,2955800,Currency
2016-09-01,US Dollar Index ETF,24.729999542236328,1397600,Currency
2016-09-02,US Dollar Index ETF,24.790000915527344,2454100,Currency
2016-09-06,US Dollar Index ETF,24.5,3033400,Currency
2016-09-07,US Dollar Index ETF,24.540000915527344,1175200,Currency
2016-09-08,US Dollar Index ETF,24.56999969482422,1295000,Currency
2016-09-09,US Dollar Index ETF,24.639999389648438,1208100,Currency
2016-09-12,US Dollar Index ETF,24.600000381469727,1337500,Currency
2016-09-13,US Dollar Index ETF,24.700000762939453,771400,Currency
2016-09-14,US Dollar Index ETF,24.639999389648438,413600,Currency
2016-09-15,US Dollar Index ETF,24.6299991607666,994000,Currency
2016-09-16,US Dollar Index ETF,24.829999923706055,1459600,Currency
2016-09-19,US Dollar Index ETF,24.770000457763672,2601000,Currency
2016-09-20,US Dollar Index ETF,24.809999465942383,2403400,Currency
2016-09-21,US Dollar Index ETF,24.700000762939453,1220700,Currency
2016-09-22,US Dollar Index ETF,24.670000076293945,1275800,Currency
2016-09-23,US Dollar Index ETF,24.68000030517578,632200,Currency
2016-09-26,US Dollar Index ETF,24.6299991607666,362400,Currency
2016-09-27,US Dollar Index ETF,24.649999618530273,317200,Currency
2016-09-28,US Dollar Index ETF,24.670000076293945,259900,Currency
2016-09-29,US Dollar Index ETF,24.690000534057617,958900,Currency
2016-09-30,US Dollar Index ETF,24.68000030517578,1338600,Currency
2016-10-03,US Dollar Index ETF,24.729999542236328,732500,Currency
2016-10-04,US Dollar Index ETF,24.84000015258789,1735000,Currency
2016-10-05,US Dollar Index ETF,24.8700008392334,4292500,Currency
2016-10-06,US Dollar Index ETF,25.0,1200900,Currency
2016-10-07,US Dollar Index ETF,24.959999084472656,2114200,Currency
2016-10-10,US Dollar Index ETF,25.059999465942383,818600,Currency
2016-10-11,US Dollar Index ETF,25.25,2256000,Currency
2016-10-12,US Dollar Index ETF,25.31999969482422,1502100,Currency
2016-10-13,US Dollar Index ETF,25.229999542236328,919700,Currency
2016-10-14,US Dollar Index ETF,25.360000610351562,689500,Currency
2016-10-17,US Dollar Index ETF,25.299999237060547,945200,Currency
2016-10-18,US Dollar Index ETF,25.31999969482422,1219300,Currency
2016-10-19,US Dollar Index ETF,25.329999923706055,1853000,Currency
2016-10-20,US Dollar Index ETF,25.40999984741211,676300,Currency
2016-10-21,US Dollar Index ETF,25.5,3574000,Currency
2016-10-24,US Dollar Index ETF,25.530000686645508,721000,Currency
2016-10-25,US Dollar Index ETF,25.520000457763672,1204400,Currency
2016-10-26,US Dollar Index ETF,25.510000228881836,833800,Currency
2016-10-27,US Dollar Index ETF,25.559999465942383,1390300,Currency
2016-10-28,US Dollar Index ETF,25.40999984741211,1992400,Currency
2016-10-31,US Dollar Index ETF,25.420000076293945,1010000,Currency
2016-11-01,US Dollar Index ETF,25.290000915527344,2885900,Currency
2016-11-02,US Dollar Index ETF,25.200000762939453,1744300,Currency
2016-11-03,US Dollar Index ETF,25.1299991607666,1328500,Currency
2016-11-04,US Dollar Index ETF,25.059999465942383,940800,Currency
2016-11-07,US Dollar Index ETF,25.270000457763672,2672900,Currency
2016-11-08,US Dollar Index ETF,25.34000015258789,913400,Currency
2016-11-09,US Dollar Index ETF,25.5,2429100,Currency
2016-11-10,US Dollar Index ETF,25.549999237060547,2705400,Currency
2016-11-11,US Dollar Index ETF,25.59000015258789,1098700,Currency
2016-11-14,US Dollar Index ETF,25.84000015258789,7033900,Currency
2016-11-15,US Dollar Index ETF,25.8799991607666,4443000,Currency
2016-11-16,US Dollar Index ETF,25.950000762939453,3750500,Currency
2016-11-17,US Dollar Index ETF,26.100000381469727,2053000,Currency
2016-11-18,US Dollar Index ETF,26.190000534057617,1549400,Currency
2016-11-21,US Dollar Index ETF,26.09000015258789,3162100,Currency
2016-11-22,US Dollar Index ETF,26.1299991607666,2045200,Currency
2016-11-23,US Dollar Index ETF,26.290000915527344,2362100,Currency
2016-11-25,US Dollar Index ETF,26.239999771118164,3108300,Currency
2016-11-28,US Dollar Index ETF,26.170000076293945,2102900,Currency
2016-11-29,US Dollar Index ETF,26.110000610351562,1772200,Currency
2016-11-30,US Dollar Index ETF,26.25,3417000,Currency
2016-12-01,US Dollar Index ETF,26.110000610351562,1638200,Currency
2016-12-02,US Dollar Index ETF,26.049999237060547,1791600,Currency
2016-12-05,US Dollar Index ETF,25.8799991607666,4654700,Currency
2016-12-06,US Dollar Index ETF,25.979999542236328,2478800,Currency
2016-12-07,US Dollar Index ETF,25.899999618530273,1903600,Currency
2016-12-08,US Dollar Index ETF,26.1299991607666,2135000,Currency
2016-12-09,US Dollar Index ETF,26.239999771118164,1499800,Currency
2016-12-12,US Dollar Index ETF,26.09000015258789,1717500,Currency
2016-12-13,US Dollar Index ETF,26.1200008392334,1766700,Currency
2016-12-14,US Dollar Index ETF,26.3700008392334,3033900,Currency
2016-12-15,US Dollar Index ETF,26.65999984741211,3657600,Currency
2016-12-16,US Dollar Index ETF,26.56999969482422,2103900,Currency
2016-12-19,US Dollar Index ETF,26.649999618530273,1334000,Currency
2016-12-20,US Dollar Index ETF,26.700000762939453,2896300,Currency
2016-12-21,US Dollar Index ETF,26.6200008392334,1278800,Currency
2016-12-22,US Dollar Index ETF,26.649999618530273,1713900,Currency
2016-12-23,US Dollar Index ETF,26.6299991607666,909600,Currency
2016-12-27,US Dollar Index ETF,26.6200008392334,655300,Currency
2016-12-28,US Dollar Index ETF,26.690000534057617,1247400,Currency
2016-12-29,US Dollar Index ETF,26.540000915527344,1331900,Currency
2016-12-30,US Dollar Index ETF,26.459999084472656,1767900,Currency
2017-01-03,US Dollar Index ETF,26.700000762939453,3455500,Currency
2017-01-04,US Dollar Index ETF,26.5,3534000,Currency
2017-01-05,US Dollar Index ETF,26.219999313354492,4269600,Currency
2017-01-06,US Dollar Index ETF,26.40999984741211,3202700,Currency
2017-01-09,US Dollar Index ETF,26.34000015258789,3506100,Currency
2017-01-10,US Dollar Index ETF,26.350000381469727,2060000,Currency
2017-01-11,US Dollar Index ETF,26.290000915527344,4496600,Currency
2017-01-12,US Dollar Index ETF,26.190000534057617,2173900,Currency
2017-01-13,US Dollar Index ETF,26.15999984741211,1828400,Currency
2017-01-17,US Dollar Index ETF,25.920000076293945,3444500,Currency
2017-01-18,US Dollar Index ETF,26.15999984741211,3939800,Currency
2017-01-19,US Dollar Index ETF,26.1200008392334,1595500,Currency
2017-01-20,US Dollar Index ETF,26.030000686645508,11995800,Currency
2017-01-23,US Dollar Index ETF,25.889999389648438,2300900,Currency
2017-01-24,US Dollar Index ETF,25.899999618530273,1638200,Currency
2017-01-25,US Dollar Index ETF,25.809999465942383,2168900,Currency
2017-01-26,US Dollar Index ETF,25.979999542236328,3848100,Currency
2017-01-27,US Dollar Index ETF,25.989999771118164,2262300,Currency
2017-01-30,US Dollar Index ETF,25.940000534057617,1139200,Currency
2017-01-31,US Dollar Index ETF,25.729999542236328,3570300,Currency
2017-02-01,US Dollar Index ETF,25.75,4271800,Currency
2017-02-02,US Dollar Index ETF,25.790000915527344,1361500,Currency
2017-02-03,US Dollar Index ETF,25.780000686645508,2033200,Currency
2017-02-06,US Dollar Index ETF,25.799999237060547,1703300,Currency
2017-02-07,US Dollar Index ETF,25.93000030517578,1601500,Currency
2017-02-08,US Dollar Index ETF,25.899999618530273,1412300,Currency
2017-02-09,US Dollar Index ETF,26.0,1191500,Currency
2017-02-10,US Dollar Index ETF,26.030000686645508,1022100,Currency
2017-02-13,US Dollar Index ETF,26.09000015258789,1089600,Currency
2017-02-14,US Dollar Index ETF,26.149999618530273,2502000,Currency
2017-02-15,US Dollar Index ETF,26.100000381469727,934400,Currency
2017-02-16,US Dollar Index ETF,25.950000762939453,2129400,Currency
2017-02-17,US Dollar Index ETF,26.079999923706055,999100,Currency
2017-02-21,US Dollar Index ETF,26.200000762939453,1421800,Currency
2017-02-22,US Dollar Index ETF,26.139999389648438,2048700,Currency
2017-02-23,US Dollar Index ETF,26.079999923706055,1291600,Currency
2017-02-24,US Dollar Index ETF,26.1299991607666,714500,Currency
2017-02-27,US Dollar Index ETF,26.1299991607666,768600,Currency
2017-02-28,US Dollar Index ETF,26.110000610351562,2266900,Currency
2017-03-01,US Dollar Index ETF,26.290000915527344,1646400,Currency
2017-03-02,US Dollar Index ETF,26.399999618530273,2871200,Currency
2017-03-03,US Dollar Index ETF,26.170000076293945,2932900,Currency
2017-03-06,US Dollar Index ETF,26.260000228881836,1043200,Currency
2017-03-07,US Dollar Index ETF,26.290000915527344,687200,Currency
2017-03-08,US Dollar Index ETF,26.3799991607666,1171800,Currency
2017-03-09,US Dollar Index ETF,26.329999923706055,1519800,Currency
2017-03-10,US Dollar Index ETF,26.149999618530273,2008600,Currency
2017-03-13,US Dollar Index ETF,26.190000534057617,1252100,Currency
2017-03-14,US Dollar Index ETF,26.280000686645508,1214100,Currency
2017-03-15,US Dollar Index ETF,25.969999313354492,3038700,Currency
2017-03-16,US Dollar Index ETF,25.8799991607666,2869100,Currency
2017-03-17,US Dollar Index ETF,25.889999389648438,1814700,Currency
2017-03-20,US Dollar Index ETF,25.899999618530273,742900,Currency
2017-03-21,US Dollar Index ETF,25.739999771118164,1933800,Currency
2017-03-22,US Dollar Index ETF,25.719999313354492,970200,Currency
2017-03-23,US Dollar Index ETF,25.75,1110700,Currency
2017-03-24,US Dollar Index ETF,25.739999771118164,2017600,Currency
2017-03-27,US Dollar Index ETF,25.600000381469727,1814800,Currency
2017-03-28,US Dollar Index ETF,25.739999771118164,1657600,Currency
2017-03-29,US Dollar Index ETF,25.790000915527344,550700,Currency
2017-03-30,US Dollar Index ETF,25.959999084472656,1195300,Currency
2017-03-31,US Dollar Index ETF,25.950000762939453,880100,Currency
2017-04-03,US Dollar Index ETF,25.950000762939453,645000,Currency
2017-04-04,US Dollar Index ETF,25.979999542236328,813100,Currency
2017-04-05,US Dollar Index ETF,25.969999313354492,4699400,Currency
2017-04-06,US Dollar Index ETF,26.030000686645508,807500,Currency
2017-04-07,US Dollar Index ETF,26.149999618530273,1037600,Currency
2017-04-10,US Dollar Index ETF,26.100000381469727,666800,Currency
2017-04-11,US Dollar Index ETF,26.020000457763672,688200,Currency
2017-04-12,US Dollar Index ETF,25.889999389648438,1544800,Currency
2017-04-13,US Dollar Index ETF,25.979999542236328,820600,Currency
2017-04-17,US Dollar Index ETF,25.90999984741211,880800,Currency
2017-04-18,US Dollar Index ETF,25.690000534057617,1290900,Currency
2017-04-19,US Dollar Index ETF,25.780000686645508,417500,Currency
2017-04-20,US Dollar Index ETF,25.790000915527344,668900,Currency
2017-04-21,US Dollar Index ETF,25.809999465942383,745900,Currency
2017-04-24,US Dollar Index ETF,25.56999969482422,1643100,Currency
2017-04-25,US Dollar Index ETF,25.5,1698300,Currency
2017-04-26,US Dollar Index ETF,25.559999465942383,863600,Currency
2017-04-27,US Dollar Index ETF,25.600000381469727,724600,Currency
2017-04-28,US Dollar Index ETF,25.56999969482422,840200,Currency
2017-05-01,US Dollar Index ETF,25.59000015258789,617700,Currency
2017-05-02,US Dollar Index ETF,25.549999237060547,332500,Currency
2017-05-03,US Dollar Index ETF,25.649999618530273,876700,Currency
2017-05-04,US Dollar Index ETF,25.489999771118164,885400,Currency
2017-05-05,US Dollar Index ETF,25.450000762939453,680100,Currency
2017-05-08,US Dollar Index ETF,25.59000015258789,773200,Currency
2017-05-09,US Dollar Index ETF,25.719999313354492,1847600,Currency
2017-05-10,US Dollar Index ETF,25.729999542236328,549000,Currency
2017-05-11,US Dollar Index ETF,25.739999771118164,349100,Currency
2017-05-12,US Dollar Index ETF,25.610000610351562,690600,Currency
2017-05-15,US Dollar Index ETF,25.540000915527344,739800,Currency
2017-05-16,US Dollar Index ETF,25.350000381469727,1746200,Currency
2017-05-17,US Dollar Index ETF,25.18000030517578,1257800,Currency
2017-05-18,US Dollar Index ETF,25.270000457763672,1206800,Currency
2017-05-19,US Dollar Index ETF,25.09000015258789,1152100,Currency
2017-05-22,US Dollar Index ETF,25.049999237060547,1134000,Currency
2017-05-23,US Dollar Index ETF,25.15999984741211,1008900,Currency
2017-05-24,US Dollar Index ETF,25.079999923706055,1115900,Currency
2017-05-25,US Dollar Index ETF,25.110000610351562,1103100,Currency
2017-05-26,US Dollar Index ETF,25.170000076293945,413400,Currency
2017-05-30,US Dollar Index ETF,25.139999389648438,1113800,Currency
2017-05-31,US Dollar Index ETF,25.079999923706055,959000,Currency
2017-06-01,US Dollar Index ETF,25.110000610351562,917100,Currency
2017-06-02,US Dollar Index ETF,24.989999771118164,1416000,Currency
2017-06-05,US Dollar Index ETF,25.010000228881836,1086100,Currency
2017-06-06,US Dollar Index ETF,24.950000762939453,895700,Currency
2017-06-07,US Dollar Index ETF,24.979999542236328,522500,Currency
2017-06-08,US Dollar Index ETF,25.06999969482422,724300,Currency
2017-06-09,US Dollar Index ETF,25.149999618530273,652100,Currency
2017-06-12,US Dollar Index ETF,25.110000610351562,429800,Currency
2017-06-13,US Dollar Index ETF,25.079999923706055,398000,Currency
2017-06-14,US Dollar Index ETF,25.059999465942383,1676600,Currency
2017-06-15,US Dollar Index ETF,25.209999084472656,1148400,Currency
2017-06-16,US Dollar Index ETF,25.1200008392334,917400,Currency
2017-06-19,US Dollar Index ETF,25.229999542236328,637300,Currency
2017-06-20,US Dollar Index ETF,25.270000457763672,615200,Currency
2017-06-21,US Dollar Index ETF,25.219999313354492,1105800,Currency
2017-06-22,US Dollar Index ETF,25.229999542236328,896800,Currency
2017-06-23,US Dollar Index ETF,25.149999618530273,323100,Currency
2017-06-26,US Dollar Index ETF,25.190000534057617,596600,Currency
2017-06-27,US Dollar Index ETF,24.90999984741211,1282600,Currency
2017-06-28,US Dollar Index ETF,24.829999923706055,944400,Currency
2017-06-29,US Dollar Index ETF,24.709999084472656,1831800,Currency
2017-06-30,US Dollar Index ETF,24.75,1529700,Currency
2017-07-03,US Dollar Index ETF,24.899999618530273,794300,Currency
2017-07-05,US Dollar Index ETF,24.90999984741211,1570200,Currency
2017-07-06,US Dollar Index ETF,24.799999237060547,357800,Currency
2017-07-07,US Dollar Index ETF,24.84000015258789,376400,Currency
2017-07-10,US Dollar Index ETF,24.850000381469727,212900,Currency
2017-07-11,US Dollar Index ETF,24.760000228881836,1556800,Currency
2017-07-12,US Dollar Index ETF,24.760000228881836,900900,Currency
2017-07-13,US Dollar Index ETF,24.770000457763672,411500,Currency
2017-07-14,US Dollar Index ETF,24.6200008392334,768100,Currency
2017-07-17,US Dollar Index ETF,24.6200008392334,508200,Currency
2017-07-18,US Dollar Index ETF,24.489999771118164,970500,Currency
2017-07-19,US Dollar Index ETF,24.549999237060547,785600,Currency
2017-07-20,US Dollar Index ETF,24.399999618530273,1016700,Currency
2017-07-21,US Dollar Index ETF,24.31999969482422,644600,Currency
2017-07-24,US Dollar Index ETF,24.329999923706055,419700,Currency
2017-07-25,US Dollar Index ETF,24.3700008392334,757900,Currency
2017-07-26,US Dollar Index ETF,24.229999542236328,1329500,Currency
2017-07-27,US Dollar Index ETF,24.31999969482422,1390700,Currency
2017-07-28,US Dollar Index ETF,24.170000076293945,859200,Currency
2017-07-31,US Dollar Index ETF,24.06999969482422,1432700,Currency
2017-08-01,US Dollar Index ETF,24.110000610351562,1150800,Currency
2017-08-02,US Dollar Index ETF,24.079999923706055,2221800,Currency
2017-08-03,US Dollar Index ETF,24.020000457763672,2071800,Currency
2017-08-04,US Dollar Index ETF,24.229999542236328,2543100,Currency
2017-08-07,US Dollar Index ETF,24.219999313354492,852700,Currency
2017-08-08,US Dollar Index ETF,24.260000228881836,1390400,Currency
2017-08-09,US Dollar Index ETF,24.239999771118164,1164800,Currency
2017-08-10,US Dollar Index ETF,24.200000762939453,947700,Currency
2017-08-11,US Dollar Index ETF,24.110000610351562,1472100,Currency
2017-08-14,US Dollar Index ETF,24.209999084472656,832100,Currency
2017-08-15,US Dollar Index ETF,24.31999969482422,915100,Currency
2017-08-16,US Dollar Index ETF,24.239999771118164,757500,Currency
2017-08-17,US Dollar Index ETF,24.290000915527344,542600,Currency
2017-08-18,US Dollar Index ETF,24.209999084472656,249100,Currency
2017-08-21,US Dollar Index ETF,24.139999389648438,632900,Currency
2017-08-22,US Dollar Index ETF,24.239999771118164,558000,Currency
2017-08-23,US Dollar Index ETF,24.139999389648438,686900,Currency
2017-08-24,US Dollar Index ETF,24.190000534057617,807600,Currency
2017-08-25,US Dollar Index ETF,23.989999771118164,1768700,Currency
2017-08-28,US Dollar Index ETF,23.920000076293945,1302600,Currency
2017-08-29,US Dollar Index ETF,23.950000762939453,1602900,Currency
2017-08-30,US Dollar Index ETF,24.100000381469727,1435200,Currency
2017-08-31,US Dollar Index ETF,24.030000686645508,1254400,Currency
2017-09-01,US Dollar Index ETF,24.079999923706055,1087700,Currency
2017-09-05,US Dollar Index ETF,23.950000762939453,702800,Currency
2017-09-06,US Dollar Index ETF,23.93000030517578,3111600,Currency
2017-09-07,US Dollar Index ETF,23.760000228881836,2717600,Currency
2017-09-08,US Dollar Index ETF,23.700000762939453,922300,Currency
2017-09-11,US Dollar Index ETF,23.860000610351562,1451100,Currency
2017-09-12,US Dollar Index ETF,23.850000381469727,2010900,Currency
2017-09-13,US Dollar Index ETF,23.989999771118164,1976200,Currency
2017-09-14,US Dollar Index ETF,23.920000076293945,1644000,Currency
2017-09-15,US Dollar Index ETF,23.84000015258789,1469500,Currency
2017-09-18,US Dollar Index ETF,23.899999618530273,611100,Currency
2017-09-19,US Dollar Index ETF,23.829999923706055,582300,Currency
2017-09-20,US Dollar Index ETF,24.020000457763672,2371000,Currency
2017-09-21,US Dollar Index ETF,23.950000762939453,1203900,Currency
2017-09-22,US Dollar Index ETF,23.93000030517578,1051700,Currency
2017-09-25,US Dollar Index ETF,24.06999969482422,1238200,Currency
2017-09-26,US Dollar Index ETF,24.149999618530273,1075800,Currency
2017-09-27,US Dollar Index ETF,24.270000457763672,1619600,Currency
2017-09-28,US Dollar Index ETF,24.200000762939453,816300,Currency
2017-09-29,US Dollar Index ETF,24.18000030517578,642100,Currency
2017-10-02,US Dollar Index ETF,24.31999969482422,1225700,Currency
2017-10-03,US Dollar Index ETF,24.309999465942383,442700,Currency
2017-10-04,US Dollar Index ETF,24.280000686645508,637400,Currency
2017-10-05,US Dollar Index ETF,24.40999984741211,831400,Currency
2017-10-06,US Dollar Index ETF,24.3700008392334,1172000,Currency
2017-10-09,US Dollar Index ETF,24.329999923706055,1368300,Currency
2017-10-10,US Dollar Index ETF,24.200000762939453,2710800,Currency
2017-10-11,US Dollar Index ETF,24.1299991607666,1299800,Currency
2017-10-12,US Dollar Index ETF,24.18000030517578,1161600,Currency
2017-10-13,US Dollar Index ETF,24.18000030517578,824600,Currency
2017-10-16,US Dollar Index ETF,24.239999771118164,733500,Currency
2017-10-17,US Dollar Index ETF,24.299999237060547,1242500,Currency
2017-10-18,US Dollar Index ETF,24.270000457763672,726100,Currency
2017-10-19,US Dollar Index ETF,24.209999084472656,490100,Currency
2017-10-20,US Dollar Index ETF,24.350000381469727,577900,Currency
2017-10-23,US Dollar Index ETF,24.3799991607666,610200,Currency
2017-10-24,US Dollar Index ETF,24.420000076293945,419800,Currency
2017-10-25,US Dollar Index ETF,24.360000610351562,459500,Currency
2017-10-26,US Dollar Index ETF,24.6200008392334,2757500,Currency
2017-10-27,US Dollar Index ETF,24.68000030517578,2014700,Currency
2017-10-30,US Dollar Index ETF,24.559999465942383,707600,Currency
2017-10-31,US Dollar Index ETF,24.579999923706055,683200,Currency
2017-11-01,US Dollar Index ETF,24.6299991607666,1327300,Currency
2017-11-02,US Dollar Index ETF,24.6299991607666,1168200,Currency
2017-11-03,US Dollar Index ETF,24.690000534057617,1159700,Currency
2017-11-06,US Dollar Index ETF,24.6299991607666,753800,Currency
2017-11-07,US Dollar Index ETF,24.670000076293945,830000,Currency
2017-11-08,US Dollar Index ETF,24.65999984741211,1051800,Currency
2017-11-09,US Dollar Index ETF,24.559999465942383,794900,Currency
2017-11-10,US Dollar Index ETF,24.540000915527344,779300,Currency
2017-11-13,US Dollar Index ETF,24.559999465942383,383600,Currency
2017-11-14,US Dollar Index ETF,24.389999389648438,2395500,Currency
2017-11-15,US Dollar Index ETF,24.3799991607666,976000,Currency
2017-11-16,US Dollar Index ETF,24.40999984741211,751700,Currency
2017-11-17,US Dollar Index ETF,24.34000015258789,969800,Currency
2017-11-20,US Dollar Index ETF,24.459999084472656,737700,Currency
2017-11-21,US Dollar Index ETF,24.43000030517578,914100,Currency
2017-11-22,US Dollar Index ETF,24.239999771118164,1565200,Currency
2017-11-24,US Dollar Index ETF,24.1299991607666,751900,Currency
2017-11-27,US Dollar Index ETF,24.15999984741211,1222300,Currency
2017-11-28,US Dollar Index ETF,24.260000228881836,1448100,Currency
2017-11-29,US Dollar Index ETF,24.25,869700,Currency
2017-11-30,US Dollar Index ETF,24.190000534057617,2147600,Currency
2017-12-01,US Dollar Index ETF,24.170000076293945,1941700,Currency
2017-12-04,US Dollar Index ETF,24.25,1310800,Currency
2017-12-05,US Dollar Index ETF,24.290000915527344,593900,Currency
2017-12-06,US Dollar Index ETF,24.350000381469727,327700,Currency
2017-12-07,US Dollar Index ETF,24.399999618530273,431300,Currency
2017-12-08,US Dollar Index ETF,24.440000534057617,370500,Currency
2017-12-11,US Dollar Index ETF,24.440000534057617,562900,Currency
2017-12-12,US Dollar Index ETF,24.479999542236328,503300,Currency
2017-12-13,US Dollar Index ETF,24.309999465942383,2250900,Currency
2017-12-14,US Dollar Index ETF,24.329999923706055,1208600,Currency
2017-12-15,US Dollar Index ETF,24.43000030517578,1388900,Currency
2017-12-18,US Dollar Index ETF,24.3700008392334,1257400,Currency
2017-12-19,US Dollar Index ETF,24.299999237060547,591800,Currency
2017-12-20,US Dollar Index ETF,24.270000457763672,421500,Currency
2017-12-21,US Dollar Index ETF,24.260000228881836,1463000,Currency
2017-12-22,US Dollar Index ETF,24.270000457763672,184700,Currency
2017-12-26,US Dollar Index ETF,24.25,517500,Currency
2017-12-27,US Dollar Index ETF,24.200000762939453,678700,Currency
2017-12-28,US Dollar Index ETF,24.1299991607666,426100,Currency
2017-12-29,US Dollar Index ETF,24.030000686645508,1459200,Currency
2018-01-02,US Dollar Index ETF,23.93000030517578,546200,Currency
2018-01-03,US Dollar Index ETF,24.020000457763672,679900,Currency
2018-01-04,US Dollar Index ETF,23.940000534057617,650500,Currency
2018-01-05,US Dollar Index ETF,23.959999084472656,370100,Currency
2018-01-08,US Dollar Index ETF,24.06999969482422,969800,Currency
2018-01-09,US Dollar Index ETF,24.1200008392334,1158400,Currency
2018-01-10,US Dollar Index ETF,24.059999465942383,485100,Currency
2018-01-11,US Dollar Index ETF,23.959999084472656,586800,Currency
2018-01-12,US Dollar Index ETF,23.709999084472656,1098700,Currency
2018-01-16,US Dollar Index ETF,23.579999923706055,2527000,Currency
2018-01-17,US Dollar Index ETF,23.639999389648438,1057700,Currency
2018-01-18,US Dollar Index ETF,23.610000610351562,425700,Currency
2018-01-19,US Dollar Index ETF,23.649999618530273,748900,Currency
2018-01-22,US Dollar Index ETF,23.56999969482422,1338400,Currency
2018-01-23,US Dollar Index ETF,23.510000228881836,735500,Currency
2018-01-24,US Dollar Index ETF,23.280000686645508,2078500,Currency
2018-01-25,US Dollar Index ETF,23.309999465942383,4503100,Currency
2018-01-26,US Dollar Index ETF,23.260000228881836,1603500,Currency
2018-01-29,US Dollar Index ETF,23.31999969482422,1411200,Currency
2018-01-30,US Dollar Index ETF,23.280000686645508,1466600,Currency
2018-01-31,US Dollar Index ETF,23.25,1401800,Currency
2018-02-01,US Dollar Index ETF,23.1299991607666,1743300,Currency
2018-02-02,US Dollar Index ETF,23.270000457763672,3709800,Currency
2018-02-05,US Dollar Index ETF,23.3700008392334,3408900,Currency
2018-02-06,US Dollar Index ETF,23.420000076293945,2694900,Currency
2018-02-07,US Dollar Index ETF,23.600000381469727,2405400,Currency
2018-02-08,US Dollar Index ETF,23.600000381469727,1663600,Currency
2018-02-09,US Dollar Index ETF,23.6200008392334,1841300,Currency
2018-02-12,US Dollar Index ETF,23.540000915527344,1097600,Currency
2018-02-13,US Dollar Index ETF,23.40999984741211,1308500,Currency
2018-02-14,US Dollar Index ETF,23.229999542236328,1639500,Currency
2018-02-15,US Dollar Index ETF,23.1299991607666,1538000,Currency
2018-02-16,US Dollar Index ETF,23.290000915527344,812600,Currency
2018-02-20,US Dollar Index ETF,23.440000534057617,1366800,Currency
2018-02-21,US Dollar Index ETF,23.530000686645508,1138000,Currency
2018-02-22,US Dollar Index ETF,23.450000762939453,2011900,Currency
2018-02-23,US Dollar Index ETF,23.5,523300,Currency
2018-02-26,US Dollar Index ETF,23.469999313354492,1095400,Currency
2018-02-27,US Dollar Index ETF,23.6200008392334,1527100,Currency
2018-02-28,US Dollar Index ETF,23.690000534057617,1119700,Currency
2018-03-01,US Dollar Index ETF,23.610000610351562,1405800,Currency
2018-03-02,US Dollar Index ETF,23.510000228881836,602700,Currency
2018-03-05,US Dollar Index ETF,23.510000228881836,1274300,Currency
2018-03-06,US Dollar Index ETF,23.450000762939453,1492700,Currency
2018-03-07,US Dollar Index ETF,23.43000030517578,443000,Currency
2018-03-08,US Dollar Index ETF,23.579999923706055,520100,Currency
2018-03-09,US Dollar Index ETF,23.549999237060547,641000,Currency
2018-03-12,US Dollar Index ETF,23.520000457763672,1024800,Currency
2018-03-13,US Dollar Index ETF,23.459999084472656,609600,Currency
2018-03-14,US Dollar Index ETF,23.469999313354492,1280200,Currency
2018-03-15,US Dollar Index ETF,23.559999465942383,564300,Currency
2018-03-16,US Dollar Index ETF,23.6200008392334,782500,Currency
2018-03-19,US Dollar Index ETF,23.520000457763672,403400,Currency
2018-03-20,US Dollar Index ETF,23.65999984741211,841100,Currency
2018-03-21,US Dollar Index ETF,23.469999313354492,1043800,Currency
2018-03-22,US Dollar Index ETF,23.5,723600,Currency
2018-03-23,US Dollar Index ETF,23.420000076293945,798700,Currency
2018-03-26,US Dollar Index ETF,23.309999465942383,1186400,Currency
2018-03-27,US Dollar Index ETF,23.420000076293945,533400,Currency
2018-03-28,US Dollar Index ETF,23.6299991607666,696500,Currency
2018-03-29,US Dollar Index ETF,23.610000610351562,942600,Currency
2018-04-02,US Dollar Index ETF,23.600000381469727,301100,Currency
2018-04-03,US Dollar Index ETF,23.639999389648438,541300,Currency
2018-04-04,US Dollar Index ETF,23.6299991607666,634500,Currency
2018-04-05,US Dollar Index ETF,23.719999313354492,720400,Currency
2018-04-06,US Dollar Index ETF,23.6299991607666,1083700,Currency
2018-04-09,US Dollar Index ETF,23.56999969482422,2411100,Currency
2018-04-10,US Dollar Index ETF,23.510000228881836,876800,Currency
2018-04-11,US Dollar Index ETF,23.489999771118164,696500,Currency
2018-04-12,US Dollar Index ETF,23.540000915527344,1713300,Currency
2018-04-13,US Dollar Index ETF,23.540000915527344,1506500,Currency
2018-04-16,US Dollar Index ETF,23.459999084472656,512100,Currency
2018-04-17,US Dollar Index ETF,23.459999084472656,574000,Currency
2018-04-18,US Dollar Index ETF,23.510000228881836,388000,Currency
2018-04-19,US Dollar Index ETF,23.579999923706055,298900,Currency
2018-04-20,US Dollar Index ETF,23.719999313354492,1691000,Currency
2018-04-23,US Dollar Index ETF,23.8700008392334,1482900,Currency
2018-04-24,US Dollar Index ETF,23.84000015258789,1062600,Currency
2018-04-25,US Dollar Index ETF,23.940000534057617,816400,Currency
2018-04-26,US Dollar Index ETF,24.049999237060547,958500,Currency
2018-04-27,US Dollar Index ETF,24.030000686645508,826800,Currency
2018-04-30,US Dollar Index ETF,24.1299991607666,782700,Currency
2018-05-01,US Dollar Index ETF,24.290000915527344,2809700,Currency
2018-05-02,US Dollar Index ETF,24.399999618530273,1757300,Currency
2018-05-03,US Dollar Index ETF,24.299999237060547,883200,Currency
2018-05-04,US Dollar Index ETF,24.329999923706055,925100,Currency
2018-05-07,US Dollar Index ETF,24.3799991607666,997100,Currency
2018-05-08,US Dollar Index ETF,24.469999313354492,767000,Currency
2018-05-09,US Dollar Index ETF,24.469999313354492,583000,Currency
2018-05-10,US Dollar Index ETF,24.360000610351562,673200,Currency
2018-05-11,US Dollar Index ETF,24.31999969482422,369600,Currency
2018-05-14,US Dollar Index ETF,24.350000381469727,946400,Currency
2018-05-15,US Dollar Index ETF,24.5,1044400,Currency
2018-05-16,US Dollar Index ETF,24.559999465942383,2209100,Currency
2018-05-17,US Dollar Index ETF,24.59000015258789,796700,Currency
2018-05-18,US Dollar Index ETF,24.639999389648438,484000,Currency
2018-05-21,US Dollar Index ETF,24.6200008392334,971300,Currency
2018-05-22,US Dollar Index ETF,24.610000610351562,740900,Currency
2018-05-23,US Dollar Index ETF,24.709999084472656,2260800,Currency
2018-05-24,US Dollar Index ETF,24.68000030517578,471600,Currency
2018-05-25,US Dollar Index ETF,24.799999237060547,604700,Currency
2018-05-29,US Dollar Index ETF,24.969999313354492,1098400,Currency
2018-05-30,US Dollar Index ETF,24.780000686645508,2345800,Currency
2018-05-31,US Dollar Index ETF,24.760000228881836,3064000,Currency
2018-06-01,US Dollar Index ETF,24.799999237060547,1583400,Currency
2018-06-04,US Dollar Index ETF,24.780000686645508,2888900,Currency
2018-06-05,US Dollar Index ETF,24.75,1837200,Currency
2018-06-06,US Dollar Index ETF,24.68000030517578,1524800,Currency
2018-06-07,US Dollar Index ETF,24.6299991607666,1027100,Currency
2018-06-08,US Dollar Index ETF,24.639999389648438,586500,Currency
2018-06-11,US Dollar Index ETF,24.65999984741211,948400,Currency
2018-06-12,US Dollar Index ETF,24.709999084472656,1051300,Currency
2018-06-13,US Dollar Index ETF,24.670000076293945,1800800,Currency
2018-06-14,US Dollar Index ETF,24.989999771118164,3826300,Currency
2018-06-15,US Dollar Index ETF,24.969999313354492,1226700,Currency
2018-06-18,US Dollar Index ETF,24.969999313354492,1152700,Currency
2018-06-19,US Dollar Index ETF,25.040000915527344,849600,Currency
2018-06-20,US Dollar Index ETF,25.059999465942383,1258100,Currency
2018-06-21,US Dollar Index ETF,24.989999771118164,3080000,Currency
2018-06-22,US Dollar Index ETF,24.899999618530273,1596700,Currency
2018-06-25,US Dollar Index ETF,24.860000610351562,941900,Currency
2018-06-26,US Dollar Index ETF,24.989999771118164,1220600,Currency
2018-06-27,US Dollar Index ETF,25.139999389648438,1612500,Currency
2018-06-28,US Dollar Index ETF,25.139999389648438,798900,Currency
2018-06-29,US Dollar Index ETF,24.940000534057617,1134200,Currency
2018-07-02,US Dollar Index ETF,25.059999465942383,788600,Currency
2018-07-03,US Dollar Index ETF,24.979999542236328,492100,Currency
2018-07-05,US Dollar Index ETF,24.899999618530273,860800,Currency
2018-07-06,US Dollar Index ETF,24.81999969482422,727600,Currency
2018-07-09,US Dollar Index ETF,24.829999923706055,791800,Currency
2018-07-10,US Dollar Index ETF,24.84000015258789,873200,Currency
2018-07-11,US Dollar Index ETF,25.010000228881836,795600,Currency
2018-07-12,US Dollar Index ETF,25.030000686645508,1109800,Currency
2018-07-13,US Dollar Index ETF,25.0,543700,Currency
2018-07-16,US Dollar Index ETF,24.959999084472656,458500,Currency
2018-07-17,US Dollar Index ETF,25.06999969482422,1234200,Currency
2018-07-18,US Dollar Index ETF,25.100000381469727,507500,Currency
2018-07-19,US Dollar Index ETF,25.149999618530273,1390200,Currency
2018-07-20,US Dollar Index ETF,24.950000762939453,1048500,Currency
2018-07-23,US Dollar Index ETF,24.989999771118164,1576300,Currency
2018-07-24,US Dollar Index ETF,25.0,353900,Currency
2018-07-25,US Dollar Index ETF,24.8799991607666,397200,Currency
2018-07-26,US Dollar Index ETF,25.049999237060547,1280000,Currency
2018-07-27,US Dollar Index ETF,25.020000457763672,439700,Currency
2018-07-30,US Dollar Index ETF,24.93000030517578,591300,Currency
2018-07-31,US Dollar Index ETF,24.979999542236328,576200,Currency
2018-08-01,US Dollar Index ETF,25.010000228881836,445800,Currency
2018-08-02,US Dollar Index ETF,25.149999618530273,906700,Currency
2018-08-03,US Dollar Index ETF,25.170000076293945,730700,Currency
2018-08-06,US Dollar Index ETF,25.209999084472656,647900,Currency
2018-08-07,US Dollar Index ETF,25.18000030517578,304900,Currency
2018-08-08,US Dollar Index ETF,25.149999618530273,288500,Currency
2018-08-09,US Dollar Index ETF,25.299999237060547,474400,Currency
2018-08-10,US Dollar Index ETF,25.479999542236328,718400,Currency
2018-08-13,US Dollar Index ETF,25.489999771118164,700800,Currency
2018-08-14,US Dollar Index ETF,25.59000015258789,1770600,Currency
2018-08-15,US Dollar Index ETF,25.59000015258789,877900,Currency
2018-08-16,US Dollar Index ETF,25.56999969482422,640800,Currency
2018-08-17,US Dollar Index ETF,25.440000534057617,1019300,Currency
2018-08-20,US Dollar Index ETF,25.3799991607666,606200,Currency
2018-08-21,US Dollar Index ETF,25.229999542236328,1564500,Currency
2018-08-22,US Dollar Index ETF,25.15999984741211,983300,Currency
2018-08-23,US Dollar Index ETF,25.31999969482422,1141900,Currency
2018-08-24,US Dollar Index ETF,25.200000762939453,767500,Currency
2018-08-27,US Dollar Index ETF,25.100000381469727,1301900,Currency
2018-08-28,US Dollar Index ETF,25.100000381469727,993500,Currency
2018-08-29,US Dollar Index ETF,25.059999465942383,597200,Currency
2018-08-30,US Dollar Index ETF,25.079999923706055,610000,Currency
2018-08-31,US Dollar Index ETF,25.190000534057617,988600,Currency
2018-09-04,US Dollar Index ETF,25.299999237060547,2664700,Currency
2018-09-05,US Dollar Index ETF,25.209999084472656,476900,Currency
2018-09-06,US Dollar Index ETF,25.209999084472656,873700,Currency
2018-09-07,US Dollar Index ETF,25.280000686645508,741000,Currency
2018-09-10,US Dollar Index ETF,25.229999542236328,955000,Currency
2018-09-11,US Dollar Index ETF,25.25,621900,Currency
2018-09-12,US Dollar Index ETF,25.15999984741211,850100,Currency
2018-09-13,US Dollar Index ETF,25.09000015258789,518500,Currency
2018-09-14,US Dollar Index ETF,25.18000030517578,1536400,Currency
2018-09-17,US Dollar Index ETF,25.059999465942383,338400,Currency
2018-09-18,US Dollar Index ETF,25.100000381469727,393500,Currency
2018-09-19,US Dollar Index ETF,25.09000015258789,267900,Currency
2018-09-20,US Dollar Index ETF,24.90999984741211,1248000,Currency
2018-09-21,US Dollar Index ETF,24.989999771118164,742700,Currency
2018-09-24,US Dollar Index ETF,24.989999771118164,2013500,Currency
2018-09-25,US Dollar Index ETF,25.010000228881836,695100,Currency
2018-09-26,US Dollar Index ETF,25.020000457763672,629000,Currency
2018-09-27,US Dollar Index ETF,25.200000762939453,2658200,Currency
2018-09-28,US Dollar Index ETF,25.260000228881836,1125200,Currency
2018-10-01,US Dollar Index ETF,25.299999237060547,1595100,Currency
2018-10-02,US Dollar Index ETF,25.34000015258789,1471500,Currency
2018-10-03,US Dollar Index ETF,25.420000076293945,1033800,Currency
2018-10-04,US Dollar Index ETF,25.43000030517578,1018000,Currency
2018-10-05,US Dollar Index ETF,25.399999618530273,1279500,Currency
2018-10-08,US Dollar Index ETF,25.43000030517578,761000,Currency
2018-10-09,US Dollar Index ETF,25.420000076293945,898600,Currency
2018-10-10,US Dollar Index ETF,25.389999389648438,1051600,Currency
2018-10-11,US Dollar Index ETF,25.25,446700,Currency
2018-10-12,US Dollar Index ETF,25.329999923706055,1070400,Currency
2018-10-15,US Dollar Index ETF,25.270000457763672,422600,Currency
2018-10-16,US Dollar Index ETF,25.280000686645508,244900,Currency
2018-10-17,US Dollar Index ETF,25.40999984741211,641500,Currency
2018-10-18,US Dollar Index ETF,25.520000457763672,541900,Currency
2018-10-19,US Dollar Index ETF,25.469999313354492,667200,Currency
2018-10-22,US Dollar Index ETF,25.559999465942383,1247000,Currency
2018-10-23,US Dollar Index ETF,25.520000457763672,711300,Currency
2018-10-24,US Dollar Index ETF,25.649999618530273,1189200,Currency
2018-10-25,US Dollar Index ETF,25.719999313354492,1760100,Currency
2018-10-26,US Dollar Index ETF,25.649999618530273,585100,Currency
2018-10-29,US Dollar Index ETF,25.719999313354492,400700,Currency
2018-10-30,US Dollar Index ETF,25.829999923706055,571700,Currency
2018-10-31,US Dollar Index ETF,25.81999969482422,814100,Currency
2018-11-01,US Dollar Index ETF,25.649999618530273,781400,Currency
2018-11-02,US Dollar Index ETF,25.709999084472656,802900,Currency
2018-11-05,US Dollar Index ETF,25.700000762939453,752800,Currency
2018-11-06,US Dollar Index ETF,25.639999389648438,422200,Currency
2018-11-07,US Dollar Index ETF,25.59000015258789,892800,Currency
2018-11-08,US Dollar Index ETF,25.739999771118164,960500,Currency
2018-11-09,US Dollar Index ETF,25.790000915527344,756900,Currency
2018-11-12,US Dollar Index ETF,26.020000457763672,617600,Currency
2018-11-13,US Dollar Index ETF,25.93000030517578,1204600,Currency
2018-11-14,US Dollar Index ETF,25.84000015258789,714100,Currency
2018-11-15,US Dollar Index ETF,25.899999618530273,475800,Currency
2018-11-16,US Dollar Index ETF,25.709999084472656,991400,Currency
2018-11-19,US Dollar Index ETF,25.690000534057617,496700,Currency
2018-11-20,US Dollar Index ETF,25.81999969482422,374800,Currency
2018-11-21,US Dollar Index ETF,25.81999969482422,514600,Currency
2018-11-23,US Dollar Index ETF,25.8700008392334,147200,Currency
2018-11-26,US Dollar Index ETF,25.920000076293945,244700,Currency
2018-11-27,US Dollar Index ETF,25.989999771118164,1076000,Currency
2018-11-28,US Dollar Index ETF,25.860000610351562,1654300,Currency
2018-11-29,US Dollar Index ETF,25.81999969482422,535900,Currency
2018-11-30,US Dollar Index ETF,25.920000076293945,325700,Currency
2018-12-03,US Dollar Index ETF,25.93000030517578,478600,Currency
2018-12-04,US Dollar Index ETF,25.8799991607666,879100,Currency
2018-12-06,US Dollar Index ETF,25.8700008392334,492100,Currency
2018-12-07,US Dollar Index ETF,25.799999237060547,1236600,Currency
2018-12-10,US Dollar Index ETF,25.969999313354492,1093100,Currency
2018-12-11,US Dollar Index ETF,26.040000915527344,554600,Currency
2018-12-12,US Dollar Index ETF,25.940000534057617,874300,Currency
2018-12-13,US Dollar Index ETF,25.940000534057617,832900,Currency
2018-12-14,US Dollar Index ETF,26.040000915527344,446600,Currency
2018-12-17,US Dollar Index ETF,25.969999313354492,437300,Currency
2018-12-18,US Dollar Index ETF,25.959999084472656,903600,Currency
2018-12-19,US Dollar Index ETF,25.969999313354492,850000,Currency
2018-12-20,US Dollar Index ETF,25.770000457763672,1127500,Currency
2018-12-21,US Dollar Index ETF,25.940000534057617,1157000,Currency
2018-12-24,US Dollar Index ETF,25.549999237060547,907100,Currency
2018-12-26,US Dollar Index ETF,25.68000030517578,723700,Currency
2018-12-27,US Dollar Index ETF,25.56999969482422,571600,Currency
2018-12-28,US Dollar Index ETF,25.5,892100,Currency
2018-12-31,US Dollar Index ETF,25.450000762939453,625300,Currency
2019-01-02,US Dollar Index ETF,25.639999389648438,1241600,Currency
2019-01-03,US Dollar Index ETF,25.5,486200,Currency
2019-01-04,US Dollar Index ETF,25.459999084472656,1367300,Currency
2019-01-07,US Dollar Index ETF,25.350000381469727,947600,Currency
2019-01-08,US Dollar Index ETF,25.43000030517578,1929000,Currency
2019-01-09,US Dollar Index ETF,25.190000534057617,1293800,Currency
2019-01-10,US Dollar Index ETF,25.34000015258789,691400,Currency
2019-01-11,US Dollar Index ETF,25.360000610351562,624700,Currency
2019-01-14,US Dollar Index ETF,25.360000610351562,597000,Currency
2019-01-15,US Dollar Index ETF,25.450000762939453,1286500,Currency
2019-01-16,US Dollar Index ETF,25.479999542236328,268900,Currency
2019-01-17,US Dollar Index ETF,25.479999542236328,330400,Currency
2019-01-18,US Dollar Index ETF,25.559999465942383,1957700,Currency
2019-01-22,US Dollar Index ETF,25.559999465942383,794700,Currency
2019-01-23,US Dollar Index ETF,25.5,1153800,Currency
2019-01-24,US Dollar Index ETF,25.649999618530273,267400,Currency
2019-01-25,US Dollar Index ETF,25.440000534057617,619100,Currency
2019-01-28,US Dollar Index ETF,25.459999084472656,932700,Currency
2019-01-29,US Dollar Index ETF,25.469999313354492,591200,Currency
2019-01-30,US Dollar Index ETF,25.34000015258789,1213100,Currency
2019-01-31,US Dollar Index ETF,25.389999389648438,1455000,Currency
2019-02-01,US Dollar Index ETF,25.389999389648438,1043600,Currency
2019-02-04,US Dollar Index ETF,25.459999084472656,806700,Currency
2019-02-05,US Dollar Index ETF,25.530000686645508,633000,Currency
2019-02-06,US Dollar Index ETF,25.6299991607666,575200,Currency
2019-02-07,US Dollar Index ETF,25.690000534057617,396900,Currency
2019-02-08,US Dollar Index ETF,25.719999313354492,263800,Currency
2019-02-11,US Dollar Index ETF,25.81999969482422,829300,Currency
2019-02-12,US Dollar Index ETF,25.729999542236328,437000,Currency
2019-02-13,US Dollar Index ETF,25.8700008392334,374100,Currency
2019-02-14,US Dollar Index ETF,25.84000015258789,522600,Currency
2019-02-15,US Dollar Index ETF,25.790000915527344,480000,Currency
2019-02-19,US Dollar Index ETF,25.690000534057617,1069200,Currency
2019-02-20,US Dollar Index ETF,25.709999084472656,352200,Currency
2019-02-21,US Dollar Index ETF,25.729999542236328,209100,Currency
2019-02-22,US Dollar Index ETF,25.719999313354492,165800,Currency
2019-02-25,US Dollar Index ETF,25.700000762939453,372100,Currency
2019-02-26,US Dollar Index ETF,25.600000381469727,391400,Currency
2019-02-27,US Dollar Index ETF,25.6200008392334,389100,Currency
2019-02-28,US Dollar Index ETF,25.639999389648438,340500,Currency
2019-03-01,US Dollar Index ETF,25.739999771118164,886700,Currency
2019-03-04,US Dollar Index ETF,25.770000457763672,254100,Currency
2019-03-05,US Dollar Index ETF,25.84000015258789,426200,Currency
2019-03-06,US Dollar Index ETF,25.84000015258789,782600,Currency
2019-03-07,US Dollar Index ETF,26.06999969482422,689700,Currency
2019-03-08,US Dollar Index ETF,25.989999771118164,512400,Currency
2019-03-11,US Dollar Index ETF,25.93000030517578,605700,Currency
2019-03-12,US Dollar Index ETF,25.8799991607666,593800,Currency
2019-03-13,US Dollar Index ETF,25.760000228881836,519800,Currency
2019-03-14,US Dollar Index ETF,25.84000015258789,266500,Currency
2019-03-15,US Dollar Index ETF,25.799999237060547,349800,Currency
2019-03-18,US Dollar Index ETF,25.770000457763672,381500,Currency
2019-03-19,US Dollar Index ETF,25.739999771118164,269400,Currency
2019-03-20,US Dollar Index ETF,25.59000015258789,1034500,Currency
2019-03-21,US Dollar Index ETF,25.75,575800,Currency
2019-03-22,US Dollar Index ETF,25.799999237060547,690100,Currency
2019-03-25,US Dollar Index ETF,25.799999237060547,416100,Currency
2019-03-26,US Dollar Index ETF,25.8799991607666,254000,Currency
2019-03-27,US Dollar Index ETF,25.90999984741211,225300,Currency
2019-03-28,US Dollar Index ETF,26.0,315000,Currency
2019-03-29,US Dollar Index ETF,26.030000686645508,582400,Currency
2019-04-01,US Dollar Index ETF,26.010000228881836,877300,Currency
2019-04-02,US Dollar Index ETF,26.040000915527344,325500,Currency
2019-04-03,US Dollar Index ETF,26.0,2471200,Currency
2019-04-04,US Dollar Index ETF,26.030000686645508,294000,Currency
2019-04-05,US Dollar Index ETF,26.059999465942383,222400,Currency
2019-04-08,US Dollar Index ETF,25.969999313354492,329800,Currency
2019-04-09,US Dollar Index ETF,25.979999542236328,958800,Currency
2019-04-10,US Dollar Index ETF,25.940000534057617,1064300,Currency
2019-04-11,US Dollar Index ETF,26.020000457763672,287100,Currency
2019-04-12,US Dollar Index ETF,25.959999084472656,336400,Currency
2019-04-15,US Dollar Index ETF,25.950000762939453,197500,Currency
2019-04-16,US Dollar Index ETF,26.010000228881836,267200,Currency
2019-04-17,US Dollar Index ETF,25.989999771118164,162200,Currency
2019-04-18,US Dollar Index ETF,26.1299991607666,491700,Currency
2019-04-22,US Dollar Index ETF,26.06999969482422,230300,Currency
2019-04-23,US Dollar Index ETF,26.15999984741211,734000,Currency
2019-04-24,US Dollar Index ETF,26.290000915527344,565400,Currency
2019-04-25,US Dollar Index ETF,26.34000015258789,709900,Currency
2019-04-26,US Dollar Index ETF,26.309999465942383,268300,Currency
2019-04-29,US Dollar Index ETF,26.25,293500,Currency
2019-04-30,US Dollar Index ETF,26.170000076293945,1107300,Currency
2019-05-01,US Dollar Index ETF,26.200000762939453,732900,Currency
2019-05-02,US Dollar Index ETF,26.260000228881836,240100,Currency
2019-05-03,US Dollar Index ETF,26.15999984741211,1292700,Currency
2019-05-06,US Dollar Index ETF,26.18000030517578,453100,Currency
2019-05-07,US Dollar Index ETF,26.200000762939453,451300,Currency
2019-05-08,US Dollar Index ETF,26.209999084472656,254100,Currency
2019-05-09,US Dollar Index ETF,26.15999984741211,205000,Currency
2019-05-10,US Dollar Index ETF,26.149999618530273,273200,Currency
2019-05-13,US Dollar Index ETF,26.149999618530273,395400,Currency
2019-05-14,US Dollar Index ETF,26.209999084472656,200100,Currency
2019-05-15,US Dollar Index ETF,26.219999313354492,414700,Currency
2019-05-16,US Dollar Index ETF,26.290000915527344,169400,Currency
2019-05-17,US Dollar Index ETF,26.350000381469727,399700,Currency
2019-05-20,US Dollar Index ETF,26.329999923706055,400400,Currency
2019-05-21,US Dollar Index ETF,26.3700008392334,758700,Currency
2019-05-22,US Dollar Index ETF,26.389999389648438,311500,Currency
2019-05-23,US Dollar Index ETF,26.34000015258789,538400,Currency
2019-05-24,US Dollar Index ETF,26.25,228000,Currency
2019-05-28,US Dollar Index ETF,26.360000610351562,455000,Currency
2019-05-29,US Dollar Index ETF,26.420000076293945,355200,Currency
2019-05-30,US Dollar Index ETF,26.43000030517578,228300,Currency
2019-05-31,US Dollar Index ETF,26.31999969482422,569600,Currency
2019-06-03,US Dollar Index ETF,26.18000030517578,2164100,Currency
2019-06-04,US Dollar Index ETF,26.149999618530273,880800,Currency
2019-06-05,US Dollar Index ETF,26.239999771118164,1373700,Currency
2019-06-06,US Dollar Index ETF,26.149999618530273,567000,Currency
2019-06-07,US Dollar Index ETF,26.040000915527344,685100,Currency
2019-06-10,US Dollar Index ETF,26.06999969482422,497700,Currency
2019-06-11,US Dollar Index ETF,26.079999923706055,160500,Currency
2019-06-12,US Dollar Index ETF,26.149999618530273,407200,Currency
2019-06-13,US Dollar Index ETF,26.170000076293945,288800,Currency
2019-06-14,US Dollar Index ETF,26.309999465942383,541100,Currency
2019-06-17,US Dollar Index ETF,26.31999969482422,226000,Currency
2019-06-18,US Dollar Index ETF,26.360000610351562,782400,Currency
2019-06-19,US Dollar Index ETF,26.239999771118164,853600,Currency
2019-06-20,US Dollar Index ETF,26.079999923706055,652300,Currency
2019-06-21,US Dollar Index ETF,25.950000762939453,1123300,Currency
2019-06-24,US Dollar Index ETF,25.90999984741211,3073800,Currency
2019-06-25,US Dollar Index ETF,25.969999313354492,1605700,Currency
2019-06-26,US Dollar Index ETF,25.989999771118164,224300,Currency
2019-06-27,US Dollar Index ETF,25.989999771118164,753200,Currency
2019-06-28,US Dollar Index ETF,25.969999313354492,285900,Currency
2019-07-01,US Dollar Index ETF,26.15999984741211,1022300,Currency
2019-07-02,US Dollar Index ETF,26.139999389648438,383900,Currency
2019-07-03,US Dollar Index ETF,26.139999389648438,677800,Currency
2019-07-05,US Dollar Index ETF,26.280000686645508,389700,Currency
2019-07-08,US Dollar Index ETF,26.329999923706055,316900,Currency
2019-07-09,US Dollar Index ETF,26.350000381469727,370400,Currency
2019-07-10,US Dollar Index ETF,26.239999771118164,540500,Currency
2019-07-11,US Dollar Index ETF,26.239999771118164,158900,Currency
2019-07-12,US Dollar Index ETF,26.190000534057617,208900,Currency
2019-07-15,US Dollar Index ETF,26.229999542236328,217900,Currency
2019-07-16,US Dollar Index ETF,26.350000381469727,485600,Currency
2019-07-17,US Dollar Index ETF,26.299999237060547,260000,Currency
2019-07-18,US Dollar Index ETF,26.15999984741211,350600,Currency
2019-07-19,US Dollar Index ETF,26.290000915527344,332100,Currency
2019-07-22,US Dollar Index ETF,26.34000015258789,286100,Currency
2019-07-23,US Dollar Index ETF,26.459999084472656,309900,Currency
2019-07-24,US Dollar Index ETF,26.459999084472656,292300,Currency
2019-07-25,US Dollar Index ETF,26.510000228881836,1315600,Currency
2019-07-26,US Dollar Index ETF,26.549999237060547,438500,Currency
2019-07-29,US Dollar Index ETF,26.56999969482422,803900,Currency
2019-07-30,US Dollar Index ETF,26.56999969482422,274300,Currency
2019-07-31,US Dollar Index ETF,26.729999542236328,810400,Currency
2019-08-01,US Dollar Index ETF,26.649999618530273,1117900,Currency
2019-08-02,US Dollar Index ETF,26.59000015258789,370700,Currency
2019-08-05,US Dollar Index ETF,26.459999084472656,1188500,Currency
2019-08-06,US Dollar Index ETF,26.489999771118164,369900,Currency
2019-08-07,US Dollar Index ETF,26.469999313354492,1999900,Currency
2019-08-08,US Dollar Index ETF,26.489999771118164,2407900,Currency
2019-08-09,US Dollar Index ETF,26.459999084472656,523600,Currency
2019-08-12,US Dollar Index ETF,26.440000534057617,650200,Currency
2019-08-13,US Dollar Index ETF,26.559999465942383,483800,Currency
2019-08-14,US Dollar Index ETF,26.6200008392334,813600,Currency
2019-08-15,US Dollar Index ETF,26.639999389648438,2435300,Currency
2019-08-16,US Dollar Index ETF,26.65999984741211,730300,Currency
2019-08-19,US Dollar Index ETF,26.719999313354492,517900,Currency
2019-08-20,US Dollar Index ETF,26.65999984741211,516700,Currency
2019-08-21,US Dollar Index ETF,26.690000534057617,1076900,Currency
2019-08-22,US Dollar Index ETF,26.670000076293945,299600,Currency
2019-08-23,US Dollar Index ETF,26.520000457763672,2520300,Currency
2019-08-26,US Dollar Index ETF,26.65999984741211,487700,Currency
2019-08-27,US Dollar Index ETF,26.639999389648438,284900,Currency
2019-08-28,US Dollar Index ETF,26.700000762939453,808700,Currency
2019-08-29,US Dollar Index ETF,26.770000457763672,1463500,Currency
2019-08-30,US Dollar Index ETF,26.8700008392334,623500,Currency
2019-09-03,US Dollar Index ETF,26.93000030517578,1803600,Currency
2019-09-04,US Dollar Index ETF,26.760000228881836,1136600,Currency
2019-09-05,US Dollar Index ETF,26.770000457763672,799900,Currency
2019-09-06,US Dollar Index ETF,26.780000686645508,813300,Currency
2019-09-09,US Dollar Index ETF,26.729999542236328,936100,Currency
2019-09-10,US Dollar Index ETF,26.760000228881836,286900,Currency
2019-09-11,US Dollar Index ETF,26.84000015258789,449500,Currency
2019-09-12,US Dollar Index ETF,26.760000228881836,450400,Currency
2019-09-13,US Dollar Index ETF,26.719999313354492,2010800,Currency
2019-09-16,US Dollar Index ETF,26.84000015258789,433100,Currency
2019-09-17,US Dollar Index ETF,26.719999313354492,395400,Currency
2019-09-18,US Dollar Index ETF,26.81999969482422,895600,Currency
2019-09-19,US Dollar Index ETF,26.760000228881836,517200,Currency
2019-09-20,US Dollar Index ETF,26.829999923706055,303200,Currency
2019-09-23,US Dollar Index ETF,26.8700008392334,355300,Currency
2019-09-24,US Dollar Index ETF,26.770000457763672,513600,Currency
2019-09-25,US Dollar Index ETF,26.979999542236328,894900,Currency
2019-09-26,US Dollar Index ETF,27.049999237060547,821500,Currency
2019-09-27,US Dollar Index ETF,27.010000228881836,394300,Currency
2019-09-30,US Dollar Index ETF,27.100000381469727,427500,Currency
2019-10-01,US Dollar Index ETF,27.010000228881836,972700,Currency
2019-10-02,US Dollar Index ETF,26.989999771118164,713300,Currency
2019-10-03,US Dollar Index ETF,26.979999542236328,896300,Currency
2019-10-04,US Dollar Index ETF,26.959999084472656,2127300,Currency
2019-10-07,US Dollar Index ETF,27.010000228881836,452900,Currency
2019-10-08,US Dollar Index ETF,27.049999237060547,1320500,Currency
2019-10-09,US Dollar Index ETF,27.030000686645508,346000,Currency
2019-10-10,US Dollar Index ETF,26.920000076293945,467300,Currency
2019-10-11,US Dollar Index ETF,26.81999969482422,558800,Currency
2019-10-14,US Dollar Index ETF,26.899999618530273,336600,Currency
2019-10-15,US Dollar Index ETF,26.81999969482422,413600,Currency
2019-10-16,US Dollar Index ETF,26.75,614600,Currency
2019-10-17,US Dollar Index ETF,26.649999618530273,545400,Currency
2019-10-18,US Dollar Index ETF,26.549999237060547,397300,Currency
2019-10-21,US Dollar Index ETF,26.56999969482422,391100,Currency
2019-10-22,US Dollar Index ETF,26.6299991607666,2139300,Currency
2019-10-23,US Dollar Index ETF,26.6200008392334,408100,Currency
2019-10-24,US Dollar Index ETF,26.700000762939453,624900,Currency
2019-10-25,US Dollar Index ETF,26.729999542236328,368600,Currency
2019-10-28,US Dollar Index ETF,26.709999084472656,505800,Currency
2019-10-29,US Dollar Index ETF,26.700000762939453,325400,Currency
2019-10-30,US Dollar Index ETF,26.639999389648438,319200,Currency
2019-10-31,US Dollar Index ETF,26.59000015258789,293500,Currency
2019-11-01,US Dollar Index ETF,26.579999923706055,648800,Currency
2019-11-04,US Dollar Index ETF,26.68000030517578,389200,Currency
2019-11-05,US Dollar Index ETF,26.780000686645508,1795200,Currency
2019-11-06,US Dollar Index ETF,26.780000686645508,425200,Currency
2019-11-07,US Dollar Index ETF,26.84000015258789,548200,Currency
2019-11-08,US Dollar Index ETF,26.899999618530273,237400,Currency
2019-11-11,US Dollar Index ETF,26.860000610351562,135500,Currency
2019-11-12,US Dollar Index ETF,26.899999618530273,347500,Currency
2019-11-13,US Dollar Index ETF,26.889999389648438,150900,Currency
2019-11-14,US Dollar Index ETF,26.8700008392334,123200,Currency
2019-11-15,US Dollar Index ETF,26.809999465942383,439200,Currency
2019-11-18,US Dollar Index ETF,26.760000228881836,528700,Currency
2019-11-19,US Dollar Index ETF,26.790000915527344,269700,Currency
2019-11-20,US Dollar Index ETF,26.790000915527344,473500,Currency
2019-11-21,US Dollar Index ETF,26.829999923706055,111300,Currency
2019-11-22,US Dollar Index ETF,26.90999984741211,225800,Currency
2019-11-25,US Dollar Index ETF,26.93000030517578,601200,Currency
2019-11-26,US Dollar Index ETF,26.899999618530273,307900,Currency
2019-11-27,US Dollar Index ETF,26.940000534057617,176000,Currency
2019-11-29,US Dollar Index ETF,26.90999984741211,2004200,Currency
2019-12-02,US Dollar Index ETF,26.799999237060547,704800,Currency
2019-12-03,US Dollar Index ETF,26.770000457763672,499700,Currency
2019-12-04,US Dollar Index ETF,26.739999771118164,317000,Currency
2019-12-05,US Dollar Index ETF,26.68000030517578,270800,Currency
2019-12-06,US Dollar Index ETF,26.780000686645508,313400,Currency
2019-12-09,US Dollar Index ETF,26.75,212200,Currency
2019-12-10,US Dollar Index ETF,26.719999313354492,205700,Currency
2019-12-11,US Dollar Index ETF,26.6200008392334,552300,Currency
2019-12-12,US Dollar Index ETF,26.65999984741211,627300,Currency
2019-12-13,US Dollar Index ETF,26.65999984741211,291700,Currency
2019-12-16,US Dollar Index ETF,26.610000610351562,814400,Currency
2019-12-17,US Dollar Index ETF,26.65999984741211,199300,Currency
2019-12-18,US Dollar Index ETF,26.709999084472656,237900,Currency
2019-12-19,US Dollar Index ETF,26.709999084472656,427300,Currency
2019-12-20,US Dollar Index ETF,26.799999237060547,686800,Currency
2019-12-23,US Dollar Index ETF,26.260000228881836,826000,Currency
2019-12-24,US Dollar Index ETF,26.260000228881836,274200,Currency
2019-12-26,US Dollar Index ETF,26.219999313354492,235100,Currency
2019-12-27,US Dollar Index ETF,26.09000015258789,573300,Currency
2019-12-30,US Dollar Index ETF,26.040000915527344,527600,Currency
2019-12-31,US Dollar Index ETF,25.969999313354492,505200,Currency
2020-01-02,US Dollar Index ETF,26.059999465942383,556500,Currency
2020-01-03,US Dollar Index ETF,26.09000015258789,663500,Currency
2020-01-06,US Dollar Index ETF,26.030000686645508,308800,Currency
2020-01-07,US Dollar Index ETF,26.1200008392334,145100,Currency
2020-01-08,US Dollar Index ETF,26.190000534057617,685600,Currency
2020-01-09,US Dollar Index ETF,26.239999771118164,167000,Currency
2020-01-10,US Dollar Index ETF,26.219999313354492,211800,Currency
2020-01-13,US Dollar Index ETF,26.219999313354492,217000,Currency
2020-01-14,US Dollar Index ETF,26.229999542236328,589900,Currency
2020-01-15,US Dollar Index ETF,26.190000534057617,242500,Currency
2020-01-16,US Dollar Index ETF,26.229999542236328,108600,Currency
2020-01-17,US Dollar Index ETF,26.31999969482422,284500,Currency
2020-01-21,US Dollar Index ETF,26.299999237060547,327200,Currency
2020-01-22,US Dollar Index ETF,26.280000686645508,216500,Currency
2020-01-23,US Dollar Index ETF,26.350000381469727,126400,Currency
2020-01-24,US Dollar Index ETF,26.389999389648438,221800,Currency
2020-01-27,US Dollar Index ETF,26.43000030517578,226800,Currency
2020-01-28,US Dollar Index ETF,26.43000030517578,158400,Currency
2020-01-29,US Dollar Index ETF,26.469999313354492,152600,Currency
2020-01-30,US Dollar Index ETF,26.389999389648438,160900,Currency
2020-01-31,US Dollar Index ETF,26.280000686645508,784700,Currency
2020-02-03,US Dollar Index ETF,26.40999984741211,860600,Currency
2020-02-04,US Dollar Index ETF,26.450000762939453,469400,Currency
2020-02-05,US Dollar Index ETF,26.549999237060547,388100,Currency
2020-02-06,US Dollar Index ETF,26.600000381469727,140600,Currency
2020-02-07,US Dollar Index ETF,26.65999984741211,95700,Currency
2020-02-10,US Dollar Index ETF,26.700000762939453,256100,Currency
2020-02-11,US Dollar Index ETF,26.670000076293945,268900,Currency
2020-02-12,US Dollar Index ETF,26.739999771118164,172400,Currency
2020-02-13,US Dollar Index ETF,26.770000457763672,592400,Currency
2020-02-14,US Dollar Index ETF,26.760000228881836,162600,Currency
2020-02-18,US Dollar Index ETF,26.860000610351562,148400,Currency
2020-02-19,US Dollar Index ETF,26.90999984741211,246100,Currency
2020-02-20,US Dollar Index ETF,26.989999771118164,385600,Currency
2020-02-21,US Dollar Index ETF,26.829999923706055,1199500,Currency
2020-02-24,US Dollar Index ETF,26.84000015258789,335800,Currency
2020-02-25,US Dollar Index ETF,26.760000228881836,355000,Currency
2020-02-26,US Dollar Index ETF,26.780000686645508,1037600,Currency
2020-02-27,US Dollar Index ETF,26.6200008392334,1103600,Currency
2020-02-28,US Dollar Index ETF,26.530000686645508,4081100,Currency
2020-03-02,US Dollar Index ETF,26.389999389648438,1447200,Currency
2020-03-03,US Dollar Index ETF,26.280000686645508,1429500,Currency
2020-03-04,US Dollar Index ETF,26.3700008392334,613900,Currency
2020-03-05,US Dollar Index ETF,26.170000076293945,848300,Currency
2020-03-06,US Dollar Index ETF,26.020000457763672,1574800,Currency
2020-03-09,US Dollar Index ETF,25.739999771118164,2684400,Currency
2020-03-10,US Dollar Index ETF,26.1200008392334,5135700,Currency
2020-03-11,US Dollar Index ETF,26.15999984741211,722700,Currency
2020-03-12,US Dollar Index ETF,26.440000534057617,3224700,Currency
2020-03-13,US Dollar Index ETF,27.440000534057617,1333500,Currency
2020-03-16,US Dollar Index ETF,26.559999465942383,1673200,Currency
2020-03-17,US Dollar Index ETF,27.030000686645508,1456000,Currency
2020-03-18,US Dollar Index ETF,27.440000534057617,4116300,Currency
2020-03-19,US Dollar Index ETF,28.09000015258789,4056500,Currency
2020-03-20,US Dollar Index ETF,28.010000228881836,6811700,Currency
2020-03-23,US Dollar Index ETF,27.969999313354492,2220200,Currency
2020-03-24,US Dollar Index ETF,27.649999618530273,5991000,Currency
2020-03-25,US Dollar Index ETF,27.389999389648438,4433200,Currency
2020-03-26,US Dollar Index ETF,26.950000762939453,7221000,Currency
2020-03-27,US Dollar Index ETF,26.729999542236328,4150600,Currency
2020-03-30,US Dollar Index ETF,26.850000381469727,2272500,Currency
2020-03-31,US Dollar Index ETF,26.829999923706055,1534800,Currency
2020-04-01,US Dollar Index ETF,27.0,3000000,Currency
2020-04-02,US Dollar Index ETF,27.139999389648438,3650000,Currency
2020-04-03,US Dollar Index ETF,27.290000915527344,3110700,Currency
2020-04-06,US Dollar Index ETF,27.299999237060547,1704900,Currency
2020-04-07,US Dollar Index ETF,27.049999237060547,2140300,Currency
2020-04-08,US Dollar Index ETF,27.149999618530273,2153400,Currency
2020-04-09,US Dollar Index ETF,26.950000762939453,1685500,Currency
2020-04-13,US Dollar Index ETF,26.90999984741211,1185600,Currency
2020-04-14,US Dollar Index ETF,26.760000228881836,2435900,Currency
2020-04-15,US Dollar Index ETF,26.959999084472656,2069600,Currency
2020-04-16,US Dollar Index ETF,27.079999923706055,2609300,Currency
2020-04-17,US Dollar Index ETF,27.010000228881836,881600,Currency
2020-04-20,US Dollar Index ETF,27.100000381469727,1298900,Currency
2020-04-21,US Dollar Index ETF,27.139999389648438,1643800,Currency
2020-04-22,US Dollar Index ETF,27.219999313354492,947700,Currency
2020-04-23,US Dollar Index ETF,27.229999542236328,1491100,Currency
2020-04-24,US Dollar Index ETF,27.170000076293945,843600,Currency
2020-04-27,US Dollar Index ETF,27.100000381469727,2184200,Currency
2020-04-28,US Dollar Index ETF,27.06999969482422,1051400,Currency
2020-04-29,US Dollar Index ETF,26.959999084472656,781800,Currency
2020-04-30,US Dollar Index ETF,26.790000915527344,1839200,Currency
2020-05-01,US Dollar Index ETF,26.81999969482422,1096100,Currency
2020-05-04,US Dollar Index ETF,26.969999313354492,1000500,Currency
2020-05-05,US Dollar Index ETF,26.989999771118164,4938200,Currency
2020-05-06,US Dollar Index ETF,27.1200008392334,755100,Currency
2020-05-07,US Dollar Index ETF,27.040000915527344,653200,Currency
2020-05-08,US Dollar Index ETF,27.030000686645508,1091300,Currency
2020-05-11,US Dollar Index ETF,27.1299991607666,4346000,Currency
2020-05-12,US Dollar Index ETF,27.079999923706055,629400,Currency
2020-05-13,US Dollar Index ETF,27.1299991607666,826600,Currency
2020-05-14,US Dollar Index ETF,27.15999984741211,940300,Currency
2020-05-15,US Dollar Index ETF,27.18000030517578,450800,Currency
2020-05-18,US Dollar Index ETF,26.959999084472656,1819600,Currency
2020-05-19,US Dollar Index ETF,26.940000534057617,803400,Currency
2020-05-20,US Dollar Index ETF,26.850000381469727,1790200,Currency
2020-05-21,US Dollar Index ETF,26.90999984741211,1025400,Currency
2020-05-22,US Dollar Index ETF,26.989999771118164,2072200,Currency
2020-05-26,US Dollar Index ETF,26.790000915527344,1059900,Currency
2020-05-27,US Dollar Index ETF,26.780000686645508,581800,Currency
2020-05-28,US Dollar Index ETF,26.639999389648438,3065100,Currency
2020-05-29,US Dollar Index ETF,26.600000381469727,1369300,Currency
2020-06-01,US Dollar Index ETF,26.450000762939453,1381400,Currency
2020-06-02,US Dollar Index ETF,26.420000076293945,787400,Currency
2020-06-03,US Dollar Index ETF,26.260000228881836,6785400,Currency
2020-06-04,US Dollar Index ETF,26.15999984741211,3238700,Currency
2020-06-05,US Dollar Index ETF,26.209999084472656,4095300,Currency
2020-06-08,US Dollar Index ETF,26.139999389648438,1794500,Currency
2020-06-09,US Dollar Index ETF,26.059999465942383,1034100,Currency
2020-06-10,US Dollar Index ETF,25.93000030517578,1231100,Currency
2020-06-11,US Dollar Index ETF,26.190000534057617,1079800,Currency
2020-06-12,US Dollar Index ETF,26.260000228881836,1784900,Currency
2020-06-15,US Dollar Index ETF,26.149999618530273,725200,Currency
2020-06-16,US Dollar Index ETF,26.229999542236328,1421400,Currency
2020-06-17,US Dollar Index ETF,26.25,751200,Currency
2020-06-18,US Dollar Index ETF,26.350000381469727,616000,Currency
2020-06-19,US Dollar Index ETF,26.3799991607666,1957900,Currency
2020-06-22,US Dollar Index ETF,26.239999771118164,935100,Currency
2020-06-23,US Dollar Index ETF,26.149999618530273,1563800,Currency
2020-06-24,US Dollar Index ETF,26.270000457763672,1174900,Currency
2020-06-25,US Dollar Index ETF,26.309999465942383,1144800,Currency
2020-06-26,US Dollar Index ETF,26.350000381469727,556200,Currency
2020-06-29,US Dollar Index ETF,26.360000610351562,551400,Currency
2020-06-30,US Dollar Index ETF,26.31999969482422,995400,Currency
2020-07-01,US Dollar Index ETF,26.260000228881836,736900,Currency
2020-07-02,US Dollar Index ETF,26.280000686645508,519300,Currency
2020-07-06,US Dollar Index ETF,26.139999389648438,984100,Currency
2020-07-07,US Dollar Index ETF,26.200000762939453,598100,Currency
2020-07-08,US Dollar Index ETF,26.059999465942383,439000,Currency
2020-07-09,US Dollar Index ETF,26.149999618530273,629200,Currency
2020-07-10,US Dollar Index ETF,26.110000610351562,219500,Currency
2020-07-13,US Dollar Index ETF,26.06999969482422,374500,Currency
2020-07-14,US Dollar Index ETF,26.020000457763672,774400,Currency
2020-07-15,US Dollar Index ETF,25.950000762939453,525400,Currency
2020-07-16,US Dollar Index ETF,26.040000915527344,373900,Currency
2020-07-17,US Dollar Index ETF,25.93000030517578,420100,Currency
2020-07-20,US Dollar Index ETF,25.889999389648438,296500,Currency
2020-07-21,US Dollar Index ETF,25.729999542236328,1351000,Currency
2020-07-22,US Dollar Index ETF,25.65999984741211,653800,Currency
2020-07-23,US Dollar Index ETF,25.610000610351562,1249900,Currency
2020-07-24,US Dollar Index ETF,25.5,1095200,Currency
2020-07-27,US Dollar Index ETF,25.309999465942383,1412600,Currency
2020-07-28,US Dollar Index ETF,25.350000381469727,1246000,Currency
2020-07-29,US Dollar Index ETF,25.229999542236328,1282400,Currency
2020-07-30,US Dollar Index ETF,25.1299991607666,537200,Currency
2020-07-31,US Dollar Index ETF,25.280000686645508,1742100,Currency
2020-08-03,US Dollar Index ETF,25.280000686645508,1447400,Currency
2020-08-04,US Dollar Index ETF,25.190000534057617,1094400,Currency
2020-08-05,US Dollar Index ETF,25.079999923706055,1266200,Currency
2020-08-06,US Dollar Index ETF,25.079999923706055,766900,Currency
2020-08-07,US Dollar Index ETF,25.229999542236328,1201700,Currency
2020-08-10,US Dollar Index ETF,25.270000457763672,1037600,Currency
2020-08-11,US Dollar Index ETF,25.309999465942383,1124600,Currency
2020-08-12,US Dollar Index ETF,25.229999542236328,607700,Currency
2020-08-13,US Dollar Index ETF,25.219999313354492,1077600,Currency
2020-08-14,US Dollar Index ETF,25.18000030517578,1913500,Currency
2020-08-17,US Dollar Index ETF,25.06999969482422,951900,Currency
2020-08-18,US Dollar Index ETF,24.93000030517578,1104800,Currency
2020-08-19,US Dollar Index ETF,25.1299991607666,1512800,Currency
2020-08-20,US Dollar Index ETF,25.059999465942383,933200,Currency
2020-08-21,US Dollar Index ETF,25.18000030517578,1667500,Currency
2020-08-24,US Dollar Index ETF,25.219999313354492,450400,Currency
2020-08-25,US Dollar Index ETF,25.1299991607666,869200,Currency
2020-08-26,US Dollar Index ETF,25.100000381469727,879900,Currency
2020-08-27,US Dollar Index ETF,25.1299991607666,698300,Currency
2020-08-28,US Dollar Index ETF,24.93000030517578,1200300,Currency
2020-08-31,US Dollar Index ETF,24.899999618530273,1732200,Currency
2020-09-01,US Dollar Index ETF,24.950000762939453,1022900,Currency
2020-09-02,US Dollar Index ETF,25.040000915527344,1923900,Currency
2020-09-03,US Dollar Index ETF,25.049999237060547,1004400,Currency
2020-09-04,US Dollar Index ETF,25.09000015258789,1193400,Currency
2020-09-08,US Dollar Index ETF,25.219999313354492,1556900,Currency
2020-09-09,US Dollar Index ETF,25.18000030517578,646300,Currency
2020-09-10,US Dollar Index ETF,25.229999542236328,950300,Currency
2020-09-11,US Dollar Index ETF,25.18000030517578,467800,Currency
2020-09-14,US Dollar Index ETF,25.1200008392334,611900,Currency
2020-09-15,US Dollar Index ETF,25.139999389648438,448500,Currency
2020-09-16,US Dollar Index ETF,25.170000076293945,601600,Currency
2020-09-17,US Dollar Index ETF,25.079999923706055,875600,Currency
2020-09-18,US Dollar Index ETF,25.110000610351562,820100,Currency
2020-09-21,US Dollar Index ETF,25.290000915527344,1408500,Currency
2020-09-22,US Dollar Index ETF,25.3799991607666,1328300,Currency
2020-09-23,US Dollar Index ETF,25.520000457763672,12116400,Currency
2020-09-24,US Dollar Index ETF,25.479999542236328,2385000,Currency
2020-09-25,US Dollar Index ETF,25.549999237060547,1410500,Currency
2020-09-28,US Dollar Index ETF,25.469999313354492,756400,Currency
2020-09-29,US Dollar Index ETF,25.350000381469727,1239000,Currency
2020-09-30,US Dollar Index ETF,25.350000381469727,1218000,Currency
2020-10-01,US Dollar Index ETF,25.309999465942383,915800,Currency
2020-10-02,US Dollar Index ETF,25.3700008392334,1354000,Currency
2020-10-05,US Dollar Index ETF,25.260000228881836,1047100,Currency
2020-10-06,US Dollar Index ETF,25.329999923706055,2283000,Currency
2020-10-07,US Dollar Index ETF,25.299999237060547,1158500,Currency
2020-10-08,US Dollar Index ETF,25.290000915527344,885300,Currency
2020-10-09,US Dollar Index ETF,25.139999389648438,1993200,Currency
2020-10-12,US Dollar Index ETF,25.110000610351562,676000,Currency
2020-10-13,US Dollar Index ETF,25.260000228881836,12537500,Currency
2020-10-14,US Dollar Index ETF,25.200000762939453,879300,Currency
2020-10-15,US Dollar Index ETF,25.31999969482422,1417200,Currency
2020-10-16,US Dollar Index ETF,25.290000915527344,951300,Currency
2020-10-19,US Dollar Index ETF,25.209999084472656,545900,Currency
2020-10-20,US Dollar Index ETF,25.1299991607666,1538500,Currency
2020-10-21,US Dollar Index ETF,25.0,1624000,Currency
2020-10-22,US Dollar Index ETF,25.100000381469727,1276100,Currency
2020-10-23,US Dollar Index ETF,25.040000915527344,481500,Currency
2020-10-26,US Dollar Index ETF,25.1299991607666,368300,Currency
2020-10-27,US Dollar Index ETF,25.079999923706055,181800,Currency
2020-10-28,US Dollar Index ETF,25.239999771118164,648700,Currency
2020-10-29,US Dollar Index ETF,25.34000015258789,1219600,Currency
2020-10-30,US Dollar Index ETF,25.3700008392334,608500,Currency
2020-11-02,US Dollar Index ETF,25.399999618530273,1713500,Currency
2020-11-03,US Dollar Index ETF,25.260000228881836,6207800,Currency
2020-11-04,US Dollar Index ETF,25.219999313354492,1126600,Currency
2020-11-05,US Dollar Index ETF,24.979999542236328,1556800,Currency
2020-11-06,US Dollar Index ETF,24.889999389648438,3497000,Currency
2020-11-09,US Dollar Index ETF,25.049999237060547,1846300,Currency
2020-11-10,US Dollar Index ETF,25.049999237060547,734400,Currency
2020-11-11,US Dollar Index ETF,25.079999923706055,495700,Currency
2020-11-12,US Dollar Index ETF,25.079999923706055,497400,Currency
2020-11-13,US Dollar Index ETF,25.030000686645508,1036000,Currency
2020-11-16,US Dollar Index ETF,24.969999313354492,2991700,Currency
2020-11-17,US Dollar Index ETF,24.93000030517578,1027300,Currency
2020-11-18,US Dollar Index ETF,24.940000534057617,408400,Currency
2020-11-19,US Dollar Index ETF,24.899999618530273,302800,Currency
2020-11-20,US Dollar Index ETF,24.93000030517578,333800,Currency
2020-11-23,US Dollar Index ETF,24.969999313354492,749600,Currency
2020-11-24,US Dollar Index ETF,24.850000381469727,665600,Currency
2020-11-25,US Dollar Index ETF,24.809999465942383,599100,Currency
2020-11-27,US Dollar Index ETF,24.760000228881836,198300,Currency
2020-11-30,US Dollar Index ETF,24.81999969482422,435700,Currency
2020-12-01,US Dollar Index ETF,24.600000381469727,980900,Currency
2020-12-02,US Dollar Index ETF,24.56999969482422,1125200,Currency
2020-12-03,US Dollar Index ETF,24.440000534057617,1003000,Currency
2020-12-04,US Dollar Index ETF,24.469999313354492,1834200,Currency
2020-12-07,US Dollar Index ETF,24.510000228881836,896900,Currency
2020-12-08,US Dollar Index ETF,24.540000915527344,612100,Currency
2020-12-09,US Dollar Index ETF,24.549999237060547,518700,Currency
2020-12-10,US Dollar Index ETF,24.479999542236328,608700,Currency
2020-12-11,US Dollar Index ETF,24.540000915527344,1017700,Currency
2020-12-14,US Dollar Index ETF,24.469999313354492,455400,Currency
2020-12-15,US Dollar Index ETF,24.389999389648438,853900,Currency
2020-12-16,US Dollar Index ETF,24.360000610351562,749800,Currency
2020-12-17,US Dollar Index ETF,24.229999542236328,922000,Currency
2020-12-18,US Dollar Index ETF,24.260000228881836,898400,Currency
2020-12-21,US Dollar Index ETF,24.309999465942383,618900,Currency
2020-12-22,US Dollar Index ETF,24.440000534057617,1401500,Currency
2020-12-23,US Dollar Index ETF,24.329999923706055,758600,Currency
2020-12-24,US Dollar Index ETF,24.350000381469727,280500,Currency
2020-12-28,US Dollar Index ETF,24.350000381469727,1036100,Currency
2020-12-29,US Dollar Index ETF,24.270000457763672,1444700,Currency
2020-12-30,US Dollar Index ETF,24.170000076293945,1463900,Currency
2020-12-31,US Dollar Index ETF,24.239999771118164,801500,Currency
2021-01-04,US Dollar Index ETF,24.260000228881836,1322800,Currency
2021-01-05,US Dollar Index ETF,24.1200008392334,723300,Currency
2021-01-06,US Dollar Index ETF,24.09000015258789,1042800,Currency
2021-01-07,US Dollar Index ETF,24.229999542236328,1018000,Currency
2021-01-08,US Dollar Index ETF,24.270000457763672,1677700,Currency
2021-01-11,US Dollar Index ETF,24.420000076293945,1445200,Currency
2021-01-12,US Dollar Index ETF,24.290000915527344,1360500,Currency
2021-01-13,US Dollar Index ETF,24.3700008392334,956500,Currency
2021-01-14,US Dollar Index ETF,24.31999969482422,614300,Currency
2021-01-15,US Dollar Index ETF,24.479999542236328,1177500,Currency
2021-01-19,US Dollar Index ETF,24.40999984741211,1408600,Currency
2021-01-20,US Dollar Index ETF,24.399999618530273,489300,Currency
2021-01-21,US Dollar Index ETF,24.290000915527344,803900,Currency
2021-01-22,US Dollar Index ETF,24.34000015258789,847100,Currency
2021-01-25,US Dollar Index ETF,24.3700008392334,580600,Currency
2021-01-26,US Dollar Index ETF,24.299999237060547,857300,Currency
2021-01-27,US Dollar Index ETF,24.450000762939453,982200,Currency
2021-01-28,US Dollar Index ETF,24.389999389648438,663600,Currency
2021-01-29,US Dollar Index ETF,24.420000076293945,876000,Currency
2021-02-01,US Dollar Index ETF,24.540000915527344,2183100,Currency
2021-02-02,US Dollar Index ETF,24.56999969482422,1459000,Currency
2021-02-03,US Dollar Index ETF,24.559999465942383,1656900,Currency
2021-02-04,US Dollar Index ETF,24.670000076293945,1394400,Currency
2021-02-05,US Dollar Index ETF,24.530000686645508,1402500,Currency
2021-02-08,US Dollar Index ETF,24.520000457763672,1732500,Currency
2021-02-09,US Dollar Index ETF,24.389999389648438,2006900,Currency
2021-02-10,US Dollar Index ETF,24.3799991607666,654000,Currency
2021-02-11,US Dollar Index ETF,24.3700008392334,257000,Currency
2021-02-12,US Dollar Index ETF,24.389999389648438,501800,Currency
2021-02-16,US Dollar Index ETF,24.389999389648438,1107500,Currency
2021-02-17,US Dollar Index ETF,24.489999771118164,937800,Currency
2021-02-18,US Dollar Index ETF,24.40999984741211,585300,Currency
2021-02-19,US Dollar Index ETF,24.350000381469727,1163300,Currency
2021-02-22,US Dollar Index ETF,24.280000686645508,706800,Currency
2021-02-23,US Dollar Index ETF,24.299999237060547,441600,Currency
2021-02-24,US Dollar Index ETF,24.260000228881836,913600,Currency
2021-02-25,US Dollar Index ETF,24.34000015258789,952200,Currency
2021-02-26,US Dollar Index ETF,24.520000457763672,1347700,Currency
2021-03-01,US Dollar Index ETF,24.540000915527344,2242400,Currency
2021-03-02,US Dollar Index ETF,24.450000762939453,1381600,Currency
2021-03-03,US Dollar Index ETF,24.520000457763672,1015200,Currency
2021-03-04,US Dollar Index ETF,24.68000030517578,2128000,Currency
2021-03-05,US Dollar Index ETF,24.770000457763672,2631000,Currency
2021-03-08,US Dollar Index ETF,24.90999984741211,1656300,Currency
2021-03-09,US Dollar Index ETF,24.770000457763672,1468100,Currency
2021-03-10,US Dollar Index ETF,24.729999542236328,2050200,Currency
2021-03-11,US Dollar Index ETF,24.610000610351562,1643300,Currency
2021-03-12,US Dollar Index ETF,24.690000534057617,789100,Currency
2021-03-15,US Dollar Index ETF,24.739999771118164,504500,Currency
2021-03-16,US Dollar Index ETF,24.739999771118164,338800,Currency
2021-03-17,US Dollar Index ETF,24.6200008392334,3055700,Currency
2021-03-18,US Dollar Index ETF,24.770000457763672,901800,Currency
2021-03-19,US Dollar Index ETF,24.780000686645508,2222500,Currency
2021-03-22,US Dollar Index ETF,24.729999542236328,850600,Currency
2021-03-23,US Dollar Index ETF,24.8799991607666,1252400,Currency
2021-03-24,US Dollar Index ETF,24.940000534057617,1726800,Currency
2021-03-25,US Dollar Index ETF,25.010000228881836,1476700,Currency
2021-03-26,US Dollar Index ETF,24.979999542236328,654800,Currency
2021-03-29,US Dollar Index ETF,25.040000915527344,1128400,Currency
2021-03-30,US Dollar Index ETF,25.139999389648438,749900,Currency
2021-03-31,US Dollar Index ETF,25.1200008392334,1381600,Currency
2021-04-01,US Dollar Index ETF,25.010000228881836,1955700,Currency
2021-04-05,US Dollar Index ETF,24.93000030517578,1704600,Currency
2021-04-06,US Dollar Index ETF,24.8700008392334,1845900,Currency
2021-04-07,US Dollar Index ETF,24.899999618530273,758900,Currency
2021-04-08,US Dollar Index ETF,24.790000915527344,582000,Currency
2021-04-09,US Dollar Index ETF,24.809999465942383,691200,Currency
2021-04-12,US Dollar Index ETF,24.799999237060547,479900,Currency
2021-04-13,US Dollar Index ETF,24.709999084472656,498700,Currency
2021-04-14,US Dollar Index ETF,24.68000030517578,632200,Currency
2021-04-15,US Dollar Index ETF,24.68000030517578,390300,Currency
2021-04-16,US Dollar Index ETF,24.649999618530273,431700,Currency
2021-04-19,US Dollar Index ETF,24.510000228881836,1068000,Currency
2021-04-20,US Dollar Index ETF,24.549999237060547,827200,Currency
2021-04-21,US Dollar Index ETF,24.520000457763672,417300,Currency
2021-04-22,US Dollar Index ETF,24.59000015258789,358100,Currency
2021-04-23,US Dollar Index ETF,24.450000762939453,567800,Currency
2021-04-26,US Dollar Index ETF,24.450000762939453,802000,Currency
2021-04-27,US Dollar Index ETF,24.459999084472656,364800,Currency
2021-04-28,US Dollar Index ETF,24.3700008392334,472700,Currency
2021-04-29,US Dollar Index ETF,24.3799991607666,266300,Currency
2021-04-30,US Dollar Index ETF,24.579999923706055,1124700,Currency
2021-05-03,US Dollar Index ETF,24.469999313354492,1026600,Currency
2021-05-04,US Dollar Index ETF,24.579999923706055,1225600,Currency
2021-05-05,US Dollar Index ETF,24.56999969482422,1427800,Currency
2021-05-06,US Dollar Index ETF,24.450000762939453,476200,Currency
2021-05-07,US Dollar Index ETF,24.270000457763672,1844700,Currency
2021-05-10,US Dollar Index ETF,24.270000457763672,659600,Currency
2021-05-11,US Dollar Index ETF,24.25,549500,Currency
2021-05-12,US Dollar Index ETF,24.43000030517578,2379900,Currency
2021-05-13,US Dollar Index ETF,24.389999389648438,450000,Currency
2021-05-14,US Dollar Index ETF,24.290000915527344,638300,Currency
2021-05-17,US Dollar Index ETF,24.260000228881836,251800,Currency
2021-05-18,US Dollar Index ETF,24.149999618530273,673700,Currency
2021-05-19,US Dollar Index ETF,24.260000228881836,1294600,Currency
2021-05-20,US Dollar Index ETF,24.139999389648438,848700,Currency
2021-05-21,US Dollar Index ETF,24.219999313354492,685900,Currency
2021-05-24,US Dollar Index ETF,24.15999984741211,716000,Currency
2021-05-25,US Dollar Index ETF,24.1299991607666,618800,Currency
2021-05-26,US Dollar Index ETF,24.219999313354492,336300,Currency
2021-05-27,US Dollar Index ETF,24.200000762939453,354600,Currency
2021-05-28,US Dollar Index ETF,24.219999313354492,600300,Currency
2021-06-01,US Dollar Index ETF,24.18000030517578,740200,Currency
2021-06-02,US Dollar Index ETF,24.18000030517578,1497400,Currency
2021-06-03,US Dollar Index ETF,24.329999923706055,2083200,Currency
2021-06-04,US Dollar Index ETF,24.239999771118164,1383300,Currency
2021-06-07,US Dollar Index ETF,24.200000762939453,842900,Currency
2021-06-08,US Dollar Index ETF,24.229999542236328,691000,Currency
2021-06-09,US Dollar Index ETF,24.25,814700,Currency
2021-06-10,US Dollar Index ETF,24.229999542236328,769600,Currency
2021-06-11,US Dollar Index ETF,24.350000381469727,1090100,Currency
2021-06-14,US Dollar Index ETF,24.329999923706055,905900,Currency
2021-06-15,US Dollar Index ETF,24.350000381469727,469600,Currency
2021-06-16,US Dollar Index ETF,24.549999237060547,1917600,Currency
2021-06-17,US Dollar Index ETF,24.739999771118164,1970500,Currency
2021-06-18,US Dollar Index ETF,24.81999969482422,1275600,Currency
2021-06-21,US Dollar Index ETF,24.700000762939453,655200,Currency
2021-06-22,US Dollar Index ETF,24.65999984741211,454500,Currency
2021-06-23,US Dollar Index ETF,24.700000762939453,1048400,Currency
2021-06-24,US Dollar Index ETF,24.68000030517578,414200,Currency
2021-06-25,US Dollar Index ETF,24.690000534057617,356900,Currency
2021-06-28,US Dollar Index ETF,24.700000762939453,777600,Currency
2021-06-29,US Dollar Index ETF,24.760000228881836,634300,Currency
2021-06-30,US Dollar Index ETF,24.829999923706055,869600,Currency
2021-07-01,US Dollar Index ETF,24.899999618530273,2239600,Currency
2021-07-02,US Dollar Index ETF,24.799999237060547,1107400,Currency
2021-07-06,US Dollar Index ETF,24.889999389648438,1152100,Currency
2021-07-07,US Dollar Index ETF,24.93000030517578,699100,Currency
2021-07-08,US Dollar Index ETF,24.829999923706055,1236800,Currency
2021-07-09,US Dollar Index ETF,24.770000457763672,1252200,Currency
2021-07-12,US Dollar Index ETF,24.799999237060547,426500,Currency
2021-07-13,US Dollar Index ETF,24.950000762939453,1477500,Currency
2021-07-14,US Dollar Index ETF,24.829999923706055,890100,Currency
2021-07-15,US Dollar Index ETF,24.899999618530273,376900,Currency
2021-07-16,US Dollar Index ETF,24.93000030517578,812600,Currency
2021-07-19,US Dollar Index ETF,24.969999313354492,1113000,Currency
2021-07-20,US Dollar Index ETF,25.0,1459200,Currency
2021-07-21,US Dollar Index ETF,24.940000534057617,754900,Currency
2021-07-22,US Dollar Index ETF,24.969999313354492,953500,Currency
2021-07-23,US Dollar Index ETF,24.979999542236328,429200,Currency
2021-07-26,US Dollar Index ETF,24.899999618530273,449400,Currency
2021-07-27,US Dollar Index ETF,24.860000610351562,787300,Currency
2021-07-28,US Dollar Index ETF,24.790000915527344,749500,Currency
2021-07-29,US Dollar Index ETF,24.700000762939453,826200,Currency
2021-07-30,US Dollar Index ETF,24.770000457763672,624000,Currency
2021-08-02,US Dollar Index ETF,24.739999771118164,908000,Currency
2021-08-03,US Dollar Index ETF,24.75,584100,Currency
2021-08-04,US Dollar Index ETF,24.790000915527344,651900,Currency
2021-08-05,US Dollar Index ETF,24.790000915527344,154500,Currency
2021-08-06,US Dollar Index ETF,24.93000030517578,1315500,Currency
2021-08-09,US Dollar Index ETF,24.979999542236328,432600,Currency
2021-08-10,US Dollar Index ETF,25.0,868700,Currency
2021-08-11,US Dollar Index ETF,24.950000762939453,993700,Currency
2021-08-12,US Dollar Index ETF,24.979999542236328,178900,Currency
2021-08-13,US Dollar Index ETF,24.860000610351562,741000,Currency
2021-08-16,US Dollar Index ETF,24.8799991607666,487200,Currency
2021-08-17,US Dollar Index ETF,25.030000686645508,1009400,Currency
2021-08-18,US Dollar Index ETF,25.030000686645508,537400,Currency
2021-08-19,US Dollar Index ETF,25.149999618530273,990400,Currency
2021-08-20,US Dollar Index ETF,25.1200008392334,775600,Currency
2021-08-23,US Dollar Index ETF,24.969999313354492,1123400,Currency
2021-08-24,US Dollar Index ETF,24.950000762939453,1077100,Currency
2021-08-25,US Dollar Index ETF,24.93000030517578,668400,Currency
2021-08-26,US Dollar Index ETF,25.0,322000,Currency
2021-08-27,US Dollar Index ETF,24.889999389648438,860300,Currency
2021-08-30,US Dollar Index ETF,24.889999389648438,380200,Currency
2021-08-31,US Dollar Index ETF,24.889999389648438,697100,Currency
2021-09-01,US Dollar Index ETF,24.84000015258789,1026700,Currency
2021-09-02,US Dollar Index ETF,24.780000686645508,806600,Currency
2021-09-03,US Dollar Index ETF,24.729999542236328,726500,Currency
2021-09-07,US Dollar Index ETF,24.850000381469727,452600,Currency
2021-09-08,US Dollar Index ETF,24.889999389648438,1004800,Currency
2021-09-09,US Dollar Index ETF,24.829999923706055,197600,Currency
2021-09-10,US Dollar Index ETF,24.8700008392334,399600,Currency
2021-09-13,US Dollar Index ETF,24.8700008392334,157500,Currency
2021-09-14,US Dollar Index ETF,24.8700008392334,380500,Currency
2021-09-15,US Dollar Index ETF,24.81999969482422,187700,Currency
2021-09-16,US Dollar Index ETF,24.93000030517578,424200,Currency
2021-09-17,US Dollar Index ETF,25.020000457763672,2018400,Currency
2021-09-20,US Dollar Index ETF,25.030000686645508,1386000,Currency
2021-09-21,US Dollar Index ETF,25.010000228881836,625000,Currency
2021-09-22,US Dollar Index ETF,25.079999923706055,883600,Currency
2021-09-23,US Dollar Index ETF,24.979999542236328,515700,Currency
2021-09-24,US Dollar Index ETF,25.049999237060547,459200,Currency
2021-09-27,US Dollar Index ETF,25.079999923706055,255500,Currency
2021-09-28,US Dollar Index ETF,25.170000076293945,2258100,Currency
2021-09-29,US Dollar Index ETF,25.350000381469727,843000,Currency
2021-09-30,US Dollar Index ETF,25.309999465942383,777700,Currency
2021-10-01,US Dollar Index ETF,25.260000228881836,1521900,Currency
2021-10-04,US Dollar Index ETF,25.18000030517578,875100,Currency
2021-10-05,US Dollar Index ETF,25.229999542236328,648000,Currency
2021-10-06,US Dollar Index ETF,25.299999237060547,1121500,Currency
2021-10-07,US Dollar Index ETF,25.290000915527344,480000,Currency
2021-10-08,US Dollar Index ETF,25.270000457763672,383500,Currency
2021-10-11,US Dollar Index ETF,25.34000015258789,1882400,Currency
2021-10-12,US Dollar Index ETF,25.3700008392334,778800,Currency
2021-10-13,US Dollar Index ETF,25.229999542236328,759800,Currency
2021-10-14,US Dollar Index ETF,25.229999542236328,509000,Currency
2021-10-15,US Dollar Index ETF,25.200000762939453,488200,Currency
2021-10-18,US Dollar Index ETF,25.209999084472656,1630300,Currency
2021-10-19,US Dollar Index ETF,25.149999618530273,968400,Currency
2021-10-20,US Dollar Index ETF,25.110000610351562,780500,Currency
2021-10-21,US Dollar Index ETF,25.170000076293945,538700,Currency
2021-10-22,US Dollar Index ETF,25.1200008392334,378400,Currency
2021-10-25,US Dollar Index ETF,25.15999984741211,354900,Currency
2021-10-26,US Dollar Index ETF,25.209999084472656,784000,Currency
2021-10-27,US Dollar Index ETF,25.200000762939453,336100,Currency
2021-10-28,US Dollar Index ETF,25.049999237060547,567800,Currency
2021-10-29,US Dollar Index ETF,25.25,799200,Currency
2021-11-01,US Dollar Index ETF,25.170000076293945,2226100,Currency
2021-11-02,US Dollar Index ETF,25.229999542236328,1107800,Currency
2021-11-03,US Dollar Index ETF,25.170000076293945,1701600,Currency
2021-11-04,US Dollar Index ETF,25.299999237060547,1068900,Currency
2021-11-05,US Dollar Index ETF,25.280000686645508,636700,Currency
2021-11-08,US Dollar Index ETF,25.229999542236328,604700,Currency
2021-11-09,US Dollar Index ETF,25.200000762939453,305300,Currency
2021-11-10,US Dollar Index ETF,25.469999313354492,1698500,Currency
2021-11-11,US Dollar Index ETF,25.530000686645508,568000,Currency
2021-11-12,US Dollar Index ETF,25.5,259500,Currency
2021-11-15,US Dollar Index ETF,25.639999389648438,505600,Currency
2021-11-16,US Dollar Index ETF,25.739999771118164,1412100,Currency
2021-11-17,US Dollar Index ETF,25.690000534057617,683000,Currency
2021-11-18,US Dollar Index ETF,25.6200008392334,708100,Currency
2021-11-19,US Dollar Index ETF,25.75,678500,Currency
2021-11-22,US Dollar Index ETF,25.8799991607666,1089500,Currency
2021-11-23,US Dollar Index ETF,25.8700008392334,776400,Currency
2021-11-24,US Dollar Index ETF,25.969999313354492,1009200,Currency
2021-11-26,US Dollar Index ETF,25.770000457763672,1100400,Currency
2021-11-29,US Dollar Index ETF,25.81999969482422,750000,Currency
2021-11-30,US Dollar Index ETF,25.700000762939453,2115600,Currency
2021-12-01,US Dollar Index ETF,25.770000457763672,1826900,Currency
2021-12-02,US Dollar Index ETF,25.780000686645508,732400,Currency
2021-12-03,US Dollar Index ETF,25.770000457763672,1324100,Currency
2021-12-06,US Dollar Index ETF,25.809999465942383,682100,Currency
2021-12-07,US Dollar Index ETF,25.81999969482422,2785100,Currency
2021-12-08,US Dollar Index ETF,25.700000762939453,584500,Currency
2021-12-09,US Dollar Index ETF,25.790000915527344,751800,Currency
2021-12-10,US Dollar Index ETF,25.75,560700,Currency
2021-12-13,US Dollar Index ETF,25.829999923706055,711700,Currency
2021-12-14,US Dollar Index ETF,25.8799991607666,621700,Currency
2021-12-15,US Dollar Index ETF,25.84000015258789,734900,Currency
2021-12-16,US Dollar Index ETF,25.729999542236328,1118600,Currency
2021-12-17,US Dollar Index ETF,25.90999984741211,545200,Currency
2021-12-20,US Dollar Index ETF,25.8799991607666,1423000,Currency
2021-12-21,US Dollar Index ETF,25.850000381469727,887000,Currency
2021-12-22,US Dollar Index ETF,25.75,2101600,Currency
2021-12-23,US Dollar Index ETF,25.729999542236328,2216500,Currency
2021-12-27,US Dollar Index ETF,25.739999771118164,1344300,Currency
2021-12-28,US Dollar Index ETF,25.770000457763672,820200,Currency
2021-12-29,US Dollar Index ETF,25.700000762939453,1252000,Currency
2021-12-30,US Dollar Index ETF,25.739999771118164,367600,Currency
2021-12-31,US Dollar Index ETF,25.6299991607666,1161300,Currency
2022-01-03,US Dollar Index ETF,25.790000915527344,3449500,Currency
2022-01-04,US Dollar Index ETF,25.809999465942383,1310300,Currency
2022-01-05,US Dollar Index ETF,25.780000686645508,1029900,Currency
2022-01-06,US Dollar Index ETF,25.799999237060547,1398600,Currency
2022-01-07,US Dollar Index ETF,25.65999984741211,540400,Currency
2022-01-10,US Dollar Index ETF,25.719999313354492,1004300,Currency
2022-01-11,US Dollar Index ETF,25.610000610351562,1311700,Currency
2022-01-12,US Dollar Index ETF,25.440000534057617,3489200,Currency
2022-01-13,US Dollar Index ETF,25.43000030517578,3801200,Currency
2022-01-14,US Dollar Index ETF,25.5,2303000,Currency
2022-01-18,US Dollar Index ETF,25.65999984741211,1940200,Currency
2022-01-19,US Dollar Index ETF,25.600000381469727,1510100,Currency
2022-01-20,US Dollar Index ETF,25.68000030517578,1033000,Currency
2022-01-21,US Dollar Index ETF,25.610000610351562,1224500,Currency
2022-01-24,US Dollar Index ETF,25.690000534057617,1946000,Currency
2022-01-25,US Dollar Index ETF,25.700000762939453,1312800,Currency
2022-01-26,US Dollar Index ETF,25.84000015258789,1583300,Currency
2022-01-27,US Dollar Index ETF,26.059999465942383,1530300,Currency
2022-01-28,US Dollar Index ETF,26.049999237060547,1791500,Currency
2022-01-31,US Dollar Index ETF,25.8700008392334,2055800,Currency
2022-02-01,US Dollar Index ETF,25.799999237060547,4019500,Currency
2022-02-02,US Dollar Index ETF,25.700000762939453,4401600,Currency
2022-02-03,US Dollar Index ETF,25.56999969482422,6514000,Currency
2022-02-04,US Dollar Index ETF,25.549999237060547,2243900,Currency
2022-02-07,US Dollar Index ETF,25.559999465942383,1159800,Currency
2022-02-08,US Dollar Index ETF,25.600000381469727,1590900,Currency
2022-02-09,US Dollar Index ETF,25.56999969482422,638800,Currency
2022-02-10,US Dollar Index ETF,25.610000610351562,2931500,Currency
2022-02-11,US Dollar Index ETF,25.719999313354492,2208700,Currency
2022-02-14,US Dollar Index ETF,25.790000915527344,1933900,Currency
2022-02-15,US Dollar Index ETF,25.690000534057617,1251000,Currency
2022-02-16,US Dollar Index ETF,25.639999389648438,695200,Currency
2022-02-17,US Dollar Index ETF,25.649999618530273,859500,Currency
2022-02-18,US Dollar Index ETF,25.719999313354492,1144300,Currency
2022-02-22,US Dollar Index ETF,25.729999542236328,1171700,Currency
2022-02-23,US Dollar Index ETF,25.760000228881836,1214300,Currency
2022-02-24,US Dollar Index ETF,25.969999313354492,4162400,Currency
2022-02-25,US Dollar Index ETF,25.84000015258789,1293400,Currency
2022-02-28,US Dollar Index ETF,25.8799991607666,1352500,Currency
2022-03-01,US Dollar Index ETF,26.079999923706055,2498000,Currency
2022-03-02,US Dollar Index ETF,26.059999465942383,1451400,Currency
2022-03-03,US Dollar Index ETF,26.15999984741211,1780800,Currency
2022-03-04,US Dollar Index ETF,26.360000610351562,3212400,Currency
2022-03-07,US Dollar Index ETF,26.549999237060547,2507900,Currency
2022-03-08,US Dollar Index ETF,26.5,1497200,Currency
2022-03-09,US Dollar Index ETF,26.239999771118164,1594900,Currency
2022-03-10,US Dollar Index ETF,26.3700008392334,1098000,Currency
2022-03-11,US Dollar Index ETF,26.510000228881836,1661300,Currency
2022-03-14,US Dollar Index ETF,26.5,1739500,Currency
2022-03-15,US Dollar Index ETF,26.469999313354492,762600,Currency
2022-03-16,US Dollar Index ETF,26.280000686645508,1958400,Currency
2022-03-17,US Dollar Index ETF,26.219999313354492,3088600,Currency
2022-03-18,US Dollar Index ETF,26.25,913700,Currency
2022-03-21,US Dollar Index ETF,26.350000381469727,1232300,Currency
2022-03-22,US Dollar Index ETF,26.34000015258789,928500,Currency
2022-03-23,US Dollar Index ETF,26.3700008392334,465600,Currency
2022-03-24,US Dollar Index ETF,26.399999618530273,1666300,Currency
2022-03-25,US Dollar Index ETF,26.40999984741211,599200,Currency
2022-03-28,US Dollar Index ETF,26.489999771118164,1086700,Currency
2022-03-29,US Dollar Index ETF,26.329999923706055,1542200,Currency
2022-03-30,US Dollar Index ETF,26.190000534057617,3972300,Currency
2022-03-31,US Dollar Index ETF,26.299999237060547,1679100,Currency
2022-04-01,US Dollar Index ETF,26.34000015258789,1824200,Currency
2022-04-04,US Dollar Index ETF,26.459999084472656,1158100,Currency
2022-04-05,US Dollar Index ETF,26.600000381469727,2081500,Currency
2022-04-06,US Dollar Index ETF,26.6200008392334,1653400,Currency
2022-04-07,US Dollar Index ETF,26.670000076293945,880400,Currency
2022-04-08,US Dollar Index ETF,26.670000076293945,1706700,Currency
2022-04-11,US Dollar Index ETF,26.729999542236328,797200,Currency
2022-04-12,US Dollar Index ETF,26.81999969482422,1410200,Currency
2022-04-13,US Dollar Index ETF,26.709999084472656,2906500,Currency
2022-04-14,US Dollar Index ETF,26.829999923706055,1525700,Currency
2022-04-18,US Dollar Index ETF,26.940000534057617,1149000,Currency
2022-04-19,US Dollar Index ETF,27.0,1498500,Currency
2022-04-20,US Dollar Index ETF,26.809999465942383,1235200,Currency
2022-04-21,US Dollar Index ETF,26.889999389648438,2180300,Currency
2022-04-22,US Dollar Index ETF,27.049999237060547,1207300,Currency
2022-04-25,US Dollar Index ETF,27.18000030517578,2316400,Currency
2022-04-26,US Dollar Index ETF,27.350000381469727,2241400,Currency
2022-04-27,US Dollar Index ETF,27.520000457763672,3872300,Currency
2022-04-28,US Dollar Index ETF,27.68000030517578,2427100,Currency
2022-04-29,US Dollar Index ETF,27.56999969482422,3029200,Currency
2022-05-02,US Dollar Index ETF,27.709999084472656,2294100,Currency
2022-05-03,US Dollar Index ETF,27.65999984741211,2199600,Currency
2022-05-04,US Dollar Index ETF,27.43000030517578,10608800,Currency
2022-05-05,US Dollar Index ETF,27.65999984741211,3165300,Currency
2022-05-06,US Dollar Index ETF,27.709999084472656,2506400,Currency
2022-05-09,US Dollar Index ETF,27.719999313354492,3017700,Currency
2022-05-10,US Dollar Index ETF,27.780000686645508,10162000,Currency
2022-05-11,US Dollar Index ETF,27.809999465942383,2300200,Currency
2022-05-12,US Dollar Index ETF,28.049999237060547,3214900,Currency
2022-05-13,US Dollar Index ETF,27.969999313354492,2855600,Currency
2022-05-16,US Dollar Index ETF,27.860000610351562,1721900,Currency
2022-05-17,US Dollar Index ETF,27.6299991607666,7703800,Currency
2022-05-18,US Dollar Index ETF,27.770000457763672,2184000,Currency
2022-05-19,US Dollar Index ETF,27.479999542236328,6258400,Currency
2022-05-20,US Dollar Index ETF,27.540000915527344,2677600,Currency
2022-05-23,US Dollar Index ETF,27.290000915527344,3716700,Currency
2022-05-24,US Dollar Index ETF,27.209999084472656,3642500,Currency
2022-05-25,US Dollar Index ETF,27.309999465942383,1545200,Currency
2022-05-26,US Dollar Index ETF,27.219999313354492,1289400,Currency
2022-05-27,US Dollar Index ETF,27.15999984741211,2677900,Currency
2022-05-31,US Dollar Index ETF,27.209999084472656,2716100,Currency
2022-06-01,US Dollar Index ETF,27.420000076293945,3746400,Currency
2022-06-02,US Dollar Index ETF,27.18000030517578,6241000,Currency
2022-06-03,US Dollar Index ETF,27.299999237060547,5713900,Currency
2022-06-06,US Dollar Index ETF,27.360000610351562,2805900,Currency
2022-06-07,US Dollar Index ETF,27.329999923706055,1496600,Currency
2022-06-08,US Dollar Index ETF,27.40999984741211,1002500,Currency
2022-06-09,US Dollar Index ETF,27.610000610351562,4253600,Currency
2022-06-10,US Dollar Index ETF,27.829999923706055,2510900,Currency
2022-06-13,US Dollar Index ETF,28.100000381469727,6183800,Currency
2022-06-14,US Dollar Index ETF,28.15999984741211,4136500,Currency
2022-06-15,US Dollar Index ETF,27.940000534057617,5882000,Currency
2022-06-16,US Dollar Index ETF,27.670000076293945,4908000,Currency
2022-06-17,US Dollar Index ETF,27.950000762939453,2106900,Currency
2022-06-21,US Dollar Index ETF,27.850000381469727,2527800,Currency
2022-06-22,US Dollar Index ETF,27.809999465942383,1780800,Currency
2022-06-23,US Dollar Index ETF,27.84000015258789,2163500,Currency
2022-06-24,US Dollar Index ETF,27.780000686645508,1427100,Currency
2022-06-27,US Dollar Index ETF,27.729999542236328,1464900,Currency
2022-06-28,US Dollar Index ETF,27.889999389648438,1676900,Currency
2022-06-29,US Dollar Index ETF,28.049999237060547,2025400,Currency
2022-06-30,US Dollar Index ETF,27.959999084472656,2113500,Currency
2022-07-01,US Dollar Index ETF,28.049999237060547,2964500,Currency
2022-07-05,US Dollar Index ETF,28.450000762939453,3325500,Currency
2022-07-06,US Dollar Index ETF,28.579999923706055,4650600,Currency
2022-07-07,US Dollar Index ETF,28.59000015258789,2323700,Currency
2022-07-08,US Dollar Index ETF,28.56999969482422,1736300,Currency
2022-07-11,US Dollar Index ETF,28.899999618530273,4233500,Currency
2022-07-12,US Dollar Index ETF,28.889999389648438,1586700,Currency
2022-07-13,US Dollar Index ETF,28.829999923706055,1624200,Currency
2022-07-14,US Dollar Index ETF,29.030000686645508,3071100,Currency
2022-07-15,US Dollar Index ETF,28.860000610351562,2392000,Currency
2022-07-18,US Dollar Index ETF,28.700000762939453,3623300,Currency
2022-07-19,US Dollar Index ETF,28.520000457763672,3228200,Currency
2022-07-20,US Dollar Index ETF,28.600000381469727,2222100,Currency
2022-07-21,US Dollar Index ETF,28.520000457763672,2831800,Currency
2022-07-22,US Dollar Index ETF,28.479999542236328,3151300,Currency
2022-07-25,US Dollar Index ETF,28.440000534057617,2012600,Currency
2022-07-26,US Dollar Index ETF,28.65999984741211,2452400,Currency
2022-07-27,US Dollar Index ETF,28.420000076293945,4947700,Currency
2022-07-28,US Dollar Index ETF,28.399999618530273,2361500,Currency
2022-07-29,US Dollar Index ETF,28.290000915527344,5538600,Currency
2022-08-01,US Dollar Index ETF,28.18000030517578,5826900,Currency
2022-08-02,US Dollar Index ETF,28.360000610351562,15058800,Currency
2022-08-03,US Dollar Index ETF,28.440000534057617,2811300,Currency
2022-08-04,US Dollar Index ETF,28.260000228881836,2536100,Currency
2022-08-05,US Dollar Index ETF,28.5,3199400,Currency
2022-08-08,US Dollar Index ETF,28.459999084472656,2802800,Currency
2022-08-09,US Dollar Index ETF,28.43000030517578,1437600,Currency
2022-08-10,US Dollar Index ETF,28.1200008392334,6198200,Currency
2022-08-11,US Dollar Index ETF,28.139999389648438,2888900,Currency
2022-08-12,US Dollar Index ETF,28.25,3069800,Currency
2022-08-15,US Dollar Index ETF,28.5,4475400,Currency
2022-08-16,US Dollar Index ETF,28.489999771118164,3038700,Currency
2022-08-17,US Dollar Index ETF,28.530000686645508,2704800,Currency
2022-08-18,US Dollar Index ETF,28.75,2970300,Currency
2022-08-19,US Dollar Index ETF,28.93000030517578,3143700,Currency
2022-08-22,US Dollar Index ETF,29.170000076293945,4688200,Currency
2022-08-23,US Dollar Index ETF,29.049999237060547,14555300,Currency
2022-08-24,US Dollar Index ETF,29.06999969482422,4544400,Currency
2022-08-25,US Dollar Index ETF,29.020000457763672,2440300,Currency
2022-08-26,US Dollar Index ETF,29.1299991607666,2743800,Currency
2022-08-29,US Dollar Index ETF,29.139999389648438,3902000,Currency
2022-08-30,US Dollar Index ETF,29.1299991607666,2619700,Currency
2022-08-31,US Dollar Index ETF,29.110000610351562,2497800,Currency
2022-09-01,US Dollar Index ETF,29.3700008392334,4864200,Currency
2022-09-02,US Dollar Index ETF,29.3799991607666,2678200,Currency
2022-09-06,US Dollar Index ETF,29.549999237060547,15048800,Currency
2022-09-07,US Dollar Index ETF,29.34000015258789,3382800,Currency
2022-09-08,US Dollar Index ETF,29.399999618530273,2431100,Currency
2022-09-09,US Dollar Index ETF,29.190000534057617,3388900,Currency
2022-09-12,US Dollar Index ETF,29.040000915527344,3580900,Currency
2022-09-13,US Dollar Index ETF,29.440000534057617,7862100,Currency
2022-09-14,US Dollar Index ETF,29.3799991607666,2120700,Currency
2022-09-15,US Dollar Index ETF,29.399999618530273,2349500,Currency
2022-09-16,US Dollar Index ETF,29.399999618530273,3646500,Currency
2022-09-19,US Dollar Index ETF,29.3799991607666,1741700,Currency
2022-09-20,US Dollar Index ETF,29.520000457763672,2065100,Currency
2022-09-21,US Dollar Index ETF,29.809999465942383,4722000,Currency
2022-09-22,US Dollar Index ETF,29.850000381469727,2584200,Currency
2022-09-23,US Dollar Index ETF,30.31999969482422,4964300,Currency
2022-09-26,US Dollar Index ETF,30.65999984741211,7721000,Currency
2022-09-27,US Dollar Index ETF,30.670000076293945,7688600,Currency
2022-09-28,US Dollar Index ETF,30.270000457763672,9864700,Currency
2022-09-29,US Dollar Index ETF,30.149999618530273,6257300,Currency
2022-09-30,US Dollar Index ETF,30.149999618530273,4762000,Currency
2022-10-03,US Dollar Index ETF,30.010000228881836,3432000,Currency
2022-10-04,US Dollar Index ETF,29.600000381469727,12310600,Currency
2022-10-05,US Dollar Index ETF,29.8799991607666,4949000,Currency
2022-10-06,US Dollar Index ETF,30.18000030517578,3243700,Currency
2022-10-07,US Dollar Index ETF,30.299999237060547,4733000,Currency
2022-10-10,US Dollar Index ETF,30.43000030517578,4099600,Currency
2022-10-11,US Dollar Index ETF,30.450000762939453,4843100,Currency
2022-10-12,US Dollar Index ETF,30.450000762939453,2466400,Currency
2022-10-13,US Dollar Index ETF,30.25,7358300,Currency
2022-10-14,US Dollar Index ETF,30.459999084472656,3993800,Currency
2022-10-17,US Dollar Index ETF,30.149999618530273,4010000,Currency
2022-10-18,US Dollar Index ETF,30.1299991607666,5326500,Currency
2022-10-19,US Dollar Index ETF,30.350000381469727,3372900,Currency
2022-10-20,US Dollar Index ETF,30.3700008392334,3437500,Currency
2022-10-21,US Dollar Index ETF,30.110000610351562,6352400,Currency
2022-10-24,US Dollar Index ETF,30.139999389648438,3132200,Currency
2022-10-25,US Dollar Index ETF,29.809999465942383,5338900,Currency
2022-10-26,US Dollar Index ETF,29.5,7681000,Currency
2022-10-27,US Dollar Index ETF,29.729999542236328,4312800,Currency
2022-10-28,US Dollar Index ETF,29.780000686645508,2480000,Currency
2022-10-31,US Dollar Index ETF,30.030000686645508,2920800,Currency
2022-11-01,US Dollar Index ETF,30.020000457763672,3313600,Currency
2022-11-02,US Dollar Index ETF,30.149999618530273,5314900,Currency
2022-11-03,US Dollar Index ETF,30.399999618530273,8854500,Currency
2022-11-04,US Dollar Index ETF,29.829999923706055,5481400,Currency
2022-11-07,US Dollar Index ETF,29.65999984741211,3220200,Currency
2022-11-08,US Dollar Index ETF,29.530000686645508,4722300,Currency
2022-11-09,US Dollar Index ETF,29.75,2870800,Currency
2022-11-10,US Dollar Index ETF,29.06999969482422,10429200,Currency
2022-11-11,US Dollar Index ETF,28.649999618530273,8430900,Currency
2022-11-14,US Dollar Index ETF,28.780000686645508,6588500,Currency
2022-11-15,US Dollar Index ETF,28.68000030517578,5245200,Currency
2022-11-16,US Dollar Index ETF,28.6200008392334,2510600,Currency
2022-11-17,US Dollar Index ETF,28.729999542236328,3651700,Currency
2022-11-18,US Dollar Index ETF,28.809999465942383,3321400,Currency
2022-11-21,US Dollar Index ETF,29.059999465942383,3623300,Currency
2022-11-22,US Dollar Index ETF,28.8799991607666,3115900,Currency
2022-11-23,US Dollar Index ETF,28.579999923706055,4713200,Currency
2022-11-25,US Dollar Index ETF,28.579999923706055,1306400,Currency
2022-11-28,US Dollar Index ETF,28.790000915527344,2833000,Currency
2022-11-29,US Dollar Index ETF,28.84000015258789,1322500,Currency
2022-11-30,US Dollar Index ETF,28.610000610351562,4062300,Currency
2022-12-01,US Dollar Index ETF,28.260000228881836,6989500,Currency
2022-12-02,US Dollar Index ETF,28.229999542236328,3845600,Currency
2022-12-05,US Dollar Index ETF,28.459999084472656,5149200,Currency
2022-12-06,US Dollar Index ETF,28.479999542236328,4039400,Currency
2022-12-07,US Dollar Index ETF,28.389999389648438,2869900,Currency
2022-12-08,US Dollar Index ETF,28.299999237060547,2483300,Currency
2022-12-09,US Dollar Index ETF,28.360000610351562,2643000,Currency
2022-12-12,US Dollar Index ETF,28.3799991607666,4195200,Currency
2022-12-13,US Dollar Index ETF,28.1299991607666,9962200,Currency
2022-12-14,US Dollar Index ETF,28.0,5789100,Currency
2022-12-15,US Dollar Index ETF,28.260000228881836,9086600,Currency
2022-12-16,US Dollar Index ETF,28.309999465942383,5050300,Currency
2022-12-19,US Dollar Index ETF,28.06999969482422,5859400,Currency
2022-12-20,US Dollar Index ETF,27.8799991607666,3683600,Currency
2022-12-21,US Dollar Index ETF,27.950000762939453,4431800,Currency
2022-12-22,US Dollar Index ETF,27.989999771118164,2743500,Currency
2022-12-23,US Dollar Index ETF,27.979999542236328,1852300,Currency
2022-12-27,US Dollar Index ETF,27.969999313354492,3022400,Currency
2022-12-28,US Dollar Index ETF,28.06999969482422,1992100,Currency
2022-12-29,US Dollar Index ETF,27.899999618530273,2110500,Currency
2022-12-30,US Dollar Index ETF,27.809999465942383,3437100,Currency
2023-01-03,US Dollar Index ETF,28.110000610351562,4482600,Currency
2023-01-04,US Dollar Index ETF,28.010000228881836,1979100,Currency
2023-01-05,US Dollar Index ETF,28.270000457763672,3417800,Currency
2023-01-06,US Dollar Index ETF,27.899999618530273,3794000,Currency
2023-01-09,US Dollar Index ETF,27.729999542236328,9855100,Currency
2023-01-10,US Dollar Index ETF,27.75,1670000,Currency
2023-01-11,US Dollar Index ETF,27.75,1929800,Currency
2023-01-12,US Dollar Index ETF,27.479999542236328,4370500,Currency
2023-01-13,US Dollar Index ETF,27.469999313354492,2049500,Currency
2023-01-17,US Dollar Index ETF,27.549999237060547,2566900,Currency
2023-01-18,US Dollar Index ETF,27.549999237060547,3212900,Currency
2023-01-19,US Dollar Index ETF,27.479999542236328,2509100,Currency
2023-01-20,US Dollar Index ETF,27.440000534057617,2634900,Currency
2023-01-23,US Dollar Index ETF,27.479999542236328,3615600,Currency
2023-01-24,US Dollar Index ETF,27.450000762939453,1754000,Currency
2023-01-25,US Dollar Index ETF,27.360000610351562,2230900,Currency
2023-01-26,US Dollar Index ETF,27.43000030517578,2657100,Currency
2023-01-27,US Dollar Index ETF,27.469999313354492,2554400,Currency
2023-01-30,US Dollar Index ETF,27.56999969482422,3006500,Currency
2023-01-31,US Dollar Index ETF,27.510000228881836,2126300,Currency
2023-02-01,US Dollar Index ETF,27.25,7138000,Currency
2023-02-02,US Dollar Index ETF,27.43000030517578,4302100,Currency
2023-02-03,US Dollar Index ETF,27.790000915527344,7868200,Currency
2023-02-06,US Dollar Index ETF,27.950000762939453,6884400,Currency
2023-02-07,US Dollar Index ETF,27.899999618530273,4282800,Currency
2023-02-08,US Dollar Index ETF,27.93000030517578,1416500,Currency
2023-02-09,US Dollar Index ETF,27.889999389648438,3609000,Currency
2023-02-10,US Dollar Index ETF,27.979999542236328,3201800,Currency
2023-02-13,US Dollar Index ETF,27.899999618530273,2010600,Currency
2023-02-14,US Dollar Index ETF,27.8799991607666,3456700,Currency
2023-02-15,US Dollar Index ETF,28.06999969482422,4805900,Currency
2023-02-16,US Dollar Index ETF,28.110000610351562,4101800,Currency
2023-02-17,US Dollar Index ETF,28.09000015258789,4187800,Currency
2023-02-21,US Dollar Index ETF,28.18000030517578,2532000,Currency
2023-02-22,US Dollar Index ETF,28.270000457763672,1745200,Currency
2023-02-23,US Dollar Index ETF,28.280000686645508,4056600,Currency
2023-02-24,US Dollar Index ETF,28.489999771118164,4869300,Currency
2023-02-27,US Dollar Index ETF,28.34000015258789,3470300,Currency
2023-02-28,US Dollar Index ETF,28.420000076293945,4060400,Currency
2023-03-01,US Dollar Index ETF,28.270000457763672,3932300,Currency
2023-03-02,US Dollar Index ETF,28.420000076293945,3976200,Currency
2023-03-03,US Dollar Index ETF,28.309999465942383,2795100,Currency
2023-03-06,US Dollar Index ETF,28.270000457763672,4169000,Currency
2023-03-07,US Dollar Index ETF,28.6200008392334,4149300,Currency
2023-03-08,US Dollar Index ETF,28.610000610351562,3127600,Currency
2023-03-09,US Dollar Index ETF,28.530000686645508,2749300,Currency
2023-03-10,US Dollar Index ETF,28.350000381469727,5632800,Currency
2023-03-13,US Dollar Index ETF,28.09000015258789,5300200,Currency
2023-03-14,US Dollar Index ETF,28.09000015258789,3386400,Currency
2023-03-15,US Dollar Index ETF,28.389999389648438,5141900,Currency
2023-03-16,US Dollar Index ETF,28.360000610351562,2670100,Currency
2023-03-17,US Dollar Index ETF,28.200000762939453,2192400,Currency
2023-03-20,US Dollar Index ETF,28.040000915527344,2226300,Currency
2023-03-21,US Dollar Index ETF,28.030000686645508,2354900,Currency
2023-03-22,US Dollar Index ETF,27.81999969482422,5645600,Currency
2023-03-23,US Dollar Index ETF,27.860000610351562,3328800,Currency
2023-03-24,US Dollar Index ETF,28.030000686645508,2368700,Currency
2023-03-27,US Dollar Index ETF,27.940000534057617,1910500,Currency
2023-03-28,US Dollar Index ETF,27.84000015258789,2077200,Currency
2023-03-29,US Dollar Index ETF,27.90999984741211,1684100,Currency
2023-03-30,US Dollar Index ETF,27.780000686645508,1006600,Currency
2023-03-31,US Dollar Index ETF,27.8799991607666,2569800,Currency
2023-04-03,US Dollar Index ETF,27.75,1753500,Currency
2023-04-04,US Dollar Index ETF,27.639999389648438,2610700,Currency
2023-04-05,US Dollar Index ETF,27.719999313354492,2528900,Currency
2023-04-06,US Dollar Index ETF,27.739999771118164,2156600,Currency
2023-04-10,US Dollar Index ETF,27.899999618530273,1882500,Currency
2023-04-11,US Dollar Index ETF,27.799999237060547,785100,Currency
2023-04-12,US Dollar Index ETF,27.649999618530273,2645600,Currency
2023-04-13,US Dollar Index ETF,27.520000457763672,2468300,Currency
2023-04-14,US Dollar Index ETF,27.68000030517578,2777400,Currency
2023-04-17,US Dollar Index ETF,27.81999969482422,2011700,Currency
2023-04-18,US Dollar Index ETF,27.719999313354492,1713400,Currency
2023-04-19,US Dollar Index ETF,27.780000686645508,2011200,Currency
2023-04-20,US Dollar Index ETF,27.780000686645508,1992300,Currency
2023-04-21,US Dollar Index ETF,27.75,1885500,Currency
2023-04-24,US Dollar Index ETF,27.65999984741211,1424500,Currency
2023-04-25,US Dollar Index ETF,27.790000915527344,2056500,Currency
2023-04-26,US Dollar Index ETF,27.700000762939453,2395100,Currency
2023-04-27,US Dollar Index ETF,27.709999084472656,1971100,Currency
2023-04-28,US Dollar Index ETF,27.75,3285800,Currency
2023-05-01,US Dollar Index ETF,27.889999389648438,3558800,Currency
2023-05-02,US Dollar Index ETF,27.81999969482422,7964800,Currency
2023-05-03,US Dollar Index ETF,27.670000076293945,3155000,Currency
2023-05-04,US Dollar Index ETF,27.700000762939453,3589400,Currency
2023-05-05,US Dollar Index ETF,27.65999984741211,2238100,Currency
2023-05-08,US Dollar Index ETF,27.700000762939453,1426500,Currency
2023-05-09,US Dollar Index ETF,27.790000915527344,1240200,Currency
2023-05-10,US Dollar Index ETF,27.739999771118164,1378900,Currency
2023-05-11,US Dollar Index ETF,27.920000076293945,3647200,Currency
2023-05-12,US Dollar Index ETF,28.100000381469727,2961100,Currency
2023-05-15,US Dollar Index ETF,28.020000457763672,1000300,Currency
2023-05-16,US Dollar Index ETF,28.09000015258789,2215200,Currency
2023-05-17,US Dollar Index ETF,28.139999389648438,1376300,Currency
2023-05-18,US Dollar Index ETF,28.350000381469727,2358100,Currency
2023-05-19,US Dollar Index ETF,28.270000457763672,1897300,Currency
2023-05-22,US Dollar Index ETF,28.290000915527344,1093400,Currency
2023-05-23,US Dollar Index ETF,28.3700008392334,925500,Currency
2023-05-24,US Dollar Index ETF,28.469999313354492,2664200,Currency
2023-05-25,US Dollar Index ETF,28.600000381469727,2450100,Currency
2023-05-26,US Dollar Index ETF,28.59000015258789,1989400,Currency
2023-05-30,US Dollar Index ETF,28.559999465942383,2059000,Currency
2023-05-31,US Dollar Index ETF,28.610000610351562,1903400,Currency
2023-06-01,US Dollar Index ETF,28.270000457763672,5617500,Currency
2023-06-02,US Dollar Index ETF,28.56999969482422,7704500,Currency
2023-06-05,US Dollar Index ETF,28.520000457763672,2170600,Currency
2023-06-06,US Dollar Index ETF,28.610000610351562,704000,Currency
2023-06-07,US Dollar Index ETF,28.6200008392334,890200,Currency
2023-06-08,US Dollar Index ETF,28.389999389648438,1922100,Currency
2023-06-09,US Dollar Index ETF,28.479999542236328,1252100,Currency
2023-06-12,US Dollar Index ETF,28.489999771118164,1207500,Currency
2023-06-13,US Dollar Index ETF,28.399999618530273,2690300,Currency
2023-06-14,US Dollar Index ETF,28.260000228881836,6221200,Currency
2023-06-15,US Dollar Index ETF,28.100000381469727,1918400,Currency
2023-06-16,US Dollar Index ETF,28.149999618530273,1682400,Currency
2023-06-20,US Dollar Index ETF,28.229999542236328,1405700,Currency
2023-06-21,US Dollar Index ETF,28.100000381469727,1237700,Currency
2023-06-22,US Dollar Index ETF,28.200000762939453,1311100,Currency
2023-06-23,US Dollar Index ETF,28.350000381469727,1626800,Currency
2023-06-26,US Dollar Index ETF,28.31999969482422,1055900,Currency
2023-06-27,US Dollar Index ETF,28.25,1113700,Currency
2023-06-28,US Dollar Index ETF,28.3799991607666,1333200,Currency
2023-06-29,US Dollar Index ETF,28.5,722600,Currency
2023-06-30,US Dollar Index ETF,28.3799991607666,1517000,Currency
2023-07-03,US Dollar Index ETF,28.40999984741211,847300,Currency
2023-07-05,US Dollar Index ETF,28.540000915527344,828400,Currency
2023-07-06,US Dollar Index ETF,28.469999313354492,882700,Currency
2023-07-07,US Dollar Index ETF,28.229999542236328,1959500,Currency
2023-07-10,US Dollar Index ETF,28.15999984741211,1270700,Currency
2023-07-11,US Dollar Index ETF,28.09000015258789,2025000,Currency
2023-07-12,US Dollar Index ETF,27.760000228881836,1287900,Currency
2023-07-13,US Dollar Index ETF,27.56999969482422,1183700,Currency
2023-07-14,US Dollar Index ETF,27.6200008392334,838300,Currency
2023-07-17,US Dollar Index ETF,27.59000015258789,1196900,Currency
2023-07-18,US Dollar Index ETF,27.610000610351562,669900,Currency
2023-07-19,US Dollar Index ETF,27.719999313354492,1566900,Currency
2023-07-20,US Dollar Index ETF,27.8799991607666,2486600,Currency
2023-07-21,US Dollar Index ETF,27.959999084472656,2215600,Currency
2023-07-24,US Dollar Index ETF,28.059999465942383,1487700,Currency
2023-07-25,US Dollar Index ETF,28.030000686645508,1526200,Currency
2023-07-26,US Dollar Index ETF,27.950000762939453,1435500,Currency
2023-07-27,US Dollar Index ETF,28.209999084472656,3183500,Currency
2023-07-28,US Dollar Index ETF,28.170000076293945,1139000,Currency
2023-07-31,US Dollar Index ETF,28.219999313354492,889000,Currency
2023-08-01,US Dollar Index ETF,28.350000381469727,1082000,Currency
2023-08-02,US Dollar Index ETF,28.450000762939453,726900,Currency
2023-08-03,US Dollar Index ETF,28.43000030517578,519600,Currency
2023-08-04,US Dollar Index ETF,28.290000915527344,851800,Currency
2023-08-07,US Dollar Index ETF,28.309999465942383,348300,Currency
2023-08-08,US Dollar Index ETF,28.440000534057617,649200,Currency
2023-08-09,US Dollar Index ETF,28.459999084472656,889100,Currency
2023-08-10,US Dollar Index ETF,28.510000228881836,1192400,Currency
2023-08-11,US Dollar Index ETF,28.56999969482422,1444900,Currency
2023-08-14,US Dollar Index ETF,28.670000076293945,846800,Currency
2023-08-15,US Dollar Index ETF,28.68000030517578,952900,Currency
2023-08-16,US Dollar Index ETF,28.760000228881836,1066900,Currency
2023-08-17,US Dollar Index ETF,28.75,686700,Currency
2023-08-18,US Dollar Index ETF,28.770000457763672,677100,Currency
2023-08-21,US Dollar Index ETF,28.739999771118164,2276700,Currency
2023-08-22,US Dollar Index ETF,28.84000015258789,649000,Currency
2023-08-23,US Dollar Index ETF,28.739999771118164,2112800,Currency
2023-08-24,US Dollar Index ETF,28.969999313354492,1421000,Currency
2023-08-25,US Dollar Index ETF,29.010000228881836,2377400,Currency
2023-08-28,US Dollar Index ETF,28.959999084472656,710700,Currency
2023-08-29,US Dollar Index ETF,28.799999237060547,2199100,Currency
2023-08-30,US Dollar Index ETF,28.75,2983600,Currency
2023-08-31,US Dollar Index ETF,28.889999389648438,2707600,Currency
2023-09-01,US Dollar Index ETF,29.06999969482422,1260500,Currency
2023-09-05,US Dollar Index ETF,29.219999313354492,1215500,Currency
2023-09-06,US Dollar Index ETF,29.229999542236328,647600,Currency
2023-09-07,US Dollar Index ETF,29.299999237060547,1034600,Currency
2023-09-08,US Dollar Index ETF,29.329999923706055,1033200,Currency
2023-09-11,US Dollar Index ETF,29.190000534057617,630500,Currency
2023-09-12,US Dollar Index ETF,29.239999771118164,1827200,Currency
2023-09-13,US Dollar Index ETF,29.260000228881836,549400,Currency
2023-09-14,US Dollar Index ETF,29.440000534057617,1268500,Currency
2023-09-15,US Dollar Index ETF,29.420000076293945,1295700,Currency
2023-09-18,US Dollar Index ETF,29.3700008392334,479400,Currency
2023-09-19,US Dollar Index ETF,29.389999389648438,366500,Currency
2023-09-20,US Dollar Index ETF,29.440000534057617,827900,Currency
2023-09-21,US Dollar Index ETF,29.459999084472656,980500,Currency
2023-09-22,US Dollar Index ETF,29.530000686645508,1063900,Currency
2023-09-25,US Dollar Index ETF,29.639999389648438,1412600,Currency
2023-09-26,US Dollar Index ETF,29.729999542236328,1642700,Currency
2023-09-27,US Dollar Index ETF,29.8700008392334,1609900,Currency
2023-09-28,US Dollar Index ETF,29.709999084472656,1106400,Currency
2023-09-29,US Dollar Index ETF,29.729999542236328,1590300,Currency
2023-10-02,US Dollar Index ETF,29.959999084472656,3727200,Currency
2023-10-03,US Dollar Index ETF,29.989999771118164,2486400,Currency
2023-10-04,US Dollar Index ETF,29.899999618530273,1114900,Currency
2023-10-05,US Dollar Index ETF,29.799999237060547,1368300,Currency
2023-10-06,US Dollar Index ETF,29.739999771118164,1492000,Currency
2023-10-09,US Dollar Index ETF,29.729999542236328,1777700,Currency
2023-10-10,US Dollar Index ETF,29.65999984741211,2275900,Currency
2023-10-11,US Dollar Index ETF,29.65999984741211,1343600,Currency
2023-10-12,US Dollar Index ETF,29.90999984741211,1691000,Currency
2023-10-13,US Dollar Index ETF,29.93000030517578,942200,Currency
2023-10-16,US Dollar Index ETF,29.799999237060547,761500,Currency
2023-10-17,US Dollar Index ETF,29.809999465942383,603400,Currency
2023-10-18,US Dollar Index ETF,29.920000076293945,799000,Currency
2023-10-19,US Dollar Index ETF,29.829999923706055,1728900,Currency
2023-10-20,US Dollar Index ETF,29.84000015258789,769500,Currency
2023-10-23,US Dollar Index ETF,29.690000534057617,1462800,Currency
2023-10-24,US Dollar Index ETF,29.860000610351562,1564900,Currency
2023-10-25,US Dollar Index ETF,29.940000534057617,1347000,Currency
2023-10-26,US Dollar Index ETF,30.010000228881836,1026300,Currency
2023-10-27,US Dollar Index ETF,29.969999313354492,1032400,Currency
2023-10-30,US Dollar Index ETF,29.850000381469727,719400,Currency
2023-10-31,US Dollar Index ETF,30.030000686645508,970400,Currency
2023-11-01,US Dollar Index ETF,30.040000915527344,3264600,Currency
2023-11-02,US Dollar Index ETF,29.889999389648438,1849900,Currency
2023-11-03,US Dollar Index ETF,29.610000610351562,3525400,Currency
2023-11-06,US Dollar Index ETF,29.639999389648438,1529900,Currency
2023-11-07,US Dollar Index ETF,29.739999771118164,1004600,Currency
2023-11-08,US Dollar Index ETF,29.729999542236328,585300,Currency
2023-11-09,US Dollar Index ETF,29.860000610351562,1062400,Currency
2023-11-10,US Dollar Index ETF,29.84000015258789,836200,Currency
2023-11-13,US Dollar Index ETF,29.799999237060547,3831800,Currency
2023-11-14,US Dollar Index ETF,29.329999923706055,2938300,Currency
2023-11-15,US Dollar Index ETF,29.440000534057617,1378300,Currency
2023-11-16,US Dollar Index ETF,29.459999084472656,790900,Currency
2023-11-17,US Dollar Index ETF,29.299999237060547,1455100,Currency
2023-11-20,US Dollar Index ETF,29.209999084472656,1715000,Currency
2023-11-21,US Dollar Index ETF,29.239999771118164,1349700,Currency
2023-11-22,US Dollar Index ETF,29.34000015258789,4330300,Currency
2023-11-24,US Dollar Index ETF,29.209999084472656,983600,Currency
2023-11-27,US Dollar Index ETF,29.149999618530273,1450400,Currency
2023-11-28,US Dollar Index ETF,29.049999237060547,1524100,Currency
2023-11-29,US Dollar Index ETF,29.079999923706055,1900400,Currency
2023-11-30,US Dollar Index ETF,29.290000915527344,4121100,Currency
2023-12-01,US Dollar Index ETF,29.200000762939453,2520400,Currency
2023-12-04,US Dollar Index ETF,29.329999923706055,2271800,Currency
2023-12-05,US Dollar Index ETF,29.440000534057617,1836800,Currency
2023-12-06,US Dollar Index ETF,29.510000228881836,1537500,Currency
2023-12-07,US Dollar Index ETF,29.350000381469727,2570400,Currency
2023-12-08,US Dollar Index ETF,29.459999084472656,1460900,Currency
2023-12-11,US Dollar Index ETF,29.5,956200,Currency
2023-12-12,US Dollar Index ETF,29.420000076293945,1034200,Currency
2023-12-13,US Dollar Index ETF,29.170000076293945,1509200,Currency
2023-12-14,US Dollar Index ETF,28.899999618530273,3746200,Currency
2023-12-15,US Dollar Index ETF,29.09000015258789,4411500,Currency
2023-12-18,US Dollar Index ETF,27.34000015258789,1916800,Currency
2023-12-19,US Dollar Index ETF,27.219999313354492,2544400,Currency
2023-12-20,US Dollar Index ETF,27.34000015258789,2362500,Currency
2023-12-21,US Dollar Index ETF,27.15999984741211,1696100,Currency
2023-12-22,US Dollar Index ETF,27.149999618530273,1511500,Currency
2023-12-26,US Dollar Index ETF,27.09000015258789,1106200,Currency
2023-12-27,US Dollar Index ETF,26.950000762939453,783700,Currency
2023-12-28,US Dollar Index ETF,27.040000915527344,2087100,Currency
2023-12-29,US Dollar Index ETF,27.09000015258789,983800,Currency
2024-01-02,US Dollar Index ETF,27.31999969482422,2109400,Currency
2024-01-03,US Dollar Index ETF,27.40999984741211,1222900,Currency
2024-01-04,US Dollar Index ETF,27.40999984741211,2839300,Currency
2024-01-05,US Dollar Index ETF,27.40999984741211,1082100,Currency
2024-01-08,US Dollar Index ETF,27.360000610351562,1193100,Currency
2024-01-09,US Dollar Index ETF,27.450000762939453,407200,Currency
2024-01-10,US Dollar Index ETF,27.399999618530273,1514800,Currency
2024-01-11,US Dollar Index ETF,27.420000076293945,1172800,Currency
2024-01-12,US Dollar Index ETF,27.450000762939453,849300,Currency
2024-01-16,US Dollar Index ETF,27.690000534057617,1061500,Currency
2024-01-17,US Dollar Index ETF,27.709999084472656,930100,Currency
2024-01-18,US Dollar Index ETF,27.739999771118164,2123700,Currency
2024-01-19,US Dollar Index ETF,27.700000762939453,1116600,Currency
2024-01-22,US Dollar Index ETF,27.709999084472656,2171700,Currency
2024-01-23,US Dollar Index ETF,27.780000686645508,996900,Currency
2024-01-24,US Dollar Index ETF,27.700000762939453,851100,Currency
2024-01-25,US Dollar Index ETF,27.780000686645508,1250900,Currency
2024-01-26,US Dollar Index ETF,27.780000686645508,1154700,Currency
2024-01-29,US Dollar Index ETF,27.780000686645508,1286200,Currency
2024-01-30,US Dollar Index ETF,27.760000228881836,460600,Currency
2024-01-31,US Dollar Index ETF,27.829999923706055,3424500,Currency
2024-02-01,US Dollar Index ETF,27.690000534057617,3755500,Currency
2024-02-02,US Dollar Index ETF,27.940000534057617,3216000,Currency
2024-02-05,US Dollar Index ETF,28.09000015258789,3422600,Currency
2024-02-06,US Dollar Index ETF,28.010000228881836,621700,Currency
2024-02-07,US Dollar Index ETF,27.979999542236328,849000,Currency
2024-02-08,US Dollar Index ETF,28.010000228881836,1686900,Currency
2024-02-09,US Dollar Index ETF,27.989999771118164,1118200,Currency
2024-02-12,US Dollar Index ETF,28.020000457763672,1127700,Currency
2024-02-13,US Dollar Index ETF,28.239999771118164,3596900,Currency
2024-02-14,US Dollar Index ETF,28.190000534057617,3242200,Currency
2024-02-15,US Dollar Index ETF,28.079999923706055,948900,Currency
2024-02-16,US Dollar Index ETF,28.09000015258789,643500,Currency
2024-02-20,US Dollar Index ETF,28.049999237060547,1142700,Currency
2024-02-21,US Dollar Index ETF,28.020000457763672,878600,Currency
2024-02-22,US Dollar Index ETF,28.020000457763672,895300,Currency
2024-02-23,US Dollar Index ETF,28.040000915527344,538700,Currency
2024-02-26,US Dollar Index ETF,27.989999771118164,636800,Currency
2024-02-27,US Dollar Index ETF,28.010000228881836,1424900,Currency
2024-02-28,US Dollar Index ETF,28.030000686645508,502900,Currency
2024-02-29,US Dollar Index ETF,28.09000015258789,1038700,Currency
2024-03-01,US Dollar Index ETF,28.040000915527344,779700,Currency
2024-03-04,US Dollar Index ETF,28.040000915527344,853200,Currency
2024-03-05,US Dollar Index ETF,28.010000228881836,1249300,Currency
2024-03-06,US Dollar Index ETF,27.90999984741211,841600,Currency
2024-03-07,US Dollar Index ETF,27.770000457763672,1081500,Currency
2024-03-08,US Dollar Index ETF,27.780000686645508,940100,Currency
2024-03-11,US Dollar Index ETF,27.809999465942383,541900,Currency
2024-03-12,US Dollar Index ETF,27.829999923706055,832000,Currency
2024-03-13,US Dollar Index ETF,27.799999237060547,304700,Currency
2024-03-14,US Dollar Index ETF,27.950000762939453,1062900,Currency
2024-03-15,US Dollar Index ETF,27.979999542236328,396600,Currency
2024-03-18,US Dollar Index ETF,28.040000915527344,659700,Currency
2024-03-19,US Dollar Index ETF,28.110000610351562,909000,Currency
2024-03-20,US Dollar Index ETF,27.979999542236328,837900,Currency
2024-03-21,US Dollar Index ETF,28.170000076293945,719600,Currency
2024-03-22,US Dollar Index ETF,28.31999969482422,736500,Currency
2024-03-25,US Dollar Index ETF,28.25,255200,Currency
2024-03-26,US Dollar Index ETF,28.270000457763672,245800,Currency
2024-03-27,US Dollar Index ETF,28.290000915527344,209600,Currency
2024-03-28,US Dollar Index ETF,28.3700008392334,392000,Currency
2024-04-01,US Dollar Index ETF,28.479999542236328,664400,Currency
2024-04-02,US Dollar Index ETF,28.440000534057617,582100,Currency
2024-04-03,US Dollar Index ETF,28.309999465942383,3024900,Currency
2024-04-04,US Dollar Index ETF,28.309999465942383,1404900,Currency
2024-04-05,US Dollar Index ETF,28.34000015258789,469200,Currency
2024-04-08,US Dollar Index ETF,28.299999237060547,379200,Currency
2024-04-09,US Dollar Index ETF,28.290000915527344,599900,Currency
2024-04-10,US Dollar Index ETF,28.59000015258789,1016800,Currency
2024-04-11,US Dollar Index ETF,28.610000610351562,1112400,Currency
2024-04-12,US Dollar Index ETF,28.84000015258789,620700,Currency
2024-04-15,US Dollar Index ETF,28.889999389648438,614100,Currency
2024-04-16,US Dollar Index ETF,28.93000030517578,1490800,Currency
2024-04-17,US Dollar Index ETF,28.84000015258789,1293500,Currency
2024-04-18,US Dollar Index ETF,28.899999618530273,826400,Currency
2024-04-19,US Dollar Index ETF,28.899999618530273,831000,Currency
2024-04-22,US Dollar Index ETF,28.90999984741211,302600,Currency
2024-04-23,US Dollar Index ETF,28.790000915527344,780900,Currency
2024-04-24,US Dollar Index ETF,28.81999969482422,299700,Currency
2024-04-25,US Dollar Index ETF,28.760000228881836,639700,Currency
2024-04-26,US Dollar Index ETF,28.889999389648438,1018400,Currency
2024-04-29,US Dollar Index ETF,28.799999237060547,783200,Currency
2024-04-30,US Dollar Index ETF,28.979999542236328,819900,Currency
2024-05-01,US Dollar Index ETF,28.950000762939453,3025300,Currency
2024-05-02,US Dollar Index ETF,28.729999542236328,1344600,Currency
2024-05-03,US Dollar Index ETF,28.649999618530273,856400,Currency
2024-05-06,US Dollar Index ETF,28.68000030517578,1365000,Currency
2024-05-07,US Dollar Index ETF,28.760000228881836,450300,Currency
2024-05-08,US Dollar Index ETF,28.799999237060547,361700,Currency
2024-05-09,US Dollar Index ETF,28.700000762939453,388400,Currency
2024-05-10,US Dollar Index ETF,28.739999771118164,406200,Currency
2024-05-13,US Dollar Index ETF,28.729999542236328,371700,Currency
2024-05-14,US Dollar Index ETF,28.670000076293945,525200,Currency
2024-05-15,US Dollar Index ETF,28.489999771118164,705600,Currency
2024-05-16,US Dollar Index ETF,28.559999465942383,1726900,Currency
2024-05-17,US Dollar Index ETF,28.559999465942383,698000,Currency
2024-05-20,US Dollar Index ETF,28.600000381469727,296000,Currency
2024-05-21,US Dollar Index ETF,28.600000381469727,281200,Currency
2024-05-22,US Dollar Index ETF,28.690000534057617,309400,Currency
2024-05-23,US Dollar Index ETF,28.75,326300,Currency
2024-05-24,US Dollar Index ETF,28.65999984741211,253100,Currency
2024-05-28,US Dollar Index ETF,28.6200008392334,402200,Currency
2024-05-29,US Dollar Index ETF,28.780000686645508,383000,Currency
2024-05-30,US Dollar Index ETF,28.690000534057617,322100,Currency
2024-05-31,US Dollar Index ETF,28.670000076293945,797000,Currency
2024-06-03,US Dollar Index ETF,28.520000457763672,786900,Currency
2024-06-04,US Dollar Index ETF,28.530000686645508,540300,Currency
2024-06-05,US Dollar Index ETF,28.56999969482422,1348600,Currency
2024-06-06,US Dollar Index ETF,28.530000686645508,222500,Currency
2024-06-07,US Dollar Index ETF,28.770000457763672,369400,Currency
2024-06-10,US Dollar Index ETF,28.84000015258789,752800,Currency
2024-06-11,US Dollar Index ETF,28.8799991607666,396600,Currency
2024-06-12,US Dollar Index ETF,28.75,835200,Currency
2024-06-13,US Dollar Index ETF,28.860000610351562,2156700,Currency
2024-06-14,US Dollar Index ETF,28.989999771118164,434500,Currency
2024-06-17,US Dollar Index ETF,28.920000076293945,204900,Currency
2024-06-18,US Dollar Index ETF,28.90999984741211,179600,Currency
2024-06-20,US Dollar Index ETF,29.030000686645508,346900,Currency
2024-06-21,US Dollar Index ETF,29.100000381469727,935100,Currency
2024-06-24,US Dollar Index ETF,29.0,1158700,Currency
2024-06-25,US Dollar Index ETF,29.030000686645508,872400,Currency
2024-06-26,US Dollar Index ETF,29.170000076293945,334700,Currency
2024-06-27,US Dollar Index ETF,29.1299991607666,314400,Currency
2024-06-28,US Dollar Index ETF,29.1299991607666,941200,Currency
2024-07-01,US Dollar Index ETF,29.139999389648438,770900,Currency
2024-07-02,US Dollar Index ETF,29.100000381469727,544000,Currency
2024-07-03,US Dollar Index ETF,28.979999542236328,1535700,Currency
2024-07-05,US Dollar Index ETF,28.8799991607666,969300,Currency
2024-07-08,US Dollar Index ETF,28.93000030517578,333900,Currency
2024-07-09,US Dollar Index ETF,28.969999313354492,633200,Currency
2024-07-10,US Dollar Index ETF,28.940000534057617,929600,Currency
2024-07-11,US Dollar Index ETF,28.790000915527344,1004700,Currency
2024-07-12,US Dollar Index ETF,28.690000534057617,1111400,Currency
2024-07-15,US Dollar Index ETF,28.739999771118164,1727000,Currency
2024-07-16,US Dollar Index ETF,28.739999771118164,382600,Currency
2024-07-17,US Dollar Index ETF,28.610000610351562,1065900,Currency
2024-07-18,US Dollar Index ETF,28.739999771118164,1840600,Currency
2024-07-19,US Dollar Index ETF,28.81999969482422,378000,Currency
2024-07-22,US Dollar Index ETF,28.799999237060547,1065600,Currency
2024-07-23,US Dollar Index ETF,28.850000381469727,359000,Currency
2024-07-24,US Dollar Index ETF,28.84000015258789,313800,Currency
2024-07-25,US Dollar Index ETF,28.84000015258789,272000,Currency
2024-07-26,US Dollar Index ETF,28.81999969482422,230400,Currency
2024-07-29,US Dollar Index ETF,28.899999618530273,1107000,Currency
2024-07-30,US Dollar Index ETF,28.920000076293945,273800,Currency
2024-07-31,US Dollar Index ETF,28.760000228881836,533400,Currency
2024-08-01,US Dollar Index ETF,28.860000610351562,1206500,Currency
2024-08-02,US Dollar Index ETF,28.56999969482422,1180300,Currency
2024-08-05,US Dollar Index ETF,28.40999984741211,2084300,Currency
2024-08-06,US Dollar Index ETF,28.5,787300,Currency
2024-08-07,US Dollar Index ETF,28.559999465942383,921900,Currency
2024-08-08,US Dollar Index ETF,28.600000381469727,304900,Currency
2024-08-09,US Dollar Index ETF,28.56999969482422,350500,Currency
2024-08-12,US Dollar Index ETF,28.56999969482422,181600,Currency
2024-08-13,US Dollar Index ETF,28.420000076293945,229400,Currency
2024-08-14,US Dollar Index ETF,28.450000762939453,615900,Currency
2024-08-15,US Dollar Index ETF,28.549999237060547,378400,Currency
2024-08-16,US Dollar Index ETF,28.40999984741211,320200,Currency
2024-08-19,US Dollar Index ETF,28.260000228881836,4595700,Currency
2024-08-20,US Dollar Index ETF,28.15999984741211,487200,Currency
2024-08-21,US Dollar Index ETF,28.06999969482422,568500,Currency
2024-08-22,US Dollar Index ETF,28.200000762939453,3506400,Currency
2024-08-23,US Dollar Index ETF,27.959999084472656,968500,Currency
2024-08-26,US Dollar Index ETF,28.020000457763672,318200,Currency
2024-08-27,US Dollar Index ETF,27.93000030517578,1806500,Currency
2024-08-28,US Dollar Index ETF,28.09000015258789,588200,Currency
2024-08-29,US Dollar Index ETF,28.190000534057617,1799000,Currency
2024-08-30,US Dollar Index ETF,28.270000457763672,2138600,Currency
2024-09-03,US Dollar Index ETF,28.31999969482422,2698700,Currency
2024-09-04,US Dollar Index ETF,28.18000030517578,738600,Currency
2024-09-05,US Dollar Index ETF,28.139999389648438,426500,Currency
2024-09-06,US Dollar Index ETF,28.18000030517578,759100,Currency
2024-09-09,US Dollar Index ETF,28.299999237060547,361600,Currency
2024-09-10,US Dollar Index ETF,28.309999465942383,371600,Currency
2024-09-11,US Dollar Index ETF,28.34000015258789,332800,Currency
2024-09-12,US Dollar Index ETF,28.219999313354492,330200,Currency
2024-09-13,US Dollar Index ETF,28.18000030517578,957300,Currency
2024-09-16,US Dollar Index ETF,28.09000015258789,1623800,Currency
2024-09-17,US Dollar Index ETF,28.18000030517578,456000,Currency
2024-09-18,US Dollar Index ETF,28.209999084472656,638800,Currency
2024-09-19,US Dollar Index ETF,28.09000015258789,331100,Currency
2024-09-20,US Dollar Index ETF,28.139999389648438,370000,Currency
2024-09-23,US Dollar Index ETF,28.18000030517578,310900,Currency
2024-09-24,US Dollar Index ETF,28.020000457763672,213000,Currency
2024-09-25,US Dollar Index ETF,28.209999084472656,263300,Currency
2024-09-26,US Dollar Index ETF,28.079999923706055,389400,Currency
2024-09-27,US Dollar Index ETF,28.06999969482422,845300,Currency
2024-09-30,US Dollar Index ETF,28.18000030517578,1322300,Currency
2024-10-01,US Dollar Index ETF,28.299999237060547,1300200,Currency
2024-10-02,US Dollar Index ETF,28.420000076293945,815000,Currency
2024-10-03,US Dollar Index ETF,28.510000228881836,1203700,Currency
2024-10-04,US Dollar Index ETF,28.670000076293945,456200,Currency
2024-10-07,US Dollar Index ETF,28.690000534057617,283200,Currency
2024-10-08,US Dollar Index ETF,28.690000534057617,5172200,Currency
2024-10-09,US Dollar Index ETF,28.81999969482422,222300,Currency
2024-10-10,US Dollar Index ETF,28.809999465942383,349900,Currency
2024-10-11,US Dollar Index ETF,28.829999923706055,270200,Currency
2024-10-14,US Dollar Index ETF,28.920000076293945,1291800,Currency
2024-10-15,US Dollar Index ETF,28.940000534057617,373800,Currency
2024-10-16,US Dollar Index ETF,29.020000457763672,191500,Currency
2024-10-17,US Dollar Index ETF,29.110000610351562,720000,Currency
2024-10-18,US Dollar Index ETF,29.030000686645508,352900,Currency
2024-10-21,US Dollar Index ETF,29.15999984741211,304500,Currency
2024-10-22,US Dollar Index ETF,29.190000534057617,197200,Currency
2024-10-23,US Dollar Index ETF,29.290000915527344,1481600,Currency
2024-10-24,US Dollar Index ETF,29.18000030517578,294400,Currency
2024-10-25,US Dollar Index ETF,29.280000686645508,211400,Currency
2024-10-28,US Dollar Index ETF,29.280000686645508,208700,Currency
2024-10-29,US Dollar Index ETF,29.290000915527344,423900,Currency
2024-10-30,US Dollar Index ETF,29.219999313354492,395000,Currency
2024-10-31,US Dollar Index ETF,29.200000762939453,754400,Currency
2024-11-01,US Dollar Index ETF,29.31999969482422,591000,Currency
2024-11-04,US Dollar Index ETF,29.209999084472656,504800,Currency
2024-11-05,US Dollar Index ETF,29.09000015258789,1181500,Currency
2024-11-06,US Dollar Index ETF,29.559999465942383,1287600,Currency
2024-11-07,US Dollar Index ETF,29.31999969482422,1276600,Currency
2024-11-08,US Dollar Index ETF,29.520000457763672,439600,Currency
2024-11-11,US Dollar Index ETF,29.690000534057617,1832800,Currency
2024-11-12,US Dollar Index ETF,29.81999969482422,1604300,Currency
2024-11-13,US Dollar Index ETF,29.989999771118164,778700,Currency
2024-11-14,US Dollar Index ETF,30.110000610351562,678000,Currency
2024-11-15,US Dollar Index ETF,30.079999923706055,738200,Currency
2024-11-18,US Dollar Index ETF,29.93000030517578,1559100,Currency
2024-11-19,US Dollar Index ETF,29.920000076293945,707200,Currency
2024-11-20,US Dollar Index ETF,30.06999969482422,717900,Currency
2024-11-21,US Dollar Index ETF,30.170000076293945,706200,Currency
2024-11-22,US Dollar Index ETF,30.329999923706055,337600,Currency
2024-11-25,US Dollar Index ETF,30.1200008392334,1069600,Currency
2024-11-26,US Dollar Index ETF,30.15999984741211,904800,Currency
2024-11-27,US Dollar Index ETF,29.899999618530273,780700,Currency
2024-11-29,US Dollar Index ETF,29.850000381469727,475200,Currency
2024-12-02,US Dollar Index ETF,30.030000686645508,850200,Currency
2024-12-03,US Dollar Index ETF,30.020000457763672,375700,Currency
2024-12-04,US Dollar Index ETF,30.010000228881836,475100,Currency
2024-12-05,US Dollar Index ETF,29.850000381469727,1046900,Currency
2024-12-06,US Dollar Index ETF,29.93000030517578,557500,Currency
2024-12-09,US Dollar Index ETF,29.979999542236328,1351700,Currency
2024-12-10,US Dollar Index ETF,30.049999237060547,480300,Currency
2024-12-11,US Dollar Index ETF,30.149999618530273,1269400,Currency
2024-12-12,US Dollar Index ETF,30.25,815600,Currency
2024-12-13,US Dollar Index ETF,30.260000228881836,1272800,Currency
2024-12-16,US Dollar Index ETF,30.209999084472656,1629900,Currency
2024-12-17,US Dollar Index ETF,30.239999771118164,392100,Currency
2024-12-18,US Dollar Index ETF,30.59000015258789,988500,Currency
2024-12-19,US Dollar Index ETF,30.649999618530273,713700,Currency
2024-12-20,US Dollar Index ETF,30.5,992000,Currency
2024-12-23,US Dollar Index ETF,29.290000915527344,818700,Currency
2024-12-24,US Dollar Index ETF,29.3700008392334,388600,Currency
2024-12-26,US Dollar Index ETF,29.309999465942383,554600,Currency
2024-12-27,US Dollar Index ETF,29.260000228881836,462200,Currency
2024-12-30,US Dollar Index ETF,29.290000915527344,775000,Currency
2024-12-31,US Dollar Index ETF,29.420000076293945,752400,Currency
2025-01-02,US Dollar Index ETF,29.670000076293945,1397600,Currency
2025-01-03,US Dollar Index ETF,29.579999923706055,7968000,Currency
2025-01-06,US Dollar Index ETF,29.389999389648438,3883300,Currency
2025-01-07,US Dollar Index ETF,29.5,1505600,Currency
2025-01-08,US Dollar Index ETF,29.610000610351562,2158500,Currency
2025-01-10,US Dollar Index ETF,29.760000228881836,1409900,Currency
2025-01-13,US Dollar Index ETF,29.850000381469727,1352600,Currency
2025-01-14,US Dollar Index ETF,29.65999984741211,1161100,Currency
2025-01-15,US Dollar Index ETF,29.610000610351562,1056200,Currency
2025-01-16,US Dollar Index ETF,29.610000610351562,658100,Currency
2025-01-17,US Dollar Index ETF,29.719999313354492,1072300,Currency
2025-01-21,US Dollar Index ETF,29.34000015258789,1743100,Currency
2025-01-22,US Dollar Index ETF,29.389999389648438,1497400,Currency
2025-01-23,US Dollar Index ETF,29.3799991607666,876500,Currency
2025-01-24,US Dollar Index ETF,29.200000762939453,10044500,Currency
2025-01-27,US Dollar Index ETF,29.209999084472656,978000,Currency
2025-01-28,US Dollar Index ETF,29.329999923706055,390100,Currency
2025-01-29,US Dollar Index ETF,29.389999389648438,1136700,Currency
2025-01-30,US Dollar Index ETF,29.389999389648438,897100,Currency
2025-01-31,US Dollar Index ETF,29.510000228881836,810300,Currency
2025-02-03,US Dollar Index ETF,29.639999389648438,2511700,Currency
2025-02-04,US Dollar Index ETF,29.3700008392334,1148400,Currency
2025-02-05,US Dollar Index ETF,29.31999969482422,1628200,Currency
2025-02-06,US Dollar Index ETF,29.299999237060547,1254400,Currency
2025-02-07,US Dollar Index ETF,29.43000030517578,1054500,Currency
2025-02-10,US Dollar Index ETF,29.520000457763672,754200,Currency
2025-02-11,US Dollar Index ETF,29.420000076293945,973400,Currency
2025-02-12,US Dollar Index ETF,29.440000534057617,865600,Currency
2025-02-13,US Dollar Index ETF,29.200000762939453,1642600,Currency
2025-02-14,US Dollar Index ETF,29.1200008392334,658600,Currency
2025-02-18,US Dollar Index ETF,29.18000030517578,1484900,Currency
2025-02-19,US Dollar Index ETF,29.209999084472656,518600,Currency
2025-02-20,US Dollar Index ETF,28.979999542236328,1311300,Currency
2025-02-21,US Dollar Index ETF,29.079999923706055,680500,Currency
2025-02-24,US Dollar Index ETF,29.100000381469727,885500,Currency
2025-02-25,US Dollar Index ETF,28.989999771118164,1099300,Currency
2025-02-26,US Dollar Index ETF,29.049999237060547,610400,Currency
2025-02-27,US Dollar Index ETF,29.260000228881836,1078900,Currency
2025-02-28,US Dollar Index ETF,29.389999389648438,2018300,Currency
2025-03-03,US Dollar Index ETF,29.110000610351562,1346700,Currency
2025-03-04,US Dollar Index ETF,28.850000381469727,971100,Currency
2025-03-05,US Dollar Index ETF,28.5,1374200,Currency
2025-03-06,US Dollar Index ETF,28.479999542236328,575500,Currency
2025-03-07,US Dollar Index ETF,28.389999389648438,531300,Currency
2025-03-10,US Dollar Index ETF,28.40999984741211,1299800,Currency
2025-03-11,US Dollar Index ETF,28.25,1346900,Currency
2025-03-12,US Dollar Index ETF,28.31999969482422,408700,Currency
2025-03-13,US Dollar Index ETF,28.420000076293945,468900,Currency
2025-03-14,US Dollar Index ETF,28.389999389648438,1693600,Currency
2025-03-17,US Dollar Index ETF,28.280000686645508,569900,Currency
2025-03-18,US Dollar Index ETF,28.260000228881836,457600,Currency
2025-03-19,US Dollar Index ETF,28.329999923706055,382600,Currency
2025-03-20,US Dollar Index ETF,28.40999984741211,765300,Currency
2025-03-21,US Dollar Index ETF,28.5,621400,Currency
2025-03-24,US Dollar Index ETF,28.549999237060547,551000,Currency
2025-03-25,US Dollar Index ETF,28.520000457763672,329100,Currency
2025-03-26,US Dollar Index ETF,28.649999618530273,318900,Currency
2025-03-27,US Dollar Index ETF,28.559999465942383,618200,Currency
2025-03-28,US Dollar Index ETF,28.510000228881836,364700,Currency
2025-03-31,US Dollar Index ETF,28.540000915527344,980900,Currency
2025-04-01,US Dollar Index ETF,28.56999969482422,371300,Currency
2025-04-02,US Dollar Index ETF,28.450000762939453,382800,Currency
2025-04-03,US Dollar Index ETF,27.950000762939453,5057800,Currency
2025-04-04,US Dollar Index ETF,28.260000228881836,1486100,Currency
2025-04-07,US Dollar Index ETF,28.3799991607666,2740500,Currency
2025-04-08,US Dollar Index ETF,28.25,491600,Currency
2025-04-09,US Dollar Index ETF,28.290000915527344,1720700,Currency
2025-04-10,US Dollar Index ETF,27.700000762939453,1867600,Currency
2025-04-11,US Dollar Index ETF,27.450000762939453,1811600,Currency
2025-04-14,US Dollar Index ETF,27.360000610351562,967700,Currency
2025-04-15,US Dollar Index ETF,27.510000228881836,757700,Currency
2025-04-16,US Dollar Index ETF,27.280000686645508,1330500,Currency
2025-04-17,US Dollar Index ETF,27.299999237060547,499900,Currency
2025-04-21,US Dollar Index ETF,27.040000915527344,1208900,Currency
2025-04-22,US Dollar Index ETF,27.190000534057617,2219200,Currency
2025-04-23,US Dollar Index ETF,27.440000534057617,3933500,Currency
2025-04-24,US Dollar Index ETF,27.31999969482422,757100,Currency
2025-04-25,US Dollar Index ETF,27.389999389648438,680600,Currency
2025-04-28,US Dollar Index ETF,27.219999313354492,520300,Currency
2025-04-29,US Dollar Index ETF,27.309999465942383,852100,Currency
2025-04-30,US Dollar Index ETF,27.40999984741211,829300,Currency
2025-05-01,US Dollar Index ETF,27.56999969482422,1921400,Currency
2025-05-02,US Dollar Index ETF,27.530000686645508,1285500,Currency
2025-05-05,US Dollar Index ETF,27.479999542236328,617700,Currency
2025-05-06,US Dollar Index ETF,27.309999465942383,650000,Currency
2025-05-07,US Dollar Index ETF,27.510000228881836,812100,Currency
2025-05-08,US Dollar Index ETF,27.739999771118164,869400,Currency
2025-05-09,US Dollar Index ETF,27.65999984741211,1307000,Currency
2025-05-12,US Dollar Index ETF,28.049999237060547,1948500,Currency
2025-05-13,US Dollar Index ETF,27.809999465942383,736900,Currency
2025-05-14,US Dollar Index ETF,27.8700008392334,1026600,Currency
2025-05-15,US Dollar Index ETF,27.799999237060547,850400,Currency
2025-05-16,US Dollar Index ETF,27.8799991607666,807800,Currency
2025-05-19,US Dollar Index ETF,27.690000534057617,894200,Currency
2025-05-20,US Dollar Index ETF,27.610000610351562,430300,Currency
2025-05-21,US Dollar Index ETF,27.489999771118164,859200,Currency
2025-05-22,US Dollar Index ETF,27.56999969482422,656700,Currency
2025-05-23,US Dollar Index ETF,27.3700008392334,1261300,Currency
2025-05-27,US Dollar Index ETF,27.520000457763672,1060500,Currency
2025-05-28,US Dollar Index ETF,27.610000610351562,801300,Currency
2025-05-29,US Dollar Index ETF,27.459999084472656,980400,Currency
2025-05-30,US Dollar Index ETF,27.450000762939453,1030000,Currency
2025-06-02,US Dollar Index ETF,27.260000228881836,1051200,Currency
2025-06-03,US Dollar Index ETF,27.440000534057617,1306600,Currency
2025-06-04,US Dollar Index ETF,27.31999969482422,769700,Currency
2025-06-05,US Dollar Index ETF,27.299999237060547,1105500,Currency
2025-06-06,US Dollar Index ETF,27.440000534057617,758400,Currency
2025-06-09,US Dollar Index ETF,27.3700008392334,604600,Currency
2025-06-10,US Dollar Index ETF,27.399999618530273,732100,Currency
2025-06-11,US Dollar Index ETF,27.299999237060547,833300,Currency
2025-06-12,US Dollar Index ETF,27.100000381469727,1260800,Currency
2025-06-13,US Dollar Index ETF,27.170000076293945,2720900,Currency
2025-06-16,US Dollar Index ETF,27.200000762939453,1534100,Currency
2025-06-17,US Dollar Index ETF,27.3799991607666,2361400,Currency
2025-06-18,US Dollar Index ETF,27.43000030517578,2202600,Currency
2025-06-20,US Dollar Index ETF,27.399999618530273,1191600,Currency
2025-06-23,US Dollar Index ETF,27.290000915527344,2885600,Currency
2025-06-24,US Dollar Index ETF,27.149999618530273,1538800,Currency
2025-06-25,US Dollar Index ETF,27.079999923706055,1828600,Currency
2025-06-26,US Dollar Index ETF,26.969999313354492,1559900,Currency
2025-06-27,US Dollar Index ETF,27.020000457763672,1373700,Currency
2025-06-30,US Dollar Index ETF,26.8799991607666,1023100,Currency
2025-07-01,US Dollar Index ETF,26.8700008392334,1503800,Currency
2025-07-02,US Dollar Index ETF,26.850000381469727,774500,Currency
2025-07-03,US Dollar Index ETF,26.979999542236328,1148900,Currency
2025-07-07,US Dollar Index ETF,27.06999969482422,1337800,Currency
2025-07-08,US Dollar Index ETF,27.09000015258789,1337300,Currency
2025-07-09,US Dollar Index ETF,27.09000015258789,703200,Currency
2025-07-10,US Dollar Index ETF,27.139999389648438,1244700,Currency
2025-07-11,US Dollar Index ETF,27.219999313354492,597500,Currency
2025-07-14,US Dollar Index ETF,27.290000915527344,1313500,Currency
2025-07-15,US Dollar Index ETF,27.440000534057617,1713300,Currency
2025-07-16,US Dollar Index ETF,27.34000015258789,2539400,Currency
2025-07-17,US Dollar Index ETF,27.459999084472656,1520200,Currency
2025-07-18,US Dollar Index ETF,27.420000076293945,910600,Currency
2025-07-21,US Dollar Index ETF,27.239999771118164,2401200,Currency
2025-07-22,US Dollar Index ETF,27.100000381469727,1688600,Currency
2025-07-23,US Dollar Index ETF,27.059999465942383,2129500,Currency
2025-07-24,US Dollar Index ETF,27.1299991607666,895000,Currency
2025-07-25,US Dollar Index ETF,27.190000534057617,871000,Currency
2025-07-28,US Dollar Index ETF,27.5,1843200,Currency
2025-07-29,US Dollar Index ETF,27.56999969482422,1876000,Currency
2025-07-30,US Dollar Index ETF,27.84000015258789,1900300,Currency
2025-07-31,US Dollar Index ETF,27.899999618530273,1316200,Currency
2025-08-01,US Dollar Index ETF,27.56999969482422,3105600,Currency
2025-08-04,US Dollar Index ETF,27.559999465942383,935500,Currency
2025-08-05,US Dollar Index ETF,27.559999465942383,1073700,Currency
2025-08-06,US Dollar Index ETF,27.399999618530273,1137500,Currency
2025-08-07,US Dollar Index ETF,27.3799991607666,1405500,Currency
2025-08-08,US Dollar Index ETF,27.43000030517578,490900,Currency
2025-08-11,US Dollar Index ETF,27.540000915527344,1225200,Currency
2025-08-12,US Dollar Index ETF,27.399999618530273,863100,Currency
2025-08-13,US Dollar Index ETF,27.329999923706055,962300,Currency
2025-08-14,US Dollar Index ETF,27.43000030517578,657100,Currency
2025-08-15,US Dollar Index ETF,27.34000015258789,660600,Currency
2025-08-18,US Dollar Index ETF,27.40999984741211,646000,Currency
2025-08-19,US Dollar Index ETF,27.479999542236328,582100,Currency
2025-08-20,US Dollar Index ETF,27.459999084472656,658600,Currency
2025-08-21,US Dollar Index ETF,27.600000381469727,1186400,Currency
2025-08-22,US Dollar Index ETF,27.329999923706055,1552700,Currency
2025-08-25,US Dollar Index ETF,27.549999237060547,791300,Currency
2025-08-26,US Dollar Index ETF,27.479999542236328,675500,Currency
2025-08-27,US Dollar Index ETF,27.489999771118164,524000,Currency
2025-08-28,US Dollar Index ETF,27.389999389648438,819400,Currency
2025-08-29,US Dollar Index ETF,27.3700008392334,661500,Currency
2025-09-02,US Dollar Index ETF,27.549999237060547,931700,Currency
2025-09-03,US Dollar Index ETF,27.5,577200,Currency
2025-09-04,US Dollar Index ETF,27.540000915527344,906000,Currency
2025-09-05,US Dollar Index ETF,27.399999618530273,1127400,Currency
2025-09-08,US Dollar Index ETF,27.309999465942383,513600,Currency
2025-09-09,US Dollar Index ETF,27.420000076293945,385200,Currency
2025-09-10,US Dollar Index ETF,27.440000534057617,465200,Currency
2025-09-11,US Dollar Index ETF,27.350000381469727,926000,Currency
2025-09-12,US Dollar Index ETF,27.389999389648438,1069900,Currency
2025-09-15,US Dollar Index ETF,27.299999237060547,586800,Currency
2025-09-16,US Dollar Index ETF,27.1299991607666,874700,Currency
2025-09-17,US Dollar Index ETF,27.219999313354492,1662000,Currency
2025-09-18,US Dollar Index ETF,27.350000381469727,1542100,Currency
2025-09-19,US Dollar Index ETF,27.43000030517578,715300,Currency
2025-09-22,US Dollar Index ETF,27.329999923706055,805500,Currency
2025-09-23,US Dollar Index ETF,27.309999465942383,886000,Currency
2025-09-24,US Dollar Index ETF,27.510000228881836,802100,Currency
2025-09-25,US Dollar Index ETF,27.700000762939453,1273600,Currency
2025-09-26,US Dollar Index ETF,27.600000381469727,605500,Currency
2025-09-29,US Dollar Index ETF,27.540000915527344,748800,Currency
2025-09-30,US Dollar Index ETF,27.510000228881836,1106800,Currency
2025-10-01,US Dollar Index ETF,27.5,1273400,Currency
2025-10-02,US Dollar Index ETF,27.540000915527344,949500,Currency
2025-10-03,US Dollar Index ETF,27.489999771118164,707700,Currency
2025-10-06,US Dollar Index ETF,27.6200008392334,967700,Currency
2025-10-07,US Dollar Index ETF,27.780000686645508,891000,Currency
2025-10-08,US Dollar Index ETF,27.84000015258789,937200,Currency
2025-10-09,US Dollar Index ETF,28.030000686645508,2422400,Currency
2025-10-10,US Dollar Index ETF,27.889999389648438,1210600,Currency
2025-10-13,US Dollar Index ETF,27.989999771118164,580700,Currency
2025-10-14,US Dollar Index ETF,27.90999984741211,805500,Currency
2025-10-15,US Dollar Index ETF,27.829999923706055,1133500,Currency
2025-10-16,US Dollar Index ETF,27.719999313354492,868100,Currency
2025-10-17,US Dollar Index ETF,27.75,670700,Currency
2025-10-20,US Dollar Index ETF,27.81999969482422,714500,Currency
2025-10-21,US Dollar Index ETF,27.93000030517578,1433400,Currency
2025-10-22,US Dollar Index ETF,27.899999618530273,1081100,Currency
2025-10-23,US Dollar Index ETF,27.90999984741211,501300,Currency
2025-10-24,US Dollar Index ETF,27.90999984741211,691800,Currency
2025-10-27,US Dollar Index ETF,27.8799991607666,818000,Currency
2025-10-28,US Dollar Index ETF,27.860000610351562,1573900,Currency
2025-10-29,US Dollar Index ETF,28.020000457763672,1968800,Currency
2025-10-30,US Dollar Index ETF,28.1299991607666,1519100,Currency
2025-10-31,US Dollar Index ETF,28.209999084472656,972400,Currency
2025-11-03,US Dollar Index ETF,28.229999542236328,852300,Currency
2025-11-04,US Dollar Index ETF,28.31999969482422,1204600,Currency
2025-11-05,US Dollar Index ETF,28.329999923706055,1340000,Currency
2025-11-06,US Dollar Index ETF,28.18000030517578,1293800,Currency
2025-11-07,US Dollar Index ETF,28.15999984741211,1150600,Currency
2025-11-10,US Dollar Index ETF,28.18000030517578,997900,Currency
2025-11-11,US Dollar Index ETF,28.139999389648438,1383900,Currency
2025-11-12,US Dollar Index ETF,28.149999618530273,1043900,Currency
2025-11-13,US Dollar Index ETF,28.06999969482422,1014100,Currency
2025-11-14,US Dollar Index ETF,28.110000610351562,1099300,Currency
2025-11-17,US Dollar Index ETF,28.18000030517578,1188500,Currency
2025-11-18,US Dollar Index ETF,28.209999084472656,1428100,Currency
2025-11-19,US Dollar Index ETF,28.389999389648438,1917200,Currency
2025-11-20,US Dollar Index ETF,28.40999984741211,1492900,Currency
2025-11-21,US Dollar Index ETF,28.389999389648438,1305200,Currency
2025-11-24,US Dollar Index ETF,28.389999389648438,996000,Currency
2025-11-25,US Dollar Index ETF,28.309999465942383,1281600,Currency
2025-11-26,US Dollar Index ETF,28.229999542236328,1130500,Currency
2025-11-28,US Dollar Index ETF,28.209999084472656,1215800,Currency
2025-12-01,US Dollar Index ETF,28.200000762939453,2996300,Currency
2025-12-02,US Dollar Index ETF,28.190000534057617,1528300,Currency
2025-12-03,US Dollar Index ETF,28.049999237060547,1962500,Currency
2025-12-04,US Dollar Index ETF,28.110000610351562,1479800,Currency
2025-12-05,US Dollar Index ETF,28.079999923706055,1639400,Currency
2025-12-08,US Dollar Index ETF,28.1200008392334,1143400,Currency
2025-12-09,US Dollar Index ETF,28.15999984741211,1191700,Currency
2025-12-10,US Dollar Index ETF,28.010000228881836,2309500,Currency
2025-12-11,US Dollar Index ETF,27.90999984741211,1143000,Currency
2025-12-12,US Dollar Index ETF,27.950000762939453,1141700,Currency
2025-12-15,US Dollar Index ETF,27.93000030517578,568400,Currency
2025-12-16,US Dollar Index ETF,27.899999618530273,881400,Currency
2025-12-17,US Dollar Index ETF,27.959999084472656,655400,Currency
2025-12-18,US Dollar Index ETF,27.979999542236328,764300,Currency
2025-12-19,US Dollar Index ETF,28.06999969482422,553300,Currency
2025-12-22,US Dollar Index ETF,27.030000686645508,1148200,Currency
2025-12-23,US Dollar Index ETF,26.940000534057617,1032800,Currency
2025-12-24,US Dollar Index ETF,26.950000762939453,699400,Currency
2025-12-26,US Dollar Index ETF,26.969999313354492,743400,Currency
2025-12-29,US Dollar Index ETF,26.979999542236328,794700,Currency
2025-12-30,US Dollar Index ETF,27.049999237060547,627500,Currency
2025-12-31,US Dollar Index ETF,27.030000686645508,575900,Currency
2026-01-02,US Dollar Index ETF,27.110000610351562,2375000,Currency
2026-01-05,US Dollar Index ETF,27.06999969482422,1632900,Currency
2026-01-06,US Dollar Index ETF,27.15999984741211,1253200,Currency
2026-01-07,US Dollar Index ETF,27.200000762939453,1122800,Currency
2026-01-08,US Dollar Index ETF,27.270000457763672,591000,Currency
2026-01-09,US Dollar Index ETF,27.329999923706055,806900,Currency
2026-01-12,US Dollar Index ETF,27.280000686645508,991700,Currency
2026-01-13,US Dollar Index ETF,27.350000381469727,747800,Currency
2026-01-14,US Dollar Index ETF,27.329999923706055,535700,Currency
2026-01-15,US Dollar Index ETF,27.43000030517578,700000,Currency
2026-01-16,US Dollar Index ETF,27.43000030517578,1463100,Currency
2026-01-20,US Dollar Index ETF,27.209999084472656,931300,Currency
2026-01-21,US Dollar Index ETF,27.270000457763672,1005400,Currency
2026-01-22,US Dollar Index ETF,27.149999618530273,826800,Currency
2026-01-23,US Dollar Index ETF,26.90999984741211,686100,Currency
2026-01-26,US Dollar Index ETF,26.780000686645508,1392400,Currency
2026-01-27,US Dollar Index ETF,26.469999313354492,1780800,Currency
2026-01-28,US Dollar Index ETF,26.6299991607666,2744700,Currency
2026-01-29,US Dollar Index ETF,26.59000015258789,1592500,Currency
2026-01-30,US Dollar Index ETF,26.850000381469727,2763800,Currency
2026-02-02,US Dollar Index ETF,26.989999771118164,2780900,Currency
2026-02-03,US Dollar Index ETF,26.920000076293945,1165000,Currency
2026-02-04,US Dollar Index ETF,27.010000228881836,1122400,Currency
2026-02-05,US Dollar Index ETF,27.09000015258789,1840300,Currency
2026-02-06,US Dollar Index ETF,27.010000228881836,1305200,Currency
2026-02-09,US Dollar Index ETF,26.790000915527344,1344900,Currency
2026-02-10,US Dollar Index ETF,26.799999237060547,1037900,Currency
2026-02-11,US Dollar Index ETF,26.829999923706055,1454400,Currency
2026-02-12,US Dollar Index ETF,26.81999969482422,1103000,Currency
2026-02-13,US Dollar Index ETF,26.81999969482422,840600,Currency
2026-02-17,US Dollar Index ETF,26.90999984741211,1048600,Currency
2026-02-18,US Dollar Index ETF,27.079999923706055,1865700,Currency
2026-02-19,US Dollar Index ETF,27.1200008392334,937600,Currency
2026-02-20,US Dollar Index ETF,27.09000015258789,1281600,Currency
2026-02-23,US Dollar Index ETF,27.09000015258789,713500,Currency
2026-02-24,US Dollar Index ETF,27.110000610351562,817300,Currency
2026-02-25,US Dollar Index ETF,27.079999923706055,1029100,Currency
2026-02-26,US Dollar Index ETF,27.100000381469727,1354900,Currency
2026-02-27,US Dollar Index ETF,27.079999923706055,1037400,Currency
2026-03-02,US Dollar Index ETF,27.329999923706055,3348800,Currency
2026-03-03,US Dollar Index ETF,27.459999084472656,3237200,Currency
2026-03-04,US Dollar Index ETF,27.40999984741211,2493200,Currency
2026-03-05,US Dollar Index ETF,27.479999542236328,4089300,Currency
2026-03-06,US Dollar Index ETF,27.469999313354492,3315900,Currency
2026-03-09,US Dollar Index ETF,27.459999084472656,4290500,Currency
2026-03-10,US Dollar Index ETF,27.450000762939453,3283500,Currency
2026-03-11,US Dollar Index ETF,27.549999237060547,3203200,Currency
2026-03-12,US Dollar Index ETF,27.68000030517578,2316100,Currency
2026-03-13,US Dollar Index ETF,27.889999389648438,4225700,Currency
2026-03-16,US Dollar Index ETF,27.729999542236328,7286100,Currency
2026-03-17,US Dollar Index ETF,27.68000030517578,3599400,Currency
2026-03-18,US Dollar Index ETF,27.850000381469727,4278500,Currency
2026-03-19,US Dollar Index ETF,27.579999923706055,5031400,Currency
2026-03-20,US Dollar Index ETF,27.68000030517578,4216900,Currency
2026-03-23,US Dollar Index ETF,27.559999465942383,4152900,Currency
2026-03-24,US Dollar Index ETF,27.649999618530273,3131800,Currency
2026-03-25,US Dollar Index ETF,27.700000762939453,3161100,Currency
2026-03-26,US Dollar Index ETF,27.809999465942383,2410200,Currency
2026-03-27,US Dollar Index ETF,27.84000015258789,2421300,Currency
2026-03-30,US Dollar Index ETF,27.979999542236328,2470800,Currency
2026-03-31,US Dollar Index ETF,27.780000686645508,3450000,Currency
2026-04-01,US Dollar Index ETF,27.729999542236328,4154600,Currency
2026-04-02,US Dollar Index ETF,27.860000610351562,3579400,Currency
2026-04-06,US Dollar Index ETF,27.829999923706055,3497200,Currency
2026-04-07,US Dollar Index ETF,27.75,3871900,Currency
2026-04-08,US Dollar Index ETF,27.530000686645508,5403000,Currency
2026-04-09,US Dollar Index ETF,27.479999542236328,3167600,Currency
2026-04-10,US Dollar Index ETF,27.440000534057617,4865800,Currency
2026-04-13,US Dollar Index ETF,27.3799991607666,3728900,Currency
2026-04-14,US Dollar Index ETF,27.31999969482422,4075700,Currency
2026-04-15,US Dollar Index ETF,27.290000915527344,1926300,Currency
2026-04-16,US Dollar Index ETF,27.3700008392334,1324700,Currency
2026-04-17,US Dollar Index ETF,27.360000610351562,1974600,Currency
2026-04-20,US Dollar Index ETF,27.31999969482422,1209500,Currency
2026-04-21,US Dollar Index ETF,27.469999313354492,1641300,Currency
2026-04-22,US Dollar Index ETF,27.479999542236328,768400,Currency
2026-04-23,US Dollar Index ETF,27.530000686645508,830200,Currency
2026-04-24,US Dollar Index ETF,27.479999542236328,1463800,Currency
2016-04-25,US Long Treasury ETF,127.83000183105469,5539500,Bond
2016-04-26,US Long Treasury ETF,127.25,7840000,Bond
2016-04-27,US Long Treasury ETF,128.52000427246094,8380100,Bond
2016-04-28,US Long Treasury ETF,129.0500030517578,7974600,Bond
2016-04-29,US Long Treasury ETF,129.3800048828125,7416300,Bond
2016-05-02,US Long Treasury ETF,127.81999969482422,11035200,Bond
2016-05-03,US Long Treasury ETF,129.42999267578125,10736700,Bond
2016-05-04,US Long Treasury ETF,130.13999938964844,7211200,Bond
2016-05-05,US Long Treasury ETF,131.00999450683594,7870400,Bond
2016-05-06,US Long Treasury ETF,130.4499969482422,7232500,Bond
2016-05-09,US Long Treasury ETF,130.86000061035156,4950800,Bond
2016-05-10,US Long Treasury ETF,130.8699951171875,4331900,Bond
2016-05-11,US Long Treasury ETF,131.61000061035156,9256000,Bond
2016-05-12,US Long Treasury ETF,131.00999450683594,6087400,Bond
2016-05-13,US Long Treasury ETF,132.27999877929688,8707300,Bond
2016-05-16,US Long Treasury ETF,131.13999938964844,5137000,Bond
2016-05-17,US Long Treasury ETF,131.36000061035156,4449100,Bond
2016-05-18,US Long Treasury ETF,129.49000549316406,12681000,Bond
2016-05-19,US Long Treasury ETF,130.0500030517578,6209400,Bond
2016-05-20,US Long Treasury ETF,130.14999389648438,5348900,Bond
2016-05-23,US Long Treasury ETF,130.44000244140625,6979700,Bond
2016-05-24,US Long Treasury ETF,129.86000061035156,5968200,Bond
2016-05-25,US Long Treasury ETF,129.3699951171875,6367400,Bond
2016-05-26,US Long Treasury ETF,130.0399932861328,5419300,Bond
2016-05-27,US Long Treasury ETF,129.85000610351562,5267600,Bond
2016-05-31,US Long Treasury ETF,130.16000366210938,8344300,Bond
2016-06-01,US Long Treasury ETF,130.4199981689453,9874900,Bond
2016-06-02,US Long Treasury ETF,131.36000061035156,5835400,Bond
2016-06-03,US Long Treasury ETF,133.22999572753906,11077200,Bond
2016-06-06,US Long Treasury ETF,132.24000549316406,7573700,Bond
2016-06-07,US Long Treasury ETF,132.55999755859375,4680200,Bond
2016-06-08,US Long Treasury ETF,133.27000427246094,5313200,Bond
2016-06-09,US Long Treasury ETF,134.1300048828125,6820300,Bond
2016-06-10,US Long Treasury ETF,134.77999877929688,6984600,Bond
2016-06-13,US Long Treasury ETF,135.3800048828125,7283300,Bond
2016-06-14,US Long Treasury ETF,135.27999877929688,9012500,Bond
2016-06-15,US Long Treasury ETF,135.8000030517578,7953200,Bond
2016-06-16,US Long Treasury ETF,136.4600067138672,10372700,Bond
2016-06-17,US Long Treasury ETF,135.61000061035156,8489900,Bond
2016-06-20,US Long Treasury ETF,134.16000366210938,7365900,Bond
2016-06-21,US Long Treasury ETF,133.5399932861328,6005800,Bond
2016-06-22,US Long Treasury ETF,133.75999450683594,5773700,Bond
2016-06-23,US Long Treasury ETF,132.22999572753906,9029100,Bond
2016-06-24,US Long Treasury ETF,135.77999877929688,17155000,Bond
2016-06-27,US Long Treasury ETF,139.1699981689453,16577100,Bond
2016-06-28,US Long Treasury ETF,139.4600067138672,14006400,Bond
2016-06-29,US Long Treasury ETF,138.38999938964844,12999800,Bond
2016-06-30,US Long Treasury ETF,138.89999389648438,14698500,Bond
2016-07-01,US Long Treasury ETF,140.57000732421875,15430200,Bond
2016-07-05,US Long Treasury ETF,142.3300018310547,8840800,Bond
2016-07-06,US Long Treasury ETF,142.55999755859375,14352800,Bond
2016-07-07,US Long Treasury ETF,142.5500030517578,9676400,Bond
2016-07-08,US Long Treasury ETF,143.60000610351562,10355300,Bond
2016-07-11,US Long Treasury ETF,142.33999633789062,8099000,Bond
2016-07-12,US Long Treasury ETF,140.0,15810600,Bond
2016-07-13,US Long Treasury ETF,141.64999389648438,8181700,Bond
2016-07-14,US Long Treasury ETF,139.58999633789062,10817000,Bond
2016-07-15,US Long Treasury ETF,138.38999938964844,9958600,Bond
2016-07-18,US Long Treasury ETF,138.25999450683594,5955900,Bond
2016-07-19,US Long Treasury ETF,139.0399932861328,8073900,Bond
2016-07-20,US Long Treasury ETF,138.27999877929688,6942500,Bond
2016-07-21,US Long Treasury ETF,138.55999755859375,10398400,Bond
2016-07-22,US Long Treasury ETF,138.8000030517578,5811400,Bond
2016-07-25,US Long Treasury ETF,138.6999969482422,4243800,Bond
2016-07-26,US Long Treasury ETF,138.9199981689453,5243400,Bond
2016-07-27,US Long Treasury ETF,140.64999389648438,8508100,Bond
2016-07-28,US Long Treasury ETF,140.38999938964844,7336100,Bond
2016-07-29,US Long Treasury ETF,141.55999755859375,8766700,Bond
2016-08-01,US Long Treasury ETF,139.77000427246094,9809300,Bond
2016-08-02,US Long Treasury ETF,138.3300018310547,10051200,Bond
2016-08-03,US Long Treasury ETF,138.41000366210938,4930600,Bond
2016-08-04,US Long Treasury ETF,139.4499969482422,5646000,Bond
2016-08-05,US Long Treasury ETF,138.0,7778600,Bond
2016-08-08,US Long Treasury ETF,138.25999450683594,5185200,Bond
2016-08-09,US Long Treasury ETF,139.6199951171875,5503200,Bond
2016-08-10,US Long Treasury ETF,140.16000366210938,5843500,Bond
2016-08-11,US Long Treasury ETF,138.91000366210938,7624600,Bond
2016-08-12,US Long Treasury ETF,140.0800018310547,7989600,Bond
2016-08-15,US Long Treasury ETF,138.75999450683594,5108600,Bond
2016-08-16,US Long Treasury ETF,138.38999938964844,6182700,Bond
2016-08-17,US Long Treasury ETF,139.22000122070312,5002000,Bond
2016-08-18,US Long Treasury ETF,139.44000244140625,3805200,Bond
2016-08-19,US Long Treasury ETF,138.7100067138672,5516300,Bond
2016-08-22,US Long Treasury ETF,139.8800048828125,5549700,Bond
2016-08-23,US Long Treasury ETF,140.02999877929688,6841400,Bond
2016-08-24,US Long Treasury ETF,139.6999969482422,6027800,Bond
2016-08-25,US Long Treasury ETF,139.1699981689453,5855500,Bond
2016-08-26,US Long Treasury ETF,138.36000061035156,12962500,Bond
2016-08-29,US Long Treasury ETF,140.2100067138672,7310400,Bond
2016-08-30,US Long Treasury ETF,139.6699981689453,5161800,Bond
2016-08-31,US Long Treasury ETF,139.8699951171875,7349700,Bond
2016-09-01,US Long Treasury ETF,139.77000427246094,9149100,Bond
2016-09-02,US Long Treasury ETF,138.6300048828125,8397000,Bond
2016-09-06,US Long Treasury ETF,139.63999938964844,8542600,Bond
2016-09-07,US Long Treasury ETF,139.5399932861328,5421800,Bond
2016-09-08,US Long Treasury ETF,137.7899932861328,14301500,Bond
2016-09-09,US Long Treasury ETF,135.52000427246094,13347700,Bond
2016-09-12,US Long Treasury ETF,135.58999633789062,9096600,Bond
2016-09-13,US Long Treasury ETF,134.0500030517578,15645400,Bond
2016-09-14,US Long Treasury ETF,134.25,7037700,Bond
2016-09-15,US Long Treasury ETF,133.6699981689453,9874500,Bond
2016-09-16,US Long Treasury ETF,134.75,7507900,Bond
2016-09-19,US Long Treasury ETF,134.30999755859375,7105900,Bond
2016-09-20,US Long Treasury ETF,134.77999877929688,6054800,Bond
2016-09-21,US Long Treasury ETF,135.8699951171875,10698100,Bond
2016-09-22,US Long Treasury ETF,136.9499969482422,12426200,Bond
2016-09-23,US Long Treasury ETF,136.82000732421875,5928800,Bond
2016-09-26,US Long Treasury ETF,137.69000244140625,8661300,Bond
2016-09-27,US Long Treasury ETF,138.6999969482422,9450400,Bond
2016-09-28,US Long Treasury ETF,138.39999389648438,7958700,Bond
2016-09-29,US Long Treasury ETF,138.75,8319800,Bond
2016-09-30,US Long Treasury ETF,137.50999450683594,11747100,Bond
2016-10-03,US Long Treasury ETF,136.80999755859375,7588800,Bond
2016-10-04,US Long Treasury ETF,135.2100067138672,12048700,Bond
2016-10-05,US Long Treasury ETF,134.5800018310547,8917700,Bond
2016-10-06,US Long Treasury ETF,133.8300018310547,7839900,Bond
2016-10-07,US Long Treasury ETF,133.9199981689453,9953200,Bond
2016-10-10,US Long Treasury ETF,133.1300048828125,6089100,Bond
2016-10-11,US Long Treasury ETF,132.8300018310547,9670400,Bond
2016-10-12,US Long Treasury ETF,132.9600067138672,7582400,Bond
2016-10-13,US Long Treasury ETF,133.4600067138672,7080600,Bond
2016-10-14,US Long Treasury ETF,131.58999633789062,11415100,Bond
2016-10-17,US Long Treasury ETF,132.42999267578125,10595900,Bond
2016-10-18,US Long Treasury ETF,132.86000061035156,7151000,Bond
2016-10-19,US Long Treasury ETF,132.97000122070312,6941300,Bond
2016-10-20,US Long Treasury ETF,133.11000061035156,6082300,Bond
2016-10-21,US Long Treasury ETF,133.30999755859375,9222700,Bond
2016-10-24,US Long Treasury ETF,132.72999572753906,6507500,Bond
2016-10-25,US Long Treasury ETF,133.0800018310547,5134700,Bond
2016-10-26,US Long Treasury ETF,132.17999267578125,5842500,Bond
2016-10-27,US Long Treasury ETF,130.74000549316406,10044700,Bond
2016-10-28,US Long Treasury ETF,130.4499969482422,7541000,Bond
2016-10-31,US Long Treasury ETF,131.25,7047500,Bond
2016-11-01,US Long Treasury ETF,131.00999450683594,12622400,Bond
2016-11-02,US Long Treasury ETF,131.5800018310547,8666200,Bond
2016-11-03,US Long Treasury ETF,130.57000732421875,6085400,Bond
2016-11-04,US Long Treasury ETF,131.74000549316406,7622600,Bond
2016-11-07,US Long Treasury ETF,130.6199951171875,5386700,Bond
2016-11-08,US Long Treasury ETF,130.08999633789062,7576500,Bond
2016-11-09,US Long Treasury ETF,124.56999969482422,31233500,Bond
2016-11-10,US Long Treasury ETF,122.7300033569336,22961200,Bond
2016-11-11,US Long Treasury ETF,122.04000091552734,10040200,Bond
2016-11-14,US Long Treasury ETF,121.30999755859375,21174400,Bond
2016-11-15,US Long Treasury ETF,121.91000366210938,11963700,Bond
2016-11-16,US Long Treasury ETF,123.01000213623047,9149500,Bond
2016-11-17,US Long Treasury ETF,121.19999694824219,11221600,Bond
2016-11-18,US Long Treasury ETF,120.8499984741211,13577700,Bond
2016-11-21,US Long Treasury ETF,121.1500015258789,6488100,Bond
2016-11-22,US Long Treasury ETF,121.11000061035156,9989900,Bond
2016-11-23,US Long Treasury ETF,120.63999938964844,13563500,Bond
2016-11-25,US Long Treasury ETF,120.81999969482422,3126300,Bond
2016-11-28,US Long Treasury ETF,121.70999908447266,8555000,Bond
2016-11-29,US Long Treasury ETF,122.22000122070312,8363000,Bond
2016-11-30,US Long Treasury ETF,120.23999786376953,21163500,Bond
2016-12-01,US Long Treasury ETF,118.7300033569336,21715700,Bond
2016-12-02,US Long Treasury ETF,119.5999984741211,12487500,Bond
2016-12-05,US Long Treasury ETF,119.47000122070312,12100100,Bond
2016-12-06,US Long Treasury ETF,119.37999725341797,11526600,Bond
2016-12-07,US Long Treasury ETF,120.4000015258789,10392200,Bond
2016-12-08,US Long Treasury ETF,118.9800033569336,12041100,Bond
2016-12-09,US Long Treasury ETF,117.5,14646400,Bond
2016-12-12,US Long Treasury ETF,117.72000122070312,9496300,Bond
2016-12-13,US Long Treasury ETF,118.13999938964844,12189200,Bond
2016-12-14,US Long Treasury ETF,116.81999969482422,16618400,Bond
2016-12-15,US Long Treasury ETF,117.41000366210938,12400500,Bond
2016-12-16,US Long Treasury ETF,117.13999938964844,14924600,Bond
2016-12-19,US Long Treasury ETF,118.4000015258789,10868300,Bond
2016-12-20,US Long Treasury ETF,117.80999755859375,7030600,Bond
2016-12-21,US Long Treasury ETF,118.33000183105469,4624700,Bond
2016-12-22,US Long Treasury ETF,117.80999755859375,5177800,Bond
2016-12-23,US Long Treasury ETF,118.05000305175781,4461600,Bond
2016-12-27,US Long Treasury ETF,117.66999816894531,5276600,Bond
2016-12-28,US Long Treasury ETF,118.52999877929688,7578600,Bond
2016-12-29,US Long Treasury ETF,118.94999694824219,8581400,Bond
2016-12-30,US Long Treasury ETF,119.12999725341797,10613900,Bond
2017-01-03,US Long Treasury ETF,119.63999938964844,13217300,Bond
2017-01-04,US Long Treasury ETF,120.0999984741211,6699600,Bond
2017-01-05,US Long Treasury ETF,121.9800033569336,13265800,Bond
2017-01-06,US Long Treasury ETF,120.86000061035156,8369300,Bond
2017-01-09,US Long Treasury ETF,121.83000183105469,8839100,Bond
2017-01-10,US Long Treasury ETF,121.75,8417900,Bond
2017-01-11,US Long Treasury ETF,122.16000366210938,9402500,Bond
2017-01-12,US Long Treasury ETF,121.88999938964844,9977600,Bond
2017-01-13,US Long Treasury ETF,121.30999755859375,9820000,Bond
2017-01-17,US Long Treasury ETF,122.58000183105469,7853300,Bond
2017-01-18,US Long Treasury ETF,121.01000213623047,9064700,Bond
2017-01-19,US Long Treasury ETF,120.18000030517578,11795600,Bond
2017-01-20,US Long Treasury ETF,119.94000244140625,16953200,Bond
2017-01-23,US Long Treasury ETF,121.13999938964844,13118400,Bond
2017-01-24,US Long Treasury ETF,120.30999755859375,8395000,Bond
2017-01-25,US Long Treasury ETF,118.80000305175781,11115100,Bond
2017-01-26,US Long Treasury ETF,119.19999694824219,7827900,Bond
2017-01-27,US Long Treasury ETF,119.62999725341797,7197800,Bond
2017-01-30,US Long Treasury ETF,119.2699966430664,6569500,Bond
2017-01-31,US Long Treasury ETF,120.0999984741211,13298500,Bond
2017-02-01,US Long Treasury ETF,119.0999984741211,10975500,Bond
2017-02-02,US Long Treasury ETF,119.05000305175781,6978600,Bond
2017-02-03,US Long Treasury ETF,119.0,10275600,Bond
2017-02-06,US Long Treasury ETF,119.72000122070312,8433800,Bond
2017-02-07,US Long Treasury ETF,120.5999984741211,8418400,Bond
2017-02-08,US Long Treasury ETF,122.23999786376953,15734200,Bond
2017-02-09,US Long Treasury ETF,120.83000183105469,16890600,Bond
2017-02-10,US Long Treasury ETF,120.76000213623047,7978500,Bond
2017-02-13,US Long Treasury ETF,120.37999725341797,11536800,Bond
2017-02-14,US Long Treasury ETF,119.51000213623047,13210500,Bond
2017-02-15,US Long Treasury ETF,118.95999908447266,8481000,Bond
2017-02-16,US Long Treasury ETF,119.61000061035156,10005800,Bond
2017-02-17,US Long Treasury ETF,120.31999969482422,7886400,Bond
2017-02-21,US Long Treasury ETF,120.11000061035156,8703800,Bond
2017-02-22,US Long Treasury ETF,120.30999755859375,8101500,Bond
2017-02-23,US Long Treasury ETF,120.66999816894531,5330800,Bond
2017-02-24,US Long Treasury ETF,122.01000213623047,11336000,Bond
2017-02-27,US Long Treasury ETF,121.29000091552734,11039800,Bond
2017-02-28,US Long Treasury ETF,121.73999786376953,8410500,Bond
2017-03-01,US Long Treasury ETF,119.47000122070312,10717100,Bond
2017-03-02,US Long Treasury ETF,119.04000091552734,8201200,Bond
2017-03-03,US Long Treasury ETF,119.3499984741211,9515200,Bond
2017-03-06,US Long Treasury ETF,118.77999877929688,4489200,Bond
2017-03-07,US Long Treasury ETF,118.41999816894531,7080100,Bond
2017-03-08,US Long Treasury ETF,117.77999877929688,11336300,Bond
2017-03-09,US Long Treasury ETF,116.83999633789062,10575400,Bond
2017-03-10,US Long Treasury ETF,117.25,9218500,Bond
2017-03-13,US Long Treasury ETF,116.51000213623047,6993100,Bond
2017-03-14,US Long Treasury ETF,117.06999969482422,9869200,Bond
2017-03-15,US Long Treasury ETF,118.5,14600500,Bond
2017-03-16,US Long Treasury ETF,117.9000015258789,8018200,Bond
2017-03-17,US Long Treasury ETF,118.63999938964844,7266800,Bond
2017-03-20,US Long Treasury ETF,119.1500015258789,5497800,Bond
2017-03-21,US Long Treasury ETF,120.13999938964844,12540700,Bond
2017-03-22,US Long Treasury ETF,120.62000274658203,11661400,Bond
2017-03-23,US Long Treasury ETF,120.44999694824219,6746500,Bond
2017-03-24,US Long Treasury ETF,120.87999725341797,5819600,Bond
2017-03-27,US Long Treasury ETF,121.43000030517578,6878500,Bond
2017-03-28,US Long Treasury ETF,120.62000274658203,6811200,Bond
2017-03-29,US Long Treasury ETF,121.33999633789062,6291000,Bond
2017-03-30,US Long Treasury ETF,120.36000061035156,7042400,Bond
2017-03-31,US Long Treasury ETF,120.70999908447266,5144800,Bond
2017-04-03,US Long Treasury ETF,121.66999816894531,12996500,Bond
2017-04-04,US Long Treasury ETF,121.01000213623047,6976700,Bond
2017-04-05,US Long Treasury ETF,121.37999725341797,8555200,Bond
2017-04-06,US Long Treasury ETF,121.19999694824219,6497000,Bond
2017-04-07,US Long Treasury ETF,120.70999908447266,10270000,Bond
2017-04-10,US Long Treasury ETF,121.2699966430664,5314500,Bond
2017-04-11,US Long Treasury ETF,122.41999816894531,11297400,Bond
2017-04-12,US Long Treasury ETF,123.08999633789062,11532500,Bond
2017-04-13,US Long Treasury ETF,123.47000122070312,8396700,Bond
2017-04-17,US Long Treasury ETF,123.08999633789062,8015000,Bond
2017-04-18,US Long Treasury ETF,124.69999694824219,11529700,Bond
2017-04-19,US Long Treasury ETF,124.0199966430664,7344000,Bond
2017-04-20,US Long Treasury ETF,123.54000091552734,7932900,Bond
2017-04-21,US Long Treasury ETF,123.54000091552734,9798500,Bond
2017-04-24,US Long Treasury ETF,122.93000030517578,8066400,Bond
2017-04-25,US Long Treasury ETF,121.44999694824219,8122300,Bond
2017-04-26,US Long Treasury ETF,122.12000274658203,5766200,Bond
2017-04-27,US Long Treasury ETF,122.08000183105469,4978300,Bond
2017-04-28,US Long Treasury ETF,122.3499984741211,8166300,Bond
2017-05-01,US Long Treasury ETF,121.08000183105469,8795900,Bond
2017-05-02,US Long Treasury ETF,121.69999694824219,6727800,Bond
2017-05-03,US Long Treasury ETF,121.77999877929688,8932900,Bond
2017-05-04,US Long Treasury ETF,121.18000030517578,9707200,Bond
2017-05-05,US Long Treasury ETF,121.29000091552734,5605400,Bond
2017-05-08,US Long Treasury ETF,120.62999725341797,8057800,Bond
2017-05-09,US Long Treasury ETF,120.62000274658203,5536700,Bond
2017-05-10,US Long Treasury ETF,120.4800033569336,6517000,Bond
2017-05-11,US Long Treasury ETF,120.4800033569336,7479800,Bond
2017-05-12,US Long Treasury ETF,121.38999938964844,7463900,Bond
2017-05-15,US Long Treasury ETF,121.05999755859375,5173200,Bond
2017-05-16,US Long Treasury ETF,121.51000213623047,6722700,Bond
2017-05-17,US Long Treasury ETF,123.27999877929688,11236400,Bond
2017-05-18,US Long Treasury ETF,123.41999816894531,8350500,Bond
2017-05-19,US Long Treasury ETF,123.70999908447266,11277400,Bond
2017-05-22,US Long Treasury ETF,123.37000274658203,4062900,Bond
2017-05-23,US Long Treasury ETF,122.54000091552734,7901300,Bond
2017-05-24,US Long Treasury ETF,123.2300033569336,7355200,Bond
2017-05-25,US Long Treasury ETF,123.2699966430664,6464800,Bond
2017-05-26,US Long Treasury ETF,123.4800033569336,2963800,Bond
2017-05-30,US Long Treasury ETF,124.08999633789062,4819400,Bond
2017-05-31,US Long Treasury ETF,124.4000015258789,8000200,Bond
2017-06-01,US Long Treasury ETF,124.1500015258789,9037300,Bond
2017-06-02,US Long Treasury ETF,125.62000274658203,13245000,Bond
2017-06-05,US Long Treasury ETF,124.83999633789062,6775500,Bond
2017-06-06,US Long Treasury ETF,125.5199966430664,12841500,Bond
2017-06-07,US Long Treasury ETF,124.91999816894531,12852400,Bond
2017-06-08,US Long Treasury ETF,124.58999633789062,8758600,Bond
2017-06-09,US Long Treasury ETF,124.4000015258789,5130500,Bond
2017-06-12,US Long Treasury ETF,124.36000061035156,4335800,Bond
2017-06-13,US Long Treasury ETF,124.37999725341797,4742600,Bond
2017-06-14,US Long Treasury ETF,126.30000305175781,20212300,Bond
2017-06-15,US Long Treasury ETF,126.0999984741211,5863700,Bond
2017-06-16,US Long Treasury ETF,126.3499984741211,6672500,Bond
2017-06-19,US Long Treasury ETF,126.16999816894531,5641300,Bond
2017-06-20,US Long Treasury ETF,127.30000305175781,8405700,Bond
2017-06-21,US Long Treasury ETF,127.55999755859375,5914800,Bond
2017-06-22,US Long Treasury ETF,127.83999633789062,6608100,Bond
2017-06-23,US Long Treasury ETF,127.77999877929688,4329900,Bond
2017-06-26,US Long Treasury ETF,128.25999450683594,5541600,Bond
2017-06-27,US Long Treasury ETF,126.88999938964844,8354200,Bond
2017-06-28,US Long Treasury ETF,126.47000122070312,7357900,Bond
2017-06-29,US Long Treasury ETF,125.41000366210938,9115800,Bond
2017-06-30,US Long Treasury ETF,125.12000274658203,10189800,Bond
2017-07-03,US Long Treasury ETF,124.45999908447266,11021100,Bond
2017-07-05,US Long Treasury ETF,124.48999786376953,11394500,Bond
2017-07-06,US Long Treasury ETF,123.45999908447266,10853100,Bond
2017-07-07,US Long Treasury ETF,122.72000122070312,9401800,Bond
2017-07-10,US Long Treasury ETF,122.9000015258789,3859200,Bond
2017-07-11,US Long Treasury ETF,123.11000061035156,4425600,Bond
2017-07-12,US Long Treasury ETF,123.95999908447266,7839900,Bond
2017-07-13,US Long Treasury ETF,123.18000030517578,7449300,Bond
2017-07-14,US Long Treasury ETF,123.33000183105469,6566800,Bond
2017-07-17,US Long Treasury ETF,123.66999816894531,4737300,Bond
2017-07-18,US Long Treasury ETF,124.75,9163000,Bond
2017-07-19,US Long Treasury ETF,124.80000305175781,5140900,Bond
2017-07-20,US Long Treasury ETF,125.16000366210938,12239100,Bond
2017-07-21,US Long Treasury ETF,125.69000244140625,6201500,Bond
2017-07-24,US Long Treasury ETF,125.19999694824219,5378500,Bond
2017-07-25,US Long Treasury ETF,123.56999969482422,9743300,Bond
2017-07-26,US Long Treasury ETF,123.7699966430664,8459500,Bond
2017-07-27,US Long Treasury ETF,123.16000366210938,6390800,Bond
2017-07-28,US Long Treasury ETF,123.88999938964844,5491800,Bond
2017-07-31,US Long Treasury ETF,124.04000091552734,5464600,Bond
2017-08-01,US Long Treasury ETF,124.63999938964844,9676800,Bond
2017-08-02,US Long Treasury ETF,124.70999908447266,5745600,Bond
2017-08-03,US Long Treasury ETF,126.0,10324500,Bond
2017-08-04,US Long Treasury ETF,124.93000030517578,8485500,Bond
2017-08-07,US Long Treasury ETF,125.06999969482422,4684600,Bond
2017-08-08,US Long Treasury ETF,124.62000274658203,6197400,Bond
2017-08-09,US Long Treasury ETF,125.30000305175781,9221800,Bond
2017-08-10,US Long Treasury ETF,126.37000274658203,10378200,Bond
2017-08-11,US Long Treasury ETF,126.43000030517578,5717800,Bond
2017-08-14,US Long Treasury ETF,125.77999877929688,5111000,Bond
2017-08-15,US Long Treasury ETF,125.25,7473200,Bond
2017-08-16,US Long Treasury ETF,125.70999908447266,5283800,Bond
2017-08-17,US Long Treasury ETF,126.6500015258789,9364700,Bond
2017-08-18,US Long Treasury ETF,126.62000274658203,8382500,Bond
2017-08-21,US Long Treasury ETF,126.93000030517578,7669800,Bond
2017-08-22,US Long Treasury ETF,126.44000244140625,6140700,Bond
2017-08-23,US Long Treasury ETF,127.30000305175781,7446400,Bond
2017-08-24,US Long Treasury ETF,126.83000183105469,5569400,Bond
2017-08-25,US Long Treasury ETF,127.31999969482422,7303300,Bond
2017-08-28,US Long Treasury ETF,127.23999786376953,4448500,Bond
2017-08-29,US Long Treasury ETF,127.6500015258789,7659400,Bond
2017-08-30,US Long Treasury ETF,127.61000061035156,4735200,Bond
2017-08-31,US Long Treasury ETF,127.98999786376953,7978400,Bond
2017-09-01,US Long Treasury ETF,126.75,14128600,Bond
2017-09-05,US Long Treasury ETF,128.75999450683594,15215700,Bond
2017-09-06,US Long Treasury ETF,127.97000122070312,9066400,Bond
2017-09-07,US Long Treasury ETF,129.27999877929688,13618900,Bond
2017-09-08,US Long Treasury ETF,129.0,9808500,Bond
2017-09-11,US Long Treasury ETF,127.45999908447266,17856700,Bond
2017-09-12,US Long Treasury ETF,126.79000091552734,7557400,Bond
2017-09-13,US Long Treasury ETF,126.29000091552734,6740000,Bond
2017-09-14,US Long Treasury ETF,126.80999755859375,6674500,Bond
2017-09-15,US Long Treasury ETF,126.86000061035156,9769200,Bond
2017-09-18,US Long Treasury ETF,126.12999725341797,6863000,Bond
2017-09-19,US Long Treasury ETF,125.81999969482422,5554900,Bond
2017-09-20,US Long Treasury ETF,125.91000366210938,8037000,Bond
2017-09-21,US Long Treasury ETF,125.83999633789062,6147800,Bond
2017-09-22,US Long Treasury ETF,126.19999694824219,5660700,Bond
2017-09-25,US Long Treasury ETF,126.98999786376953,9679000,Bond
2017-09-26,US Long Treasury ETF,126.76000213623047,7251900,Bond
2017-09-27,US Long Treasury ETF,124.8499984741211,12145700,Bond
2017-09-28,US Long Treasury ETF,124.4800033569336,8883700,Bond
2017-09-29,US Long Treasury ETF,124.76000213623047,11285500,Bond
2017-10-02,US Long Treasury ETF,124.27999877929688,7860700,Bond
2017-10-03,US Long Treasury ETF,124.4000015258789,6219800,Bond
2017-10-04,US Long Treasury ETF,124.41000366210938,7447000,Bond
2017-10-05,US Long Treasury ETF,123.94000244140625,8180300,Bond
2017-10-06,US Long Treasury ETF,123.58999633789062,10375000,Bond
2017-10-09,US Long Treasury ETF,123.9800033569336,3590900,Bond
2017-10-10,US Long Treasury ETF,124.18000030517578,6666800,Bond
2017-10-11,US Long Treasury ETF,124.41999816894531,4385900,Bond
2017-10-12,US Long Treasury ETF,124.94999694824219,7141600,Bond
2017-10-13,US Long Treasury ETF,125.8499984741211,7746900,Bond
2017-10-16,US Long Treasury ETF,125.76000213623047,5737300,Bond
2017-10-17,US Long Treasury ETF,125.91999816894531,4969600,Bond
2017-10-18,US Long Treasury ETF,125.08999633789062,5943800,Bond
2017-10-19,US Long Treasury ETF,125.30999755859375,8966500,Bond
2017-10-20,US Long Treasury ETF,123.9800033569336,12326900,Bond
2017-10-23,US Long Treasury ETF,124.19999694824219,6871100,Bond
2017-10-24,US Long Treasury ETF,123.43000030517578,6842800,Bond
2017-10-25,US Long Treasury ETF,122.83999633789062,9961400,Bond
2017-10-26,US Long Treasury ETF,122.43000030517578,8179400,Bond
2017-10-27,US Long Treasury ETF,123.23999786376953,10480900,Bond
2017-10-30,US Long Treasury ETF,124.41999816894531,9051600,Bond
2017-10-31,US Long Treasury ETF,124.45999908447266,4424300,Bond
2017-11-01,US Long Treasury ETF,124.75,8940400,Bond
2017-11-02,US Long Treasury ETF,125.30000305175781,7222700,Bond
2017-11-03,US Long Treasury ETF,125.63999938964844,10984100,Bond
2017-11-06,US Long Treasury ETF,126.11000061035156,6246700,Bond
2017-11-07,US Long Treasury ETF,126.63999938964844,6422700,Bond
2017-11-08,US Long Treasury ETF,126.36000061035156,3356200,Bond
2017-11-09,US Long Treasury ETF,126.0,6280400,Bond
2017-11-10,US Long Treasury ETF,124.0999984741211,11981000,Bond
2017-11-13,US Long Treasury ETF,124.36000061035156,5880800,Bond
2017-11-14,US Long Treasury ETF,125.19999694824219,6195900,Bond
2017-11-15,US Long Treasury ETF,126.55999755859375,9568200,Bond
2017-11-16,US Long Treasury ETF,125.45999908447266,5894900,Bond
2017-11-17,US Long Treasury ETF,126.38999938964844,6938800,Bond
2017-11-20,US Long Treasury ETF,126.33999633789062,4232300,Bond
2017-11-21,US Long Treasury ETF,126.73999786376953,5818400,Bond
2017-11-22,US Long Treasury ETF,127.1500015258789,4140700,Bond
2017-11-24,US Long Treasury ETF,126.80000305175781,3141400,Bond
2017-11-27,US Long Treasury ETF,126.62000274658203,6079900,Bond
2017-11-28,US Long Treasury ETF,126.79000091552734,5983000,Bond
2017-11-29,US Long Treasury ETF,125.54000091552734,14547100,Bond
2017-11-30,US Long Treasury ETF,125.12000274658203,9630000,Bond
2017-12-01,US Long Treasury ETF,126.55000305175781,24583100,Bond
2017-12-04,US Long Treasury ETF,126.61000061035156,9609200,Bond
2017-12-05,US Long Treasury ETF,127.23999786376953,10958900,Bond
2017-12-06,US Long Treasury ETF,127.68000030517578,11834200,Bond
2017-12-07,US Long Treasury ETF,126.68000030517578,13056800,Bond
2017-12-08,US Long Treasury ETF,126.69000244140625,4786100,Bond
2017-12-11,US Long Treasury ETF,126.43000030517578,3863800,Bond
2017-12-12,US Long Treasury ETF,126.37999725341797,7502400,Bond
2017-12-13,US Long Treasury ETF,127.33000183105469,8532900,Bond
2017-12-14,US Long Treasury ETF,127.87000274658203,6885000,Bond
2017-12-15,US Long Treasury ETF,128.35000610351562,7239400,Bond
2017-12-18,US Long Treasury ETF,127.18000030517578,7239700,Bond
2017-12-19,US Long Treasury ETF,125.52999877929688,11045800,Bond
2017-12-20,US Long Treasury ETF,124.13999938964844,10005800,Bond
2017-12-21,US Long Treasury ETF,124.5999984741211,7026900,Bond
2017-12-22,US Long Treasury ETF,124.7699966430664,3974300,Bond
2017-12-26,US Long Treasury ETF,125.13999938964844,3168400,Bond
2017-12-27,US Long Treasury ETF,126.7699966430664,9059700,Bond
2017-12-28,US Long Treasury ETF,126.66000366210938,5297100,Bond
2017-12-29,US Long Treasury ETF,126.86000061035156,7580500,Bond
2018-01-02,US Long Treasury ETF,125.48999786376953,16238200,Bond
2018-01-03,US Long Treasury ETF,126.08999633789062,8605100,Bond
2018-01-04,US Long Treasury ETF,126.06999969482422,9217900,Bond
2018-01-05,US Long Treasury ETF,125.70999908447266,10915400,Bond
2018-01-08,US Long Treasury ETF,125.62999725341797,8850600,Bond
2018-01-09,US Long Treasury ETF,123.94999694824219,16226400,Bond
2018-01-10,US Long Treasury ETF,123.80000305175781,14302600,Bond
2018-01-11,US Long Treasury ETF,124.30999755859375,12511000,Bond
2018-01-12,US Long Treasury ETF,124.5199966430664,9987100,Bond
2018-01-16,US Long Treasury ETF,125.04000091552734,9125900,Bond
2018-01-17,US Long Treasury ETF,124.87000274658203,8327000,Bond
2018-01-18,US Long Treasury ETF,123.70999908447266,10843900,Bond
2018-01-19,US Long Treasury ETF,123.05999755859375,11374300,Bond
2018-01-22,US Long Treasury ETF,123.18000030517578,8984700,Bond
2018-01-23,US Long Treasury ETF,123.70999908447266,12325700,Bond
2018-01-24,US Long Treasury ETF,123.04000091552734,9038900,Bond
2018-01-25,US Long Treasury ETF,124.05000305175781,12173300,Bond
2018-01-26,US Long Treasury ETF,123.58999633789062,6462900,Bond
2018-01-29,US Long Treasury ETF,122.7300033569336,12223000,Bond
2018-01-30,US Long Treasury ETF,122.01000213623047,12064400,Bond
2018-01-31,US Long Treasury ETF,122.7300033569336,18045100,Bond
2018-02-01,US Long Treasury ETF,120.69999694824219,18632800,Bond
2018-02-02,US Long Treasury ETF,119.58000183105469,23944400,Bond
2018-02-05,US Long Treasury ETF,120.70999908447266,28606200,Bond
2018-02-06,US Long Treasury ETF,119.95999908447266,10935400,Bond
2018-02-07,US Long Treasury ETF,118.81999969482422,16271100,Bond
2018-02-08,US Long Treasury ETF,118.69000244140625,15155100,Bond
2018-02-09,US Long Treasury ETF,117.94000244140625,15661600,Bond
2018-02-12,US Long Treasury ETF,118.45999908447266,10944600,Bond
2018-02-13,US Long Treasury ETF,118.98999786376953,8157600,Bond
2018-02-14,US Long Treasury ETF,117.66999816894531,12043300,Bond
2018-02-15,US Long Treasury ETF,118.06999969482422,8222400,Bond
2018-02-16,US Long Treasury ETF,118.70999908447266,8454100,Bond
2018-02-20,US Long Treasury ETF,118.19000244140625,8268800,Bond
2018-02-21,US Long Treasury ETF,116.73999786376953,12054300,Bond
2018-02-22,US Long Treasury ETF,117.08999633789062,9317900,Bond
2018-02-23,US Long Treasury ETF,118.12999725341797,9072900,Bond
2018-02-26,US Long Treasury ETF,118.16999816894531,8771600,Bond
2018-02-27,US Long Treasury ETF,118.0,12525700,Bond
2018-02-28,US Long Treasury ETF,118.75,9311600,Bond
2018-03-01,US Long Treasury ETF,119.31999969482422,12287700,Bond
2018-03-02,US Long Treasury ETF,118.3499984741211,10064300,Bond
2018-03-05,US Long Treasury ETF,118.02999877929688,5658200,Bond
2018-03-06,US Long Treasury ETF,118.13999938964844,5452000,Bond
2018-03-07,US Long Treasury ETF,118.01000213623047,4461800,Bond
2018-03-08,US Long Treasury ETF,118.69000244140625,7086700,Bond
2018-03-09,US Long Treasury ETF,117.91000366210938,6570400,Bond
2018-03-12,US Long Treasury ETF,118.58999633789062,5801300,Bond
2018-03-13,US Long Treasury ETF,119.19000244140625,7455300,Bond
2018-03-14,US Long Treasury ETF,120.23999786376953,10175000,Bond
2018-03-15,US Long Treasury ETF,120.23999786376953,6757900,Bond
2018-03-16,US Long Treasury ETF,119.80999755859375,6084300,Bond
2018-03-19,US Long Treasury ETF,119.43000030517578,8491200,Bond
2018-03-20,US Long Treasury ETF,118.94999694824219,5446000,Bond
2018-03-21,US Long Treasury ETF,119.08000183105469,9742400,Bond
2018-03-22,US Long Treasury ETF,120.26000213623047,12136600,Bond
2018-03-23,US Long Treasury ETF,120.16999816894531,7250400,Bond
2018-03-26,US Long Treasury ETF,119.70999908447266,8237900,Bond
2018-03-27,US Long Treasury ETF,120.98999786376953,9168500,Bond
2018-03-28,US Long Treasury ETF,121.30999755859375,7412500,Bond
2018-03-29,US Long Treasury ETF,121.9000015258789,9694300,Bond
2018-04-02,US Long Treasury ETF,121.87999725341797,12036500,Bond
2018-04-03,US Long Treasury ETF,120.94000244140625,9855000,Bond
2018-04-04,US Long Treasury ETF,120.69000244140625,6654300,Bond
2018-04-05,US Long Treasury ETF,119.79000091552734,7603700,Bond
2018-04-06,US Long Treasury ETF,121.0999984741211,8831200,Bond
2018-04-09,US Long Treasury ETF,121.30000305175781,6307500,Bond
2018-04-10,US Long Treasury ETF,121.08000183105469,6046000,Bond
2018-04-11,US Long Treasury ETF,121.51000213623047,5901300,Bond
2018-04-12,US Long Treasury ETF,120.62000274658203,6622800,Bond
2018-04-13,US Long Treasury ETF,120.9000015258789,4964000,Bond
2018-04-16,US Long Treasury ETF,120.94000244140625,4491300,Bond
2018-04-17,US Long Treasury ETF,121.2699966430664,5590400,Bond
2018-04-18,US Long Treasury ETF,120.30000305175781,8138400,Bond
2018-04-19,US Long Treasury ETF,119.31999969482422,9875800,Bond
2018-04-20,US Long Treasury ETF,118.45999908447266,7579400,Bond
2018-04-23,US Long Treasury ETF,118.48999786376953,7073200,Bond
2018-04-24,US Long Treasury ETF,117.94999694824219,8190800,Bond
2018-04-25,US Long Treasury ETF,117.16000366210938,6603800,Bond
2018-04-26,US Long Treasury ETF,117.9800033569336,6528600,Bond
2018-04-27,US Long Treasury ETF,118.88999938964844,5401800,Bond
2018-04-30,US Long Treasury ETF,119.0999984741211,8321100,Bond
2018-05-01,US Long Treasury ETF,118.41000366210938,7979200,Bond
2018-05-02,US Long Treasury ETF,118.27999877929688,4644000,Bond
2018-05-03,US Long Treasury ETF,118.80999755859375,6345300,Bond
2018-05-04,US Long Treasury ETF,118.98999786376953,4283500,Bond
2018-05-07,US Long Treasury ETF,118.80000305175781,3647800,Bond
2018-05-08,US Long Treasury ETF,118.69000244140625,6091200,Bond
2018-05-09,US Long Treasury ETF,117.9800033569336,7832500,Bond
2018-05-10,US Long Treasury ETF,118.93000030517578,7101500,Bond
2018-05-11,US Long Treasury ETF,119.2300033569336,4273400,Bond
2018-05-14,US Long Treasury ETF,118.5999984741211,4996200,Bond
2018-05-15,US Long Treasury ETF,117.25,12901000,Bond
2018-05-16,US Long Treasury ETF,116.80000305175781,6518000,Bond
2018-05-17,US Long Treasury ETF,116.20999908447266,7330300,Bond
2018-05-18,US Long Treasury ETF,117.20999908447266,9606500,Bond
2018-05-21,US Long Treasury ETF,117.2699966430664,4448500,Bond
2018-05-22,US Long Treasury ETF,117.08999633789062,4700700,Bond
2018-05-23,US Long Treasury ETF,117.94000244140625,9634000,Bond
2018-05-24,US Long Treasury ETF,118.87999725341797,8204100,Bond
2018-05-25,US Long Treasury ETF,119.62000274658203,8482800,Bond
2018-05-29,US Long Treasury ETF,122.23999786376953,21668100,Bond
2018-05-30,US Long Treasury ETF,121.41999816894531,11616300,Bond
2018-05-31,US Long Treasury ETF,121.22000122070312,10769900,Bond
2018-06-01,US Long Treasury ETF,120.30000305175781,8718800,Bond
2018-06-04,US Long Treasury ETF,119.43000030517578,7156500,Bond
2018-06-05,US Long Treasury ETF,119.70999908447266,5635900,Bond
2018-06-06,US Long Treasury ETF,118.73999786376953,7813300,Bond
2018-06-07,US Long Treasury ETF,119.88999938964844,13238300,Bond
2018-06-08,US Long Treasury ETF,119.52999877929688,6790600,Bond
2018-06-11,US Long Treasury ETF,119.30999755859375,6844200,Bond
2018-06-12,US Long Treasury ETF,119.33999633789062,6048200,Bond
2018-06-13,US Long Treasury ETF,119.27999877929688,8834700,Bond
2018-06-14,US Long Treasury ETF,120.2699966430664,10078800,Bond
2018-06-15,US Long Treasury ETF,120.37999725341797,7992800,Bond
2018-06-18,US Long Treasury ETF,120.2699966430664,4893700,Bond
2018-06-19,US Long Treasury ETF,120.97000122070312,6133300,Bond
2018-06-20,US Long Treasury ETF,119.91000366210938,6879100,Bond
2018-06-21,US Long Treasury ETF,120.54000091552734,7235800,Bond
2018-06-22,US Long Treasury ETF,120.52999877929688,4082500,Bond
2018-06-25,US Long Treasury ETF,120.80000305175781,8363700,Bond
2018-06-26,US Long Treasury ETF,120.97000122070312,5450000,Bond
2018-06-27,US Long Treasury ETF,122.11000061035156,8173400,Bond
2018-06-28,US Long Treasury ETF,122.13999938964844,7109500,Bond
2018-06-29,US Long Treasury ETF,121.72000122070312,11164700,Bond
2018-07-02,US Long Treasury ETF,121.3499984741211,9662000,Bond
2018-07-03,US Long Treasury ETF,122.0,3808800,Bond
2018-07-05,US Long Treasury ETF,122.3499984741211,3860400,Bond
2018-07-06,US Long Treasury ETF,122.75,4679900,Bond
2018-07-09,US Long Treasury ETF,121.95999908447266,5952700,Bond
2018-07-10,US Long Treasury ETF,121.94999694824219,5759700,Bond
2018-07-11,US Long Treasury ETF,122.41999816894531,6869100,Bond
2018-07-12,US Long Treasury ETF,122.41000366210938,4824700,Bond
2018-07-13,US Long Treasury ETF,122.72000122070312,4079000,Bond
2018-07-16,US Long Treasury ETF,122.20999908447266,5517100,Bond
2018-07-17,US Long Treasury ETF,121.9800033569336,3764300,Bond
2018-07-18,US Long Treasury ETF,121.48999786376953,6330000,Bond
2018-07-19,US Long Treasury ETF,122.26000213623047,6166700,Bond
2018-07-20,US Long Treasury ETF,120.76000213623047,10469500,Bond
2018-07-23,US Long Treasury ETF,119.2699966430664,11571800,Bond
2018-07-24,US Long Treasury ETF,119.68000030517578,9053500,Bond
2018-07-25,US Long Treasury ETF,119.48999786376953,7357900,Bond
2018-07-26,US Long Treasury ETF,119.26000213623047,6821100,Bond
2018-07-27,US Long Treasury ETF,119.45999908447266,4542000,Bond
2018-07-30,US Long Treasury ETF,119.05000305175781,7111200,Bond
2018-07-31,US Long Treasury ETF,119.69999694824219,6797400,Bond
2018-08-01,US Long Treasury ETF,118.45999908447266,13312600,Bond
2018-08-02,US Long Treasury ETF,118.62999725341797,4451100,Bond
2018-08-03,US Long Treasury ETF,119.22000122070312,6162400,Bond
2018-08-06,US Long Treasury ETF,119.29000091552734,4200200,Bond
2018-08-07,US Long Treasury ETF,118.66999816894531,5346900,Bond
2018-08-08,US Long Treasury ETF,118.79000091552734,5640900,Bond
2018-08-09,US Long Treasury ETF,119.79000091552734,7144100,Bond
2018-08-10,US Long Treasury ETF,120.66000366210938,8457900,Bond
2018-08-13,US Long Treasury ETF,120.41000366210938,7923200,Bond
2018-08-14,US Long Treasury ETF,120.13999938964844,4251200,Bond
2018-08-15,US Long Treasury ETF,120.83999633789062,7649800,Bond
2018-08-16,US Long Treasury ETF,120.83000183105469,5400400,Bond
2018-08-17,US Long Treasury ETF,120.9800033569336,3537600,Bond
2018-08-20,US Long Treasury ETF,121.79000091552734,5603700,Bond
2018-08-21,US Long Treasury ETF,121.37999725341797,4695000,Bond
2018-08-22,US Long Treasury ETF,121.86000061035156,5309600,Bond
2018-08-23,US Long Treasury ETF,122.05000305175781,5328700,Bond
2018-08-24,US Long Treasury ETF,122.29000091552734,6092200,Bond
2018-08-27,US Long Treasury ETF,121.58999633789062,6407400,Bond
2018-08-28,US Long Treasury ETF,120.86000061035156,4929300,Bond
2018-08-29,US Long Treasury ETF,121.0199966430664,5613300,Bond
2018-08-30,US Long Treasury ETF,121.27999877929688,5302900,Bond
2018-08-31,US Long Treasury ETF,121.0,9677500,Bond
2018-09-04,US Long Treasury ETF,120.02999877929688,18343600,Bond
2018-09-05,US Long Treasury ETF,119.70999908447266,9422600,Bond
2018-09-06,US Long Treasury ETF,120.1500015258789,9566000,Bond
2018-09-07,US Long Treasury ETF,119.12999725341797,11212600,Bond
2018-09-10,US Long Treasury ETF,119.56999969482422,6386400,Bond
2018-09-11,US Long Treasury ETF,118.66000366210938,5440000,Bond
2018-09-12,US Long Treasury ETF,118.94000244140625,3347200,Bond
2018-09-13,US Long Treasury ETF,119.12000274658203,4833000,Bond
2018-09-14,US Long Treasury ETF,118.55000305175781,5579500,Bond
2018-09-17,US Long Treasury ETF,118.55000305175781,5433000,Bond
2018-09-18,US Long Treasury ETF,117.30999755859375,10182300,Bond
2018-09-19,US Long Treasury ETF,116.61000061035156,13379600,Bond
2018-09-20,US Long Treasury ETF,117.1500015258789,8657300,Bond
2018-09-21,US Long Treasury ETF,117.0999984741211,6173800,Bond
2018-09-24,US Long Treasury ETF,116.80000305175781,5505500,Bond
2018-09-25,US Long Treasury ETF,116.68000030517578,6650900,Bond
2018-09-26,US Long Treasury ETF,117.5,9512700,Bond
2018-09-27,US Long Treasury ETF,117.58000183105469,5758500,Bond
2018-09-28,US Long Treasury ETF,117.2699966430664,12807700,Bond
2018-10-01,US Long Treasury ETF,116.1500015258789,22442400,Bond
2018-10-02,US Long Treasury ETF,116.86000061035156,8266900,Bond
2018-10-03,US Long Treasury ETF,114.83000183105469,20829200,Bond
2018-10-04,US Long Treasury ETF,114.0199966430664,16207400,Bond
2018-10-05,US Long Treasury ETF,113.04000091552734,18096500,Bond
2018-10-08,US Long Treasury ETF,112.66000366210938,5855900,Bond
2018-10-09,US Long Treasury ETF,113.80000305175781,11530800,Bond
2018-10-10,US Long Treasury ETF,113.48999786376953,15290100,Bond
2018-10-11,US Long Treasury ETF,114.87000274658203,16086800,Bond
2018-10-12,US Long Treasury ETF,114.47000122070312,6794100,Bond
2018-10-15,US Long Treasury ETF,114.41999816894531,7146300,Bond
2018-10-16,US Long Treasury ETF,114.68000030517578,4762300,Bond
2018-10-17,US Long Treasury ETF,114.0,5880700,Bond
2018-10-18,US Long Treasury ETF,113.95999908447266,5728800,Bond
2018-10-19,US Long Treasury ETF,113.70999908447266,10892400,Bond
2018-10-22,US Long Treasury ETF,113.55999755859375,3244200,Bond
2018-10-23,US Long Treasury ETF,113.91999816894531,10330700,Bond
2018-10-24,US Long Treasury ETF,114.77999877929688,16008000,Bond
2018-10-25,US Long Treasury ETF,114.30000305175781,12613200,Bond
2018-10-26,US Long Treasury ETF,114.98999786376953,18582500,Bond
2018-10-29,US Long Treasury ETF,114.7300033569336,7679900,Bond
2018-10-30,US Long Treasury ETF,114.16000366210938,9939500,Bond
2018-10-31,US Long Treasury ETF,113.58000183105469,8706400,Bond
2018-11-01,US Long Treasury ETF,113.41000366210938,6100200,Bond
2018-11-02,US Long Treasury ETF,112.0,11314800,Bond
2018-11-05,US Long Treasury ETF,112.44000244140625,4760200,Bond
2018-11-06,US Long Treasury ETF,112.37000274658203,3159900,Bond
2018-11-07,US Long Treasury ETF,112.5199966430664,9313100,Bond
2018-11-08,US Long Treasury ETF,112.51000213623047,6905100,Bond
2018-11-09,US Long Treasury ETF,113.3499984741211,6465300,Bond
2018-11-12,US Long Treasury ETF,114.08999633789062,6840000,Bond
2018-11-13,US Long Treasury ETF,114.0199966430664,6525800,Bond
2018-11-14,US Long Treasury ETF,114.08999633789062,8690800,Bond
2018-11-15,US Long Treasury ETF,114.04000091552734,7879600,Bond
2018-11-16,US Long Treasury ETF,114.69999694824219,9236700,Bond
2018-11-19,US Long Treasury ETF,115.0199966430664,7027200,Bond
2018-11-20,US Long Treasury ETF,115.05999755859375,6332600,Bond
2018-11-21,US Long Treasury ETF,115.0199966430664,4951100,Bond
2018-11-23,US Long Treasury ETF,115.13999938964844,3027900,Bond
2018-11-26,US Long Treasury ETF,114.87999725341797,6599000,Bond
2018-11-27,US Long Treasury ETF,115.01000213623047,5967200,Bond
2018-11-28,US Long Treasury ETF,114.44999694824219,7814000,Bond
2018-11-29,US Long Treasury ETF,114.9000015258789,7295600,Bond
2018-11-30,US Long Treasury ETF,115.33000183105469,9127800,Bond
2018-12-03,US Long Treasury ETF,115.87999725341797,9763800,Bond
2018-12-04,US Long Treasury ETF,117.81999969482422,18100500,Bond
2018-12-06,US Long Treasury ETF,118.19000244140625,15319400,Bond
2018-12-07,US Long Treasury ETF,118.41000366210938,8608400,Bond
2018-12-10,US Long Treasury ETF,118.9000015258789,8777700,Bond
2018-12-11,US Long Treasury ETF,118.87999725341797,8071900,Bond
2018-12-12,US Long Treasury ETF,118.3499984741211,6182200,Bond
2018-12-13,US Long Treasury ETF,118.06999969482422,5564200,Bond
2018-12-14,US Long Treasury ETF,118.4800033569336,8169200,Bond
2018-12-17,US Long Treasury ETF,119.16999816894531,9726800,Bond
2018-12-18,US Long Treasury ETF,119.5999984741211,10018800,Bond
2018-12-19,US Long Treasury ETF,121.18000030517578,23046300,Bond
2018-12-20,US Long Treasury ETF,120.73999786376953,18543700,Bond
2018-12-21,US Long Treasury ETF,120.72000122070312,9945100,Bond
2018-12-24,US Long Treasury ETF,121.31999969482422,8377500,Bond
2018-12-26,US Long Treasury ETF,120.0199966430664,11700400,Bond
2018-12-27,US Long Treasury ETF,120.04000091552734,12146500,Bond
2018-12-28,US Long Treasury ETF,121.05000305175781,9879100,Bond
2018-12-31,US Long Treasury ETF,121.51000213623047,17409000,Bond
2019-01-02,US Long Treasury ETF,122.1500015258789,19841500,Bond
2019-01-03,US Long Treasury ETF,123.54000091552734,21187000,Bond
2019-01-04,US Long Treasury ETF,122.11000061035156,12970200,Bond
2019-01-07,US Long Treasury ETF,121.75,8498100,Bond
2019-01-08,US Long Treasury ETF,121.43000030517578,7737100,Bond
2019-01-09,US Long Treasury ETF,121.23999786376953,9349200,Bond
2019-01-10,US Long Treasury ETF,120.45999908447266,8222900,Bond
2019-01-11,US Long Treasury ETF,120.93000030517578,5786900,Bond
2019-01-14,US Long Treasury ETF,120.4800033569336,6730500,Bond
2019-01-15,US Long Treasury ETF,120.04000091552734,8997400,Bond
2019-01-16,US Long Treasury ETF,120.16000366210938,6048400,Bond
2019-01-17,US Long Treasury ETF,120.19000244140625,8153400,Bond
2019-01-18,US Long Treasury ETF,119.55999755859375,14106400,Bond
2019-01-22,US Long Treasury ETF,120.37000274658203,8881100,Bond
2019-01-23,US Long Treasury ETF,120.31999969482422,5776800,Bond
2019-01-24,US Long Treasury ETF,121.11000061035156,7121900,Bond
2019-01-25,US Long Treasury ETF,120.52999877929688,6460800,Bond
2019-01-28,US Long Treasury ETF,120.41000366210938,6435800,Bond
2019-01-29,US Long Treasury ETF,121.0199966430664,5750100,Bond
2019-01-30,US Long Treasury ETF,120.93000030517578,10571300,Bond
2019-01-31,US Long Treasury ETF,121.97000122070312,11843400,Bond
2019-02-01,US Long Treasury ETF,120.95999908447266,12024600,Bond
2019-02-04,US Long Treasury ETF,120.41999816894531,8966200,Bond
2019-02-05,US Long Treasury ETF,120.97000122070312,6983300,Bond
2019-02-06,US Long Treasury ETF,121.02999877929688,5184000,Bond
2019-02-07,US Long Treasury ETF,121.83000183105469,8781000,Bond
2019-02-08,US Long Treasury ETF,122.3499984741211,5885400,Bond
2019-02-11,US Long Treasury ETF,121.87000274658203,4352800,Bond
2019-02-12,US Long Treasury ETF,121.55999755859375,7939600,Bond
2019-02-13,US Long Treasury ETF,121.0999984741211,4757700,Bond
2019-02-14,US Long Treasury ETF,121.79000091552734,5868900,Bond
2019-02-15,US Long Treasury ETF,121.9800033569336,5527200,Bond
2019-02-19,US Long Treasury ETF,122.29000091552734,5872800,Bond
2019-02-20,US Long Treasury ETF,121.94000244140625,4455800,Bond
2019-02-21,US Long Treasury ETF,120.8499984741211,7382500,Bond
2019-02-22,US Long Treasury ETF,121.56999969482422,6374600,Bond
2019-02-25,US Long Treasury ETF,121.20999908447266,6293500,Bond
2019-02-26,US Long Treasury ETF,121.80999755859375,6028900,Bond
2019-02-27,US Long Treasury ETF,120.43000030517578,7737300,Bond
2019-02-28,US Long Treasury ETF,120.0199966430664,9533400,Bond
2019-03-01,US Long Treasury ETF,118.66000366210938,13541100,Bond
2019-03-04,US Long Treasury ETF,119.58999633789062,9808500,Bond
2019-03-05,US Long Treasury ETF,119.83999633789062,5595200,Bond
2019-03-06,US Long Treasury ETF,120.27999877929688,7766700,Bond
2019-03-07,US Long Treasury ETF,121.05999755859375,8187200,Bond
2019-03-08,US Long Treasury ETF,121.56999969482422,7517600,Bond
2019-03-11,US Long Treasury ETF,121.20999908447266,5157800,Bond
2019-03-12,US Long Treasury ETF,122.05999755859375,6422300,Bond
2019-03-13,US Long Treasury ETF,121.83000183105469,4386300,Bond
2019-03-14,US Long Treasury ETF,120.94999694824219,8188400,Bond
2019-03-15,US Long Treasury ETF,121.75,4302000,Bond
2019-03-18,US Long Treasury ETF,121.68000030517578,3893300,Bond
2019-03-19,US Long Treasury ETF,121.41000366210938,5220200,Bond
2019-03-20,US Long Treasury ETF,122.68000030517578,10123700,Bond
2019-03-21,US Long Treasury ETF,122.94999694824219,7182600,Bond
2019-03-22,US Long Treasury ETF,124.86000061035156,13077000,Bond
2019-03-25,US Long Treasury ETF,125.05999755859375,9736300,Bond
2019-03-26,US Long Treasury ETF,124.97000122070312,7502000,Bond
2019-03-27,US Long Treasury ETF,126.12000274658203,14207200,Bond
2019-03-28,US Long Treasury ETF,126.55999755859375,9143200,Bond
2019-03-29,US Long Treasury ETF,126.44000244140625,10841400,Bond
2019-04-01,US Long Treasury ETF,124.37000274658203,16501500,Bond
2019-04-02,US Long Treasury ETF,124.5999984741211,9725000,Bond
2019-04-03,US Long Treasury ETF,123.5199966430664,10407000,Bond
2019-04-04,US Long Treasury ETF,123.87000274658203,7503400,Bond
2019-04-05,US Long Treasury ETF,124.02999877929688,6321800,Bond
2019-04-08,US Long Treasury ETF,123.58999633789062,4446400,Bond
2019-04-09,US Long Treasury ETF,123.9800033569336,7020300,Bond
2019-04-10,US Long Treasury ETF,124.27999877929688,7519900,Bond
2019-04-11,US Long Treasury ETF,123.55000305175781,8679300,Bond
2019-04-12,US Long Treasury ETF,122.66999816894531,7005500,Bond
2019-04-15,US Long Treasury ETF,122.9800033569336,3070000,Bond
2019-04-16,US Long Treasury ETF,122.20999908447266,8927300,Bond
2019-04-17,US Long Treasury ETF,122.26000213623047,6118500,Bond
2019-04-18,US Long Treasury ETF,122.9000015258789,27589400,Bond
2019-04-22,US Long Treasury ETF,122.30999755859375,6241200,Bond
2019-04-23,US Long Treasury ETF,122.56999969482422,6239700,Bond
2019-04-24,US Long Treasury ETF,123.56999969482422,7302000,Bond
2019-04-25,US Long Treasury ETF,123.38999938964844,5380900,Bond
2019-04-26,US Long Treasury ETF,123.80999755859375,5950700,Bond
2019-04-29,US Long Treasury ETF,123.0199966430664,10246000,Bond
2019-04-30,US Long Treasury ETF,123.6500015258789,7957400,Bond
2019-05-01,US Long Treasury ETF,123.9000015258789,14371900,Bond
2019-05-02,US Long Treasury ETF,123.30999755859375,6612800,Bond
2019-05-03,US Long Treasury ETF,123.66000366210938,6191700,Bond
2019-05-06,US Long Treasury ETF,124.0,4482500,Bond
2019-05-07,US Long Treasury ETF,124.94999694824219,8984900,Bond
2019-05-08,US Long Treasury ETF,124.41000366210938,6907600,Bond
2019-05-09,US Long Treasury ETF,124.91999816894531,9411900,Bond
2019-05-10,US Long Treasury ETF,124.75,6037800,Bond
2019-05-13,US Long Treasury ETF,125.7300033569336,10501600,Bond
2019-05-14,US Long Treasury ETF,125.36000061035156,5690400,Bond
2019-05-15,US Long Treasury ETF,126.12999725341797,9566300,Bond
2019-05-16,US Long Treasury ETF,125.70999908447266,7666400,Bond
2019-05-17,US Long Treasury ETF,125.98999786376953,4747100,Bond
2019-05-20,US Long Treasury ETF,125.7300033569336,6043100,Bond
2019-05-21,US Long Treasury ETF,125.52999877929688,4021800,Bond
2019-05-22,US Long Treasury ETF,126.25,5675300,Bond
2019-05-23,US Long Treasury ETF,127.66999816894531,9743700,Bond
2019-05-24,US Long Treasury ETF,127.77999877929688,4981900,Bond
2019-05-28,US Long Treasury ETF,128.6999969482422,8098600,Bond
2019-05-29,US Long Treasury ETF,129.08999633789062,13260600,Bond
2019-05-30,US Long Treasury ETF,130.1999969482422,13024800,Bond
2019-05-31,US Long Treasury ETF,131.8300018310547,18933600,Bond
2019-06-03,US Long Treasury ETF,132.44000244140625,17822400,Bond
2019-06-04,US Long Treasury ETF,130.92999267578125,14250000,Bond
2019-06-05,US Long Treasury ETF,130.19000244140625,8815200,Bond
2019-06-06,US Long Treasury ETF,130.61000061035156,9621100,Bond
2019-06-07,US Long Treasury ETF,131.74000549316406,11378500,Bond
2019-06-10,US Long Treasury ETF,130.5,8288700,Bond
2019-06-11,US Long Treasury ETF,130.5800018310547,5115100,Bond
2019-06-12,US Long Treasury ETF,130.67999267578125,5278700,Bond
2019-06-13,US Long Treasury ETF,131.1300048828125,5560400,Bond
2019-06-14,US Long Treasury ETF,131.4600067138672,5838800,Bond
2019-06-17,US Long Treasury ETF,131.69000244140625,6046400,Bond
2019-06-18,US Long Treasury ETF,132.35000610351562,10320700,Bond
2019-06-19,US Long Treasury ETF,132.5399932861328,11962500,Bond
2019-06-20,US Long Treasury ETF,132.88999938964844,10721500,Bond
2019-06-21,US Long Treasury ETF,131.42999267578125,14495000,Bond
2019-06-24,US Long Treasury ETF,132.41000366210938,6378800,Bond
2019-06-25,US Long Treasury ETF,132.82000732421875,9604600,Bond
2019-06-26,US Long Treasury ETF,131.97000122070312,12766800,Bond
2019-06-27,US Long Treasury ETF,132.89999389648438,9724200,Bond
2019-06-28,US Long Treasury ETF,132.80999755859375,8149200,Bond
2019-07-01,US Long Treasury ETF,132.24000549316406,14131200,Bond
2019-07-02,US Long Treasury ETF,133.25999450683594,10494300,Bond
2019-07-03,US Long Treasury ETF,134.2100067138672,5380300,Bond
2019-07-05,US Long Treasury ETF,132.42999267578125,12180100,Bond
2019-07-08,US Long Treasury ETF,132.61000061035156,6490000,Bond
2019-07-09,US Long Treasury ETF,132.55999755859375,6215700,Bond
2019-07-10,US Long Treasury ETF,131.8300018310547,9470000,Bond
2019-07-11,US Long Treasury ETF,130.07000732421875,14126800,Bond
2019-07-12,US Long Treasury ETF,130.22000122070312,6992000,Bond
2019-07-15,US Long Treasury ETF,130.97000122070312,6055500,Bond
2019-07-16,US Long Treasury ETF,130.5800018310547,6172700,Bond
2019-07-17,US Long Treasury ETF,131.99000549316406,9662200,Bond
2019-07-18,US Long Treasury ETF,132.0,5724900,Bond
2019-07-19,US Long Treasury ETF,131.69000244140625,5804800,Bond
2019-07-22,US Long Treasury ETF,131.94000244140625,5204100,Bond
2019-07-23,US Long Treasury ETF,131.22000122070312,8108900,Bond
2019-07-24,US Long Treasury ETF,131.7899932861328,6389700,Bond
2019-07-25,US Long Treasury ETF,131.16000366210938,8893100,Bond
2019-07-26,US Long Treasury ETF,131.47000122070312,6188400,Bond
2019-07-29,US Long Treasury ETF,131.50999450683594,6231800,Bond
2019-07-30,US Long Treasury ETF,131.8300018310547,5678500,Bond
2019-07-31,US Long Treasury ETF,132.88999938964844,15798700,Bond
2019-08-01,US Long Treasury ETF,135.25999450683594,26664800,Bond
2019-08-02,US Long Treasury ETF,136.50999450683594,15143100,Bond
2019-08-05,US Long Treasury ETF,138.8699951171875,18543000,Bond
2019-08-06,US Long Treasury ETF,139.97999572753906,12747400,Bond
2019-08-07,US Long Treasury ETF,140.02999877929688,32582000,Bond
2019-08-08,US Long Treasury ETF,140.3300018310547,14746000,Bond
2019-08-09,US Long Treasury ETF,140.0500030517578,10626000,Bond
2019-08-12,US Long Treasury ETF,142.97000122070312,14094300,Bond
2019-08-13,US Long Treasury ETF,142.47999572753906,15974900,Bond
2019-08-14,US Long Treasury ETF,145.69000244140625,15068900,Bond
2019-08-15,US Long Treasury ETF,147.30999755859375,23588700,Bond
2019-08-16,US Long Treasury ETF,146.1300048828125,17150500,Bond
2019-08-19,US Long Treasury ETF,144.0399932861328,13614700,Bond
2019-08-20,US Long Treasury ETF,145.52999877929688,7451500,Bond
2019-08-21,US Long Treasury ETF,144.55999755859375,9372000,Bond
2019-08-22,US Long Treasury ETF,143.60000610351562,13878800,Bond
2019-08-23,US Long Treasury ETF,145.9600067138672,16191800,Bond
2019-08-26,US Long Treasury ETF,145.3699951171875,12174500,Bond
2019-08-27,US Long Treasury ETF,147.61000061035156,11332300,Bond
2019-08-28,US Long Treasury ETF,147.8000030517578,10095900,Bond
2019-08-29,US Long Treasury ETF,147.24000549316406,8884900,Bond
2019-08-30,US Long Treasury ETF,147.27999877929688,13550800,Bond
2019-09-03,US Long Treasury ETF,147.2100067138672,15660800,Bond
2019-09-04,US Long Treasury ETF,147.42999267578125,7962200,Bond
2019-09-05,US Long Treasury ETF,144.75999450683594,19382900,Bond
2019-09-06,US Long Treasury ETF,145.7899932861328,9466400,Bond
2019-09-09,US Long Treasury ETF,143.1999969482422,15862700,Bond
2019-09-10,US Long Treasury ETF,140.69000244140625,13851400,Bond
2019-09-11,US Long Treasury ETF,140.44000244140625,10941700,Bond
2019-09-12,US Long Treasury ETF,139.52000427246094,19163300,Bond
2019-09-13,US Long Treasury ETF,136.5399932861328,18922200,Bond
2019-09-16,US Long Treasury ETF,138.27999877929688,10971600,Bond
2019-09-17,US Long Treasury ETF,139.02999877929688,9081200,Bond
2019-09-18,US Long Treasury ETF,139.6199951171875,10984600,Bond
2019-09-19,US Long Treasury ETF,140.0399932861328,13176200,Bond
2019-09-20,US Long Treasury ETF,141.88999938964844,11519800,Bond
2019-09-23,US Long Treasury ETF,141.86000061035156,15246700,Bond
2019-09-24,US Long Treasury ETF,143.57000732421875,12421600,Bond
2019-09-25,US Long Treasury ETF,141.47000122070312,14147100,Bond
2019-09-26,US Long Treasury ETF,142.3800048828125,9636500,Bond
2019-09-27,US Long Treasury ETF,142.72999572753906,10386900,Bond
2019-09-30,US Long Treasury ETF,143.0800018310547,8006900,Bond
2019-10-01,US Long Treasury ETF,143.25999450683594,16613700,Bond
2019-10-02,US Long Treasury ETF,143.61000061035156,12891500,Bond
2019-10-03,US Long Treasury ETF,144.9199981689453,13470500,Bond
2019-10-04,US Long Treasury ETF,145.99000549316406,11516200,Bond
2019-10-07,US Long Treasury ETF,144.77999877929688,11013900,Bond
2019-10-08,US Long Treasury ETF,145.1699981689453,14529700,Bond
2019-10-09,US Long Treasury ETF,144.35000610351562,8608800,Bond
2019-10-10,US Long Treasury ETF,142.1999969482422,15054200,Bond
2019-10-11,US Long Treasury ETF,140.44000244140625,26294000,Bond
2019-10-14,US Long Treasury ETF,141.4600067138672,5936900,Bond
2019-10-15,US Long Treasury ETF,139.75,11832300,Bond
2019-10-16,US Long Treasury ETF,139.9199981689453,7729500,Bond
2019-10-17,US Long Treasury ETF,139.5800018310547,6219300,Bond
2019-10-18,US Long Treasury ETF,139.5800018310547,6456100,Bond
2019-10-21,US Long Treasury ETF,138.52999877929688,8038000,Bond
2019-10-22,US Long Treasury ETF,139.33999633789062,6683300,Bond
2019-10-23,US Long Treasury ETF,139.47999572753906,5995400,Bond
2019-10-24,US Long Treasury ETF,139.1999969482422,6161700,Bond
2019-10-25,US Long Treasury ETF,138.52000427246094,5669800,Bond
2019-10-28,US Long Treasury ETF,137.25999450683594,11402100,Bond
2019-10-29,US Long Treasury ETF,137.35000610351562,5296600,Bond
2019-10-30,US Long Treasury ETF,139.36000061035156,10914100,Bond
2019-10-31,US Long Treasury ETF,141.24000549316406,15834100,Bond
2019-11-01,US Long Treasury ETF,140.55999755859375,11425500,Bond
2019-11-04,US Long Treasury ETF,138.7100067138672,11124300,Bond
2019-11-05,US Long Treasury ETF,137.14999389648438,13493000,Bond
2019-11-06,US Long Treasury ETF,137.97999572753906,9351900,Bond
2019-11-07,US Long Treasury ETF,135.47999572753906,19209800,Bond
2019-11-08,US Long Treasury ETF,134.91000366210938,10222900,Bond
2019-11-11,US Long Treasury ETF,135.0,4577000,Bond
2019-11-12,US Long Treasury ETF,135.6199951171875,5772900,Bond
2019-11-13,US Long Treasury ETF,136.5,6672400,Bond
2019-11-14,US Long Treasury ETF,137.91000366210938,10213300,Bond
2019-11-15,US Long Treasury ETF,137.75999450683594,4657600,Bond
2019-11-18,US Long Treasury ETF,138.00999450683594,5943900,Bond
2019-11-19,US Long Treasury ETF,139.16000366210938,7893100,Bond
2019-11-20,US Long Treasury ETF,140.60000610351562,7905500,Bond
2019-11-21,US Long Treasury ETF,139.72000122070312,5980900,Bond
2019-11-22,US Long Treasury ETF,139.89999389648438,4664800,Bond
2019-11-25,US Long Treasury ETF,140.30999755859375,4157300,Bond
2019-11-26,US Long Treasury ETF,141.1300048828125,4281100,Bond
2019-11-27,US Long Treasury ETF,140.72000122070312,4095700,Bond
2019-11-29,US Long Treasury ETF,140.4199981689453,6251100,Bond
2019-12-02,US Long Treasury ETF,138.30999755859375,17702200,Bond
2019-12-03,US Long Treasury ETF,141.2100067138672,13062400,Bond
2019-12-04,US Long Treasury ETF,139.8000030517578,8586300,Bond
2019-12-05,US Long Treasury ETF,139.1199951171875,7273800,Bond
2019-12-06,US Long Treasury ETF,138.35000610351562,7931100,Bond
2019-12-09,US Long Treasury ETF,138.64999389648438,4016900,Bond
2019-12-10,US Long Treasury ETF,138.66000366210938,4947600,Bond
2019-12-11,US Long Treasury ETF,139.75,6256700,Bond
2019-12-12,US Long Treasury ETF,137.4499969482422,14857000,Bond
2019-12-13,US Long Treasury ETF,139.0399932861328,11335100,Bond
2019-12-16,US Long Treasury ETF,137.7899932861328,9156600,Bond
2019-12-17,US Long Treasury ETF,137.60000610351562,6179700,Bond
2019-12-18,US Long Treasury ETF,136.47000122070312,6244700,Bond
2019-12-19,US Long Treasury ETF,136.47000122070312,6591100,Bond
2019-12-20,US Long Treasury ETF,136.64999389648438,5455700,Bond
2019-12-23,US Long Treasury ETF,136.4499969482422,5175000,Bond
2019-12-24,US Long Treasury ETF,136.83999633789062,4667400,Bond
2019-12-26,US Long Treasury ETF,137.1699981689453,5290200,Bond
2019-12-27,US Long Treasury ETF,137.32000732421875,7300500,Bond
2019-12-30,US Long Treasury ETF,136.82000732421875,7979700,Bond
2019-12-31,US Long Treasury ETF,135.47999572753906,10707400,Bond
2020-01-02,US Long Treasury ETF,137.00999450683594,11034100,Bond
2020-01-03,US Long Treasury ETF,139.1199951171875,12366000,Bond
2020-01-06,US Long Treasury ETF,138.3300018310547,11369800,Bond
2020-01-07,US Long Treasury ETF,137.64999389648438,8381200,Bond
2020-01-08,US Long Treasury ETF,136.74000549316406,10621700,Bond
2020-01-09,US Long Treasury ETF,137.22000122070312,7411500,Bond
2020-01-10,US Long Treasury ETF,138.44000244140625,8776000,Bond
2020-01-13,US Long Treasury ETF,138.02000427246094,5966900,Bond
2020-01-14,US Long Treasury ETF,138.72999572753906,13920300,Bond
2020-01-15,US Long Treasury ETF,139.64999389648438,6290500,Bond
2020-01-16,US Long Treasury ETF,139.2100067138672,6798600,Bond
2020-01-17,US Long Treasury ETF,138.02000427246094,9693100,Bond
2020-01-21,US Long Treasury ETF,139.47000122070312,6794900,Bond
2020-01-22,US Long Treasury ETF,139.9600067138672,6317000,Bond
2020-01-23,US Long Treasury ETF,140.94000244140625,9747400,Bond
2020-01-24,US Long Treasury ETF,142.0800018310547,8585000,Bond
2020-01-27,US Long Treasury ETF,144.2899932861328,10935200,Bond
2020-01-28,US Long Treasury ETF,143.16000366210938,10612900,Bond
2020-01-29,US Long Treasury ETF,144.55999755859375,9566800,Bond
2020-01-30,US Long Treasury ETF,144.5800018310547,14711800,Bond
2020-01-31,US Long Treasury ETF,145.89999389648438,14538100,Bond
2020-02-03,US Long Treasury ETF,145.5399932861328,15309000,Bond
2020-02-04,US Long Treasury ETF,143.5800018310547,11388300,Bond
2020-02-05,US Long Treasury ETF,142.00999450683594,10782600,Bond
2020-02-06,US Long Treasury ETF,142.64999389648438,6683100,Bond
2020-02-07,US Long Treasury ETF,144.42999267578125,11374800,Bond
2020-02-10,US Long Treasury ETF,144.8300018310547,6699300,Bond
2020-02-11,US Long Treasury ETF,144.10000610351562,7784100,Bond
2020-02-12,US Long Treasury ETF,143.3699951171875,5595500,Bond
2020-02-13,US Long Treasury ETF,143.9199981689453,7883400,Bond
2020-02-14,US Long Treasury ETF,144.5500030517578,7137400,Bond
2020-02-18,US Long Treasury ETF,145.5399932861328,6909200,Bond
2020-02-19,US Long Treasury ETF,145.52999877929688,5707700,Bond
2020-02-20,US Long Treasury ETF,146.6699981689453,9332900,Bond
2020-02-21,US Long Treasury ETF,148.0399932861328,13860300,Bond
2020-02-24,US Long Treasury ETF,150.25,15929300,Bond
2020-02-25,US Long Treasury ETF,151.0500030517578,20802900,Bond
2020-02-26,US Long Treasury ETF,150.25,22589500,Bond
2020-02-27,US Long Treasury ETF,151.8800048828125,30687900,Bond
2020-02-28,US Long Treasury ETF,155.30999755859375,44935200,Bond
2020-03-02,US Long Treasury ETF,153.94000244140625,28152400,Bond
2020-03-03,US Long Treasury ETF,156.3300018310547,38608000,Bond
2020-03-04,US Long Treasury ETF,154.6699981689453,23463700,Bond
2020-03-05,US Long Treasury ETF,158.52000427246094,17786200,Bond
2020-03-06,US Long Treasury ETF,166.77000427246094,76288300,Bond
2020-03-09,US Long Treasury ETF,171.2899932861328,41552800,Bond
2020-03-10,US Long Treasury ETF,162.50999450683594,37728300,Bond
2020-03-11,US Long Treasury ETF,156.52999877929688,29519300,Bond
2020-03-12,US Long Treasury ETF,157.5,24361800,Bond
2020-03-13,US Long Treasury ETF,153.94000244140625,19812900,Bond
2020-03-16,US Long Treasury ETF,163.91000366210938,30496700,Bond
2020-03-17,US Long Treasury ETF,152.97999572753906,18570900,Bond
2020-03-18,US Long Treasury ETF,144.35000610351562,47061000,Bond
2020-03-19,US Long Treasury ETF,148.27999877929688,21175300,Bond
2020-03-20,US Long Treasury ETF,159.42999267578125,20863100,Bond
2020-03-23,US Long Treasury ETF,166.0,19971800,Bond
2020-03-24,US Long Treasury ETF,162.91000366210938,11948600,Bond
2020-03-25,US Long Treasury ETF,162.5399932861328,10750600,Bond
2020-03-26,US Long Treasury ETF,163.33999633789062,10576200,Bond
2020-03-27,US Long Treasury ETF,167.6999969482422,12550000,Bond
2020-03-30,US Long Treasury ETF,166.32000732421875,13473200,Bond
2020-03-31,US Long Treasury ETF,164.97000122070312,11464800,Bond
2020-04-01,US Long Treasury ETF,167.0399932861328,11334700,Bond
2020-04-02,US Long Treasury ETF,168.10000610351562,5771200,Bond
2020-04-03,US Long Treasury ETF,168.5,6570800,Bond
2020-04-06,US Long Treasury ETF,168.05999755859375,9434800,Bond
2020-04-07,US Long Treasury ETF,166.3000030517578,13811400,Bond
2020-04-08,US Long Treasury ETF,165.08999633789062,10147100,Bond
2020-04-09,US Long Treasury ETF,165.38999938964844,14259100,Bond
2020-04-13,US Long Treasury ETF,163.8800048828125,8750300,Bond
2020-04-14,US Long Treasury ETF,163.83999633789062,9019100,Bond
2020-04-15,US Long Treasury ETF,168.17999267578125,10027800,Bond
2020-04-16,US Long Treasury ETF,170.08999633789062,8265400,Bond
2020-04-17,US Long Treasury ETF,167.80999755859375,8612100,Bond
2020-04-20,US Long Treasury ETF,169.16000366210938,6462600,Bond
2020-04-21,US Long Treasury ETF,171.2899932861328,7850700,Bond
2020-04-22,US Long Treasury ETF,169.5399932861328,6230200,Bond
2020-04-23,US Long Treasury ETF,170.44000244140625,5968600,Bond
2020-04-24,US Long Treasury ETF,170.83999633789062,6211800,Bond
2020-04-27,US Long Treasury ETF,167.66000366210938,9039500,Bond
2020-04-28,US Long Treasury ETF,169.58999633789062,9905400,Bond
2020-04-29,US Long Treasury ETF,168.7100067138672,8619600,Bond
2020-04-30,US Long Treasury ETF,166.74000549316406,11606100,Bond
2020-05-01,US Long Treasury ETF,167.9499969482422,10209400,Bond
2020-05-04,US Long Treasury ETF,167.16000366210938,8300900,Bond
2020-05-05,US Long Treasury ETF,166.08999633789062,7831800,Bond
2020-05-06,US Long Treasury ETF,163.41000366210938,14721500,Bond
2020-05-07,US Long Treasury ETF,166.13999938964844,9164800,Bond
2020-05-08,US Long Treasury ETF,163.97999572753906,8129800,Bond
2020-05-11,US Long Treasury ETF,162.6999969482422,8713500,Bond
2020-05-12,US Long Treasury ETF,164.3699951171875,10057300,Bond
2020-05-13,US Long Treasury ETF,165.52000427246094,13305600,Bond
2020-05-14,US Long Treasury ETF,167.13999938964844,10080000,Bond
2020-05-15,US Long Treasury ETF,166.7100067138672,7225600,Bond
2020-05-18,US Long Treasury ETF,163.0500030517578,10073100,Bond
2020-05-19,US Long Treasury ETF,163.66000366210938,8639100,Bond
2020-05-20,US Long Treasury ETF,164.14999389648438,10927300,Bond
2020-05-21,US Long Treasury ETF,164.55999755859375,8920000,Bond
2020-05-22,US Long Treasury ETF,165.5500030517578,4956700,Bond
2020-05-26,US Long Treasury ETF,163.3300018310547,8098900,Bond
2020-05-27,US Long Treasury ETF,163.02999877929688,8047400,Bond
2020-05-28,US Long Treasury ETF,162.42999267578125,10272600,Bond
2020-05-29,US Long Treasury ETF,163.58999633789062,14632700,Bond
2020-06-01,US Long Treasury ETF,162.27999877929688,13341400,Bond
2020-06-02,US Long Treasury ETF,161.69000244140625,11517100,Bond
2020-06-03,US Long Treasury ETF,159.5399932861328,12255700,Bond
2020-06-04,US Long Treasury ETF,157.22999572753906,14038600,Bond
2020-06-05,US Long Treasury ETF,156.11000061035156,17778500,Bond
2020-06-08,US Long Treasury ETF,156.7100067138672,10346700,Bond
2020-06-09,US Long Treasury ETF,158.49000549316406,9095300,Bond
2020-06-10,US Long Treasury ETF,160.83999633789062,13135500,Bond
2020-06-11,US Long Treasury ETF,163.8800048828125,17086400,Bond
2020-06-12,US Long Treasury ETF,162.3000030517578,9716100,Bond
2020-06-15,US Long Treasury ETF,162.38999938964844,7759800,Bond
2020-06-16,US Long Treasury ETF,159.89999389648438,13698900,Bond
2020-06-17,US Long Treasury ETF,160.55999755859375,7113900,Bond
2020-06-18,US Long Treasury ETF,162.25999450683594,7691400,Bond
2020-06-19,US Long Treasury ETF,162.38999938964844,8565500,Bond
2020-06-22,US Long Treasury ETF,162.41000366210938,9319700,Bond
2020-06-23,US Long Treasury ETF,161.3000030517578,9088600,Bond
2020-06-24,US Long Treasury ETF,163.02999877929688,11436500,Bond
2020-06-25,US Long Treasury ETF,163.5,10968000,Bond
2020-06-26,US Long Treasury ETF,165.25,12119300,Bond
2020-06-29,US Long Treasury ETF,164.72999572753906,7274400,Bond
2020-06-30,US Long Treasury ETF,163.92999267578125,14841700,Bond
2020-07-01,US Long Treasury ETF,163.4199981689453,13181000,Bond
2020-07-02,US Long Treasury ETF,163.58999633789062,7599800,Bond
2020-07-06,US Long Treasury ETF,162.9199981689453,7972700,Bond
2020-07-07,US Long Treasury ETF,165.2100067138672,12791900,Bond
2020-07-08,US Long Treasury ETF,164.5500030517578,7253900,Bond
2020-07-09,US Long Treasury ETF,167.1699981689453,13373100,Bond
2020-07-10,US Long Treasury ETF,166.3300018310547,8478000,Bond
2020-07-13,US Long Treasury ETF,166.8800048828125,8054000,Bond
2020-07-14,US Long Treasury ETF,167.1199951171875,11344600,Bond
2020-07-15,US Long Treasury ETF,166.33999633789062,7840300,Bond
2020-07-16,US Long Treasury ETF,167.1300048828125,9107400,Bond
2020-07-17,US Long Treasury ETF,166.77999877929688,8549900,Bond
2020-07-20,US Long Treasury ETF,167.19000244140625,6907200,Bond
2020-07-21,US Long Treasury ETF,167.2899932861328,8454400,Bond
2020-07-22,US Long Treasury ETF,167.7899932861328,6592100,Bond
2020-07-23,US Long Treasury ETF,169.75,10471800,Bond
2020-07-24,US Long Treasury ETF,169.74000549316406,7520700,Bond
2020-07-27,US Long Treasury ETF,169.11000061035156,6146400,Bond
2020-07-28,US Long Treasury ETF,170.27999877929688,8520700,Bond
2020-07-29,US Long Treasury ETF,169.99000549316406,6733700,Bond
2020-07-30,US Long Treasury ETF,171.11000061035156,9376100,Bond
2020-07-31,US Long Treasury ETF,171.0,8886000,Bond
2020-08-03,US Long Treasury ETF,169.9499969482422,9066200,Bond
2020-08-04,US Long Treasury ETF,171.57000732421875,9878900,Bond
2020-08-05,US Long Treasury ETF,170.07000732421875,6954100,Bond
2020-08-06,US Long Treasury ETF,171.02000427246094,9481800,Bond
2020-08-07,US Long Treasury ETF,169.8800048828125,8176900,Bond
2020-08-10,US Long Treasury ETF,169.1199951171875,6408500,Bond
2020-08-11,US Long Treasury ETF,167.11000061035156,19234200,Bond
2020-08-12,US Long Treasury ETF,165.58999633789062,11744800,Bond
2020-08-13,US Long Treasury ETF,163.82000732421875,12744700,Bond
2020-08-14,US Long Treasury ETF,163.17999267578125,6398100,Bond
2020-08-17,US Long Treasury ETF,163.58999633789062,6901500,Bond
2020-08-18,US Long Treasury ETF,164.75999450683594,8140600,Bond
2020-08-19,US Long Treasury ETF,163.72999572753906,12497700,Bond
2020-08-20,US Long Treasury ETF,165.2100067138672,10319900,Bond
2020-08-21,US Long Treasury ETF,166.1999969482422,6836000,Bond
2020-08-24,US Long Treasury ETF,165.92999267578125,6490600,Bond
2020-08-25,US Long Treasury ETF,164.66000366210938,10518300,Bond
2020-08-26,US Long Treasury ETF,164.02999877929688,8276600,Bond
2020-08-27,US Long Treasury ETF,161.24000549316406,19860100,Bond
2020-08-28,US Long Treasury ETF,161.1199951171875,8415400,Bond
2020-08-31,US Long Treasury ETF,162.19000244140625,11388100,Bond
2020-09-01,US Long Treasury ETF,163.86000061035156,10587000,Bond
2020-09-02,US Long Treasury ETF,165.4199981689453,15167700,Bond
2020-09-03,US Long Treasury ETF,165.88999938964844,16416600,Bond
2020-09-04,US Long Treasury ETF,162.74000549316406,13780300,Bond
2020-09-08,US Long Treasury ETF,163.74000549316406,13790400,Bond
2020-09-09,US Long Treasury ETF,163.3000030517578,9558900,Bond
2020-09-10,US Long Treasury ETF,164.1300048828125,8847700,Bond
2020-09-11,US Long Treasury ETF,164.47999572753906,5458200,Bond
2020-09-14,US Long Treasury ETF,164.47000122070312,4274900,Bond
2020-09-15,US Long Treasury ETF,164.07000732421875,6928500,Bond
2020-09-16,US Long Treasury ETF,163.5800018310547,8815200,Bond
2020-09-17,US Long Treasury ETF,164.0800018310547,7813900,Bond
2020-09-18,US Long Treasury ETF,163.57000732421875,7246300,Bond
2020-09-21,US Long Treasury ETF,164.39999389648438,11086900,Bond
2020-09-22,US Long Treasury ETF,164.27000427246094,10524100,Bond
2020-09-23,US Long Treasury ETF,164.49000549316406,6224800,Bond
2020-09-24,US Long Treasury ETF,165.1199951171875,8278100,Bond
2020-09-25,US Long Treasury ETF,165.1199951171875,5140300,Bond
2020-09-28,US Long Treasury ETF,164.64999389648438,4470100,Bond
2020-09-29,US Long Treasury ETF,164.83999633789062,10297600,Bond
2020-09-30,US Long Treasury ETF,163.25999450683594,12971000,Bond
2020-10-01,US Long Treasury ETF,163.36000061035156,11523900,Bond
2020-10-02,US Long Treasury ETF,162.75,8828800,Bond
2020-10-05,US Long Treasury ETF,159.57000732421875,14726000,Bond
2020-10-06,US Long Treasury ETF,160.42999267578125,22419400,Bond
2020-10-07,US Long Treasury ETF,159.25999450683594,9429200,Bond
2020-10-08,US Long Treasury ETF,160.1199951171875,8431500,Bond
2020-10-09,US Long Treasury ETF,160.08999633789062,8441500,Bond
2020-10-12,US Long Treasury ETF,160.60000610351562,3962000,Bond
2020-10-13,US Long Treasury ETF,161.75,7914300,Bond
2020-10-14,US Long Treasury ETF,162.1199951171875,6954800,Bond
2020-10-15,US Long Treasury ETF,161.83999633789062,9458800,Bond
2020-10-16,US Long Treasury ETF,161.38999938964844,8416300,Bond
2020-10-19,US Long Treasury ETF,160.77999877929688,9286600,Bond
2020-10-20,US Long Treasury ETF,159.25,11189000,Bond
2020-10-21,US Long Treasury ETF,158.6999969482422,10453700,Bond
2020-10-22,US Long Treasury ETF,157.0500030517578,12664900,Bond
2020-10-23,US Long Treasury ETF,158.00999450683594,8783800,Bond
2020-10-26,US Long Treasury ETF,159.47999572753906,7227300,Bond
2020-10-27,US Long Treasury ETF,160.5500030517578,6062300,Bond
2020-10-28,US Long Treasury ETF,160.6999969482422,11765800,Bond
2020-10-29,US Long Treasury ETF,159.13999938964844,11932400,Bond
2020-10-30,US Long Treasury ETF,157.57000732421875,13095400,Bond
2020-11-02,US Long Treasury ETF,158.5800018310547,10810500,Bond
2020-11-03,US Long Treasury ETF,157.66000366210938,16228700,Bond
2020-11-04,US Long Treasury ETF,161.0800018310547,21570800,Bond
2020-11-05,US Long Treasury ETF,161.36000061035156,18537500,Bond
2020-11-06,US Long Treasury ETF,159.41000366210938,12408400,Bond
2020-11-09,US Long Treasury ETF,156.05999755859375,23245000,Bond
2020-11-10,US Long Treasury ETF,155.16000366210938,12561000,Bond
2020-11-11,US Long Treasury ETF,155.72000122070312,5888200,Bond
2020-11-12,US Long Treasury ETF,158.3699951171875,15999700,Bond
2020-11-13,US Long Treasury ETF,158.16000366210938,7344600,Bond
2020-11-16,US Long Treasury ETF,157.77999877929688,6310400,Bond
2020-11-17,US Long Treasury ETF,158.80999755859375,7444600,Bond
2020-11-18,US Long Treasury ETF,159.27000427246094,10333300,Bond
2020-11-19,US Long Treasury ETF,160.08999633789062,10637200,Bond
2020-11-20,US Long Treasury ETF,161.50999450683594,7246800,Bond
2020-11-23,US Long Treasury ETF,160.77000427246094,11300000,Bond
2020-11-24,US Long Treasury ETF,159.1699981689453,10891700,Bond
2020-11-25,US Long Treasury ETF,158.67999267578125,9145800,Bond
2020-11-27,US Long Treasury ETF,160.22000122070312,4708200,Bond
2020-11-30,US Long Treasury ETF,160.02000427246094,13071600,Bond
2020-12-01,US Long Treasury ETF,157.5,13662800,Bond
2020-12-02,US Long Treasury ETF,156.25,12114300,Bond
2020-12-03,US Long Treasury ETF,157.50999450683594,9626500,Bond
2020-12-04,US Long Treasury ETF,155.1999969482422,12734500,Bond
2020-12-07,US Long Treasury ETF,156.60000610351562,9316100,Bond
2020-12-08,US Long Treasury ETF,157.33999633789062,7397200,Bond
2020-12-09,US Long Treasury ETF,156.82000732421875,7750100,Bond
2020-12-10,US Long Treasury ETF,158.2100067138672,10025100,Bond
2020-12-11,US Long Treasury ETF,158.77000427246094,8135900,Bond
2020-12-14,US Long Treasury ETF,158.3300018310547,7535900,Bond
2020-12-15,US Long Treasury ETF,157.8000030517578,6847500,Bond
2020-12-16,US Long Treasury ETF,157.3800048828125,9954200,Bond
2020-12-17,US Long Treasury ETF,156.8000030517578,9422700,Bond
2020-12-18,US Long Treasury ETF,156.3300018310547,6505000,Bond
2020-12-21,US Long Treasury ETF,156.9499969482422,8988200,Bond
2020-12-22,US Long Treasury ETF,157.75999450683594,7370800,Bond
2020-12-23,US Long Treasury ETF,156.6699981689453,9266600,Bond
2020-12-24,US Long Treasury ETF,157.2899932861328,3117100,Bond
2020-12-28,US Long Treasury ETF,157.36000061035156,7791100,Bond
2020-12-29,US Long Treasury ETF,157.16000366210938,9030900,Bond
2020-12-30,US Long Treasury ETF,157.5,9097300,Bond
2020-12-31,US Long Treasury ETF,157.72999572753906,7742100,Bond
2021-01-04,US Long Treasury ETF,157.5399932861328,13152900,Bond
2021-01-05,US Long Treasury ETF,156.3699951171875,10458100,Bond
2021-01-06,US Long Treasury ETF,153.16000366210938,22827300,Bond
2021-01-07,US Long Treasury ETF,151.80999755859375,14651900,Bond
2021-01-08,US Long Treasury ETF,151.32000732421875,13622500,Bond
2021-01-11,US Long Treasury ETF,151.07000732421875,8370700,Bond
2021-01-12,US Long Treasury ETF,150.9499969482422,12186300,Bond
2021-01-13,US Long Treasury ETF,152.64999389648438,12533300,Bond
2021-01-14,US Long Treasury ETF,151.22000122070312,14835500,Bond
2021-01-15,US Long Treasury ETF,151.82000732421875,11624700,Bond
2021-01-19,US Long Treasury ETF,152.30999755859375,9575600,Bond
2021-01-20,US Long Treasury ETF,152.4600067138672,5368900,Bond
2021-01-21,US Long Treasury ETF,151.38999938964844,8162700,Bond
2021-01-22,US Long Treasury ETF,151.8800048828125,9507200,Bond
2021-01-25,US Long Treasury ETF,153.6699981689453,8712600,Bond
2021-01-26,US Long Treasury ETF,153.3800048828125,7690300,Bond
2021-01-27,US Long Treasury ETF,153.77000427246094,7895200,Bond
2021-01-28,US Long Treasury ETF,152.9199981689453,10667800,Bond
2021-01-29,US Long Treasury ETF,152.0,14965900,Bond
2021-02-01,US Long Treasury ETF,152.0,8165500,Bond
2021-02-02,US Long Treasury ETF,151.02000427246094,9177500,Bond
2021-02-03,US Long Treasury ETF,149.67999267578125,9633100,Bond
2021-02-04,US Long Treasury ETF,149.27999877929688,8262600,Bond
2021-02-05,US Long Treasury ETF,148.02999877929688,10258900,Bond
2021-02-08,US Long Treasury ETF,148.67999267578125,11574800,Bond
2021-02-09,US Long Treasury ETF,148.7899932861328,5218300,Bond
2021-02-10,US Long Treasury ETF,149.77999877929688,8079800,Bond
2021-02-11,US Long Treasury ETF,148.9600067138672,11962700,Bond
2021-02-12,US Long Treasury ETF,147.11000061035156,14088400,Bond
2021-02-16,US Long Treasury ETF,144.8699951171875,17789100,Bond
2021-02-17,US Long Treasury ETF,145.7899932861328,11199100,Bond
2021-02-18,US Long Treasury ETF,145.1999969482422,10755300,Bond
2021-02-19,US Long Treasury ETF,143.27000427246094,12741700,Bond
2021-02-22,US Long Treasury ETF,142.17999267578125,13203900,Bond
2021-02-23,US Long Treasury ETF,141.77000427246094,12658500,Bond
2021-02-24,US Long Treasury ETF,140.83999633789062,17363100,Bond
2021-02-25,US Long Treasury ETF,138.5399932861328,52621700,Bond
2021-02-26,US Long Treasury ETF,143.1199951171875,45423300,Bond
2021-03-01,US Long Treasury ETF,141.05999755859375,22048000,Bond
2021-03-02,US Long Treasury ETF,141.07000732421875,12482200,Bond
2021-03-03,US Long Treasury ETF,139.5399932861328,19763700,Bond
2021-03-04,US Long Treasury ETF,138.63999938964844,22366600,Bond
2021-03-05,US Long Treasury ETF,138.91000366210938,20598000,Bond
2021-03-08,US Long Treasury ETF,137.8300018310547,15236600,Bond
2021-03-09,US Long Treasury ETF,139.74000549316406,14463400,Bond
2021-03-10,US Long Treasury ETF,140.02000427246094,12387600,Bond
2021-03-11,US Long Treasury ETF,139.00999450683594,14150700,Bond
2021-03-12,US Long Treasury ETF,136.05999755859375,20402700,Bond
2021-03-15,US Long Treasury ETF,136.86000061035156,11366500,Bond
2021-03-16,US Long Treasury ETF,136.30999755859375,15567900,Bond
2021-03-17,US Long Treasury ETF,135.2899932861328,27107500,Bond
2021-03-18,US Long Treasury ETF,133.9199981689453,21615100,Bond
2021-03-19,US Long Treasury ETF,134.75,18685000,Bond
2021-03-22,US Long Treasury ETF,136.25999450683594,17047500,Bond
2021-03-23,US Long Treasury ETF,137.49000549316406,16768400,Bond
2021-03-24,US Long Treasury ETF,138.22999572753906,13863000,Bond
2021-03-25,US Long Treasury ETF,137.13999938964844,20782000,Bond
2021-03-26,US Long Treasury ETF,136.66000366210938,8433300,Bond
2021-03-29,US Long Treasury ETF,135.5,13968100,Bond
2021-03-30,US Long Treasury ETF,136.2100067138672,15020800,Bond
2021-03-31,US Long Treasury ETF,135.4499969482422,19271300,Bond
2021-04-01,US Long Treasury ETF,137.50999450683594,14885900,Bond
2021-04-05,US Long Treasury ETF,136.91000366210938,8243000,Bond
2021-04-06,US Long Treasury ETF,137.83999633789062,9282400,Bond
2021-04-07,US Long Treasury ETF,136.8800048828125,11052700,Bond
2021-04-08,US Long Treasury ETF,138.00999450683594,7847900,Bond
2021-04-09,US Long Treasury ETF,137.50999450683594,8717800,Bond
2021-04-12,US Long Treasury ETF,137.4499969482422,7659000,Bond
2021-04-13,US Long Treasury ETF,138.47999572753906,13232800,Bond
2021-04-14,US Long Treasury ETF,138.0399932861328,7293200,Bond
2021-04-15,US Long Treasury ETF,140.35000610351562,23896700,Bond
2021-04-16,US Long Treasury ETF,139.25999450683594,15238400,Bond
2021-04-19,US Long Treasury ETF,138.86000061035156,13886800,Bond
2021-04-20,US Long Treasury ETF,139.5,11476500,Bond
2021-04-21,US Long Treasury ETF,139.77999877929688,11902200,Bond
2021-04-22,US Long Treasury ETF,140.38999938964844,14156400,Bond
2021-04-23,US Long Treasury ETF,140.05999755859375,12302200,Bond
2021-04-26,US Long Treasury ETF,139.86000061035156,9103500,Bond
2021-04-27,US Long Treasury ETF,138.63999938964844,14137300,Bond
2021-04-28,US Long Treasury ETF,138.72999572753906,15263700,Bond
2021-04-29,US Long Treasury ETF,138.32000732421875,17178200,Bond
2021-04-30,US Long Treasury ETF,138.63999938964844,15692000,Bond
2021-05-03,US Long Treasury ETF,138.52000427246094,16447700,Bond
2021-05-04,US Long Treasury ETF,139.4600067138672,18639700,Bond
2021-05-05,US Long Treasury ETF,139.69000244140625,11127900,Bond
2021-05-06,US Long Treasury ETF,139.9199981689453,21907600,Bond
2021-05-07,US Long Treasury ETF,139.22999572753906,18346900,Bond
2021-05-10,US Long Treasury ETF,137.82000732421875,15146200,Bond
2021-05-11,US Long Treasury ETF,137.0399932861328,15158600,Bond
2021-05-12,US Long Treasury ETF,135.60000610351562,20859400,Bond
2021-05-13,US Long Treasury ETF,135.80999755859375,13073900,Bond
2021-05-14,US Long Treasury ETF,137.0800018310547,17566700,Bond
2021-05-17,US Long Treasury ETF,136.7899932861328,6113800,Bond
2021-05-18,US Long Treasury ETF,136.44000244140625,11423100,Bond
2021-05-19,US Long Treasury ETF,136.11000061035156,14296000,Bond
2021-05-20,US Long Treasury ETF,137.22999572753906,13310500,Bond
2021-05-21,US Long Treasury ETF,137.6699981689453,10171600,Bond
2021-05-24,US Long Treasury ETF,138.17999267578125,6868700,Bond
2021-05-25,US Long Treasury ETF,139.4600067138672,12346900,Bond
2021-05-26,US Long Treasury ETF,139.22000122070312,9793700,Bond
2021-05-27,US Long Treasury ETF,138.66000366210938,10695200,Bond
2021-05-28,US Long Treasury ETF,138.44000244140625,10258000,Bond
2021-06-01,US Long Treasury ETF,138.2100067138672,11778500,Bond
2021-06-02,US Long Treasury ETF,138.52999877929688,7347900,Bond
2021-06-03,US Long Treasury ETF,138.00999450683594,10994000,Bond
2021-06-04,US Long Treasury ETF,139.89999389648438,15773700,Bond
2021-06-07,US Long Treasury ETF,139.47000122070312,7799800,Bond
2021-06-08,US Long Treasury ETF,140.4499969482422,11230900,Bond
2021-06-09,US Long Treasury ETF,141.69000244140625,12768300,Bond
2021-06-10,US Long Treasury ETF,142.5399932861328,19698300,Bond
2021-06-11,US Long Treasury ETF,142.30999755859375,8646700,Bond
2021-06-14,US Long Treasury ETF,141.22000122070312,9401300,Bond
2021-06-15,US Long Treasury ETF,141.0500030517578,18207300,Bond
2021-06-16,US Long Treasury ETF,140.92999267578125,19676300,Bond
2021-06-17,US Long Treasury ETF,143.0399932861328,35225800,Bond
2021-06-18,US Long Treasury ETF,145.72999572753906,26616900,Bond
2021-06-21,US Long Treasury ETF,143.2899932861328,16485000,Bond
2021-06-22,US Long Treasury ETF,143.63999938964844,14530200,Bond
2021-06-23,US Long Treasury ETF,143.27000427246094,12040900,Bond
2021-06-24,US Long Treasury ETF,143.5,8788400,Bond
2021-06-25,US Long Treasury ETF,142.00999450683594,15562200,Bond
2021-06-28,US Long Treasury ETF,143.47000122070312,11460700,Bond
2021-06-29,US Long Treasury ETF,143.7100067138672,11217900,Bond
2021-06-30,US Long Treasury ETF,144.35000610351562,15708900,Bond
2021-07-01,US Long Treasury ETF,144.1699981689453,10810000,Bond
2021-07-02,US Long Treasury ETF,145.0399932861328,9650200,Bond
2021-07-06,US Long Treasury ETF,146.74000549316406,20037200,Bond
2021-07-07,US Long Treasury ETF,148.0399932861328,20964400,Bond
2021-07-08,US Long Treasury ETF,148.6199951171875,17487800,Bond
2021-07-09,US Long Treasury ETF,146.52999877929688,14483600,Bond
2021-07-12,US Long Treasury ETF,146.33999633789062,10610400,Bond
2021-07-13,US Long Treasury ETF,145.22000122070312,23340200,Bond
2021-07-14,US Long Treasury ETF,146.8699951171875,16038600,Bond
2021-07-15,US Long Treasury ETF,148.49000549316406,18462400,Bond
2021-07-16,US Long Treasury ETF,148.2100067138672,12787900,Bond
2021-07-19,US Long Treasury ETF,151.4600067138672,40203900,Bond
2021-07-20,US Long Treasury ETF,150.0,25674800,Bond
2021-07-21,US Long Treasury ETF,148.10000610351562,19988900,Bond
2021-07-22,US Long Treasury ETF,149.5,18136900,Bond
2021-07-23,US Long Treasury ETF,148.5,12639300,Bond
2021-07-26,US Long Treasury ETF,148.05999755859375,10737700,Bond
2021-07-27,US Long Treasury ETF,149.63999938964844,13036500,Bond
2021-07-28,US Long Treasury ETF,149.64999389648438,14346700,Bond
2021-07-29,US Long Treasury ETF,148.82000732421875,11532000,Bond
2021-07-30,US Long Treasury ETF,149.52000427246094,14342100,Bond
2021-08-02,US Long Treasury ETF,150.6699981689453,21232700,Bond
2021-08-03,US Long Treasury ETF,150.75,13361900,Bond
2021-08-04,US Long Treasury ETF,151.05999755859375,18267900,Bond
2021-08-05,US Long Treasury ETF,150.2899932861328,15345400,Bond
2021-08-06,US Long Treasury ETF,147.77999877929688,21144300,Bond
2021-08-09,US Long Treasury ETF,147.25,12942400,Bond
2021-08-10,US Long Treasury ETF,146.57000732421875,13716900,Bond
2021-08-11,US Long Treasury ETF,146.47999572753906,17227600,Bond
2021-08-12,US Long Treasury ETF,146.24000549316406,14709400,Bond
2021-08-13,US Long Treasury ETF,148.5500030517578,18653800,Bond
2021-08-16,US Long Treasury ETF,148.91000366210938,19170900,Bond
2021-08-17,US Long Treasury ETF,148.85000610351562,14126900,Bond
2021-08-18,US Long Treasury ETF,149.35000610351562,13144000,Bond
2021-08-19,US Long Treasury ETF,150.4499969482422,15474300,Bond
2021-08-20,US Long Treasury ETF,150.5500030517578,12388400,Bond
2021-08-23,US Long Treasury ETF,150.4499969482422,10615000,Bond
2021-08-24,US Long Treasury ETF,149.27999877929688,13835900,Bond
2021-08-25,US Long Treasury ETF,148.0399932861328,16743800,Bond
2021-08-26,US Long Treasury ETF,148.4499969482422,16657400,Bond
2021-08-27,US Long Treasury ETF,149.4600067138672,15384700,Bond
2021-08-30,US Long Treasury ETF,149.85000610351562,10596300,Bond
2021-08-31,US Long Treasury ETF,148.8300018310547,15262400,Bond
2021-09-01,US Long Treasury ETF,148.88999938964844,10807100,Bond
2021-09-02,US Long Treasury ETF,149.5399932861328,9765900,Bond
2021-09-03,US Long Treasury ETF,148.17999267578125,12928000,Bond
2021-09-07,US Long Treasury ETF,146.92999267578125,15547800,Bond
2021-09-08,US Long Treasury ETF,147.92999267578125,14533700,Bond
2021-09-09,US Long Treasury ETF,149.72000122070312,20324600,Bond
2021-09-10,US Long Treasury ETF,148.39999389648438,14894600,Bond
2021-09-13,US Long Treasury ETF,149.3000030517578,15036100,Bond
2021-09-14,US Long Treasury ETF,151.11000061035156,19918400,Bond
2021-09-15,US Long Treasury ETF,150.5800018310547,11940300,Bond
2021-09-16,US Long Treasury ETF,149.88999938964844,13328900,Bond
2021-09-17,US Long Treasury ETF,149.1699981689453,13782900,Bond
2021-09-20,US Long Treasury ETF,151.02000427246094,14660400,Bond
2021-09-21,US Long Treasury ETF,150.88999938964844,10035800,Bond
2021-09-22,US Long Treasury ETF,151.7899932861328,22277800,Bond
2021-09-23,US Long Treasury ETF,148.36000061035156,23853300,Bond
2021-09-24,US Long Treasury ETF,146.91000366210938,20203900,Bond
2021-09-27,US Long Treasury ETF,146.3699951171875,13464300,Bond
2021-09-28,US Long Treasury ETF,144.08999633789062,26613500,Bond
2021-09-29,US Long Treasury ETF,144.33999633789062,23569400,Bond
2021-09-30,US Long Treasury ETF,144.32000732421875,22567600,Bond
2021-10-01,US Long Treasury ETF,145.35000610351562,26151800,Bond
2021-10-04,US Long Treasury ETF,144.97999572753906,28027600,Bond
2021-10-05,US Long Treasury ETF,143.5800018310547,22659200,Bond
2021-10-06,US Long Treasury ETF,144.38999938964844,18696500,Bond
2021-10-07,US Long Treasury ETF,142.8800048828125,14856000,Bond
2021-10-08,US Long Treasury ETF,141.8800048828125,17257800,Bond
2021-10-11,US Long Treasury ETF,141.52000427246094,7213400,Bond
2021-10-12,US Long Treasury ETF,143.94000244140625,17968700,Bond
2021-10-13,US Long Treasury ETF,145.33999633789062,23584600,Bond
2021-10-14,US Long Treasury ETF,145.8800048828125,12946400,Bond
2021-10-15,US Long Treasury ETF,145.02999877929688,11811500,Bond
2021-10-18,US Long Treasury ETF,145.7100067138672,12115900,Bond
2021-10-19,US Long Treasury ETF,143.6999969482422,12156300,Bond
2021-10-20,US Long Treasury ETF,142.72999572753906,12782500,Bond
2021-10-21,US Long Treasury ETF,142.55999755859375,13660000,Bond
2021-10-22,US Long Treasury ETF,144.1300048828125,13740000,Bond
2021-10-25,US Long Treasury ETF,143.91000366210938,8137900,Bond
2021-10-26,US Long Treasury ETF,145.10000610351562,13671000,Bond
2021-10-27,US Long Treasury ETF,147.74000549316406,22092300,Bond
2021-10-28,US Long Treasury ETF,147.24000549316406,17497600,Bond
2021-10-29,US Long Treasury ETF,147.69000244140625,19087300,Bond
2021-11-01,US Long Treasury ETF,146.44000244140625,18035500,Bond
2021-11-02,US Long Treasury ETF,147.08999633789062,9836700,Bond
2021-11-03,US Long Treasury ETF,145.57000732421875,20639400,Bond
2021-11-04,US Long Treasury ETF,147.10000610351562,15922400,Bond
2021-11-05,US Long Treasury ETF,149.3000030517578,21513000,Bond
2021-11-08,US Long Treasury ETF,149.02000427246094,12083800,Bond
2021-11-09,US Long Treasury ETF,150.9600067138672,23430200,Bond
2021-11-10,US Long Treasury ETF,148.1999969482422,28170600,Bond
2021-11-11,US Long Treasury ETF,147.97999572753906,5552500,Bond
2021-11-12,US Long Treasury ETF,147.3300018310547,12712000,Bond
2021-11-15,US Long Treasury ETF,145.47999572753906,15232700,Bond
2021-11-16,US Long Treasury ETF,145.11000061035156,12998700,Bond
2021-11-17,US Long Treasury ETF,146.25999450683594,14239900,Bond
2021-11-18,US Long Treasury ETF,146.80999755859375,11054600,Bond
2021-11-19,US Long Treasury ETF,148.36000061035156,14022100,Bond
2021-11-22,US Long Treasury ETF,146.6199951171875,15266000,Bond
2021-11-23,US Long Treasury ETF,144.5,15318500,Bond
2021-11-24,US Long Treasury ETF,146.82000732421875,13769700,Bond
2021-11-26,US Long Treasury ETF,150.52999877929688,20064800,Bond
2021-11-29,US Long Treasury ETF,149.32000732421875,23234200,Bond
2021-11-30,US Long Treasury ETF,151.58999633789062,31481100,Bond
2021-12-01,US Long Treasury ETF,152.33999633789062,30826500,Bond
2021-12-02,US Long Treasury ETF,152.52999877929688,17754200,Bond
2021-12-03,US Long Treasury ETF,154.35000610351562,34427100,Bond
2021-12-06,US Long Treasury ETF,152.22999572753906,30924200,Bond
2021-12-07,US Long Treasury ETF,151.0,22115900,Bond
2021-12-08,US Long Treasury ETF,148.38999938964844,33633900,Bond
2021-12-09,US Long Treasury ETF,149.22000122070312,17544900,Bond
2021-12-10,US Long Treasury ETF,148.86000061035156,14298700,Bond
2021-12-13,US Long Treasury ETF,151.05999755859375,17860500,Bond
2021-12-14,US Long Treasury ETF,150.6999969482422,14015500,Bond
2021-12-15,US Long Treasury ETF,149.25,25383900,Bond
2021-12-16,US Long Treasury ETF,149.13999938964844,18677900,Bond
2021-12-17,US Long Treasury ETF,150.8300018310547,18093500,Bond
2021-12-20,US Long Treasury ETF,149.6999969482422,17147300,Bond
2021-12-21,US Long Treasury ETF,149.1300048828125,16598200,Bond
2021-12-22,US Long Treasury ETF,149.82000732421875,12253900,Bond
2021-12-23,US Long Treasury ETF,148.52000427246094,11642500,Bond
2021-12-27,US Long Treasury ETF,148.8800048828125,7821800,Bond
2021-12-28,US Long Treasury ETF,148.2899932861328,9174600,Bond
2021-12-29,US Long Treasury ETF,146.6699981689453,11771200,Bond
2021-12-30,US Long Treasury ETF,147.89999389648438,10355000,Bond
2021-12-31,US Long Treasury ETF,148.19000244140625,13402300,Bond
2022-01-03,US Long Treasury ETF,144.3000030517578,33860400,Bond
2022-01-04,US Long Treasury ETF,143.6999969482422,21996400,Bond
2022-01-05,US Long Treasury ETF,142.9199981689453,20911700,Bond
2022-01-06,US Long Treasury ETF,143.2899932861328,18996400,Bond
2022-01-07,US Long Treasury ETF,142.25999450683594,18756800,Bond
2022-01-10,US Long Treasury ETF,142.61000061035156,13775800,Bond
2022-01-11,US Long Treasury ETF,143.55999755859375,24388700,Bond
2022-01-12,US Long Treasury ETF,143.00999450683594,14440600,Bond
2022-01-13,US Long Treasury ETF,144.27999877929688,15166000,Bond
2022-01-14,US Long Treasury ETF,142.10000610351562,22997500,Bond
2022-01-18,US Long Treasury ETF,140.10000610351562,21171700,Bond
2022-01-19,US Long Treasury ETF,141.07000732421875,17930500,Bond
2022-01-20,US Long Treasury ETF,141.94000244140625,13959000,Bond
2022-01-21,US Long Treasury ETF,143.6300048828125,28916600,Bond
2022-01-24,US Long Treasury ETF,142.4499969482422,25001600,Bond
2022-01-25,US Long Treasury ETF,142.22000122070312,15599000,Bond
2022-01-26,US Long Treasury ETF,140.5,23655500,Bond
2022-01-27,US Long Treasury ETF,143.0800018310547,21501800,Bond
2022-01-28,US Long Treasury ETF,143.1300048828125,12826500,Bond
2022-01-31,US Long Treasury ETF,142.38999938964844,13998400,Bond
2022-02-01,US Long Treasury ETF,141.72000122070312,20806100,Bond
2022-02-02,US Long Treasury ETF,142.1999969482422,18404600,Bond
2022-02-03,US Long Treasury ETF,141.08999633789062,17234100,Bond
2022-02-04,US Long Treasury ETF,139.00999450683594,23609800,Bond
2022-02-07,US Long Treasury ETF,139.10000610351562,12962400,Bond
2022-02-08,US Long Treasury ETF,138.1699981689453,16269200,Bond
2022-02-09,US Long Treasury ETF,138.42999267578125,14349100,Bond
2022-02-10,US Long Treasury ETF,136.22999572753906,30896200,Bond
2022-02-11,US Long Treasury ETF,138.25,43210300,Bond
2022-02-14,US Long Treasury ETF,136.52999877929688,23157400,Bond
2022-02-15,US Long Treasury ETF,134.97999572753906,18198500,Bond
2022-02-16,US Long Treasury ETF,135.77999877929688,16473700,Bond
2022-02-17,US Long Treasury ETF,136.7899932861328,24508200,Bond
2022-02-18,US Long Treasury ETF,138.22999572753906,17522600,Bond
2022-02-22,US Long Treasury ETF,138.58999633789062,19534000,Bond
2022-02-23,US Long Treasury ETF,136.67999267578125,17757800,Bond
2022-02-24,US Long Treasury ETF,136.77000427246094,28150400,Bond
2022-02-25,US Long Treasury ETF,136.8699951171875,15025400,Bond
2022-02-28,US Long Treasury ETF,139.8699951171875,25817700,Bond
2022-03-01,US Long Treasury ETF,141.3000030517578,35664400,Bond
2022-03-02,US Long Treasury ETF,136.47000122070312,30397400,Bond
2022-03-03,US Long Treasury ETF,137.86000061035156,20649100,Bond
2022-03-04,US Long Treasury ETF,140.24000549316406,25853100,Bond
2022-03-07,US Long Treasury ETF,139.1699981689453,23710900,Bond
2022-03-08,US Long Treasury ETF,137.77000427246094,28331300,Bond
2022-03-09,US Long Treasury ETF,136.4199981689453,18819200,Bond
2022-03-10,US Long Treasury ETF,134.4600067138672,26868900,Bond
2022-03-11,US Long Treasury ETF,134.91000366210938,15583800,Bond
2022-03-14,US Long Treasury ETF,131.75999450683594,24385000,Bond
2022-03-15,US Long Treasury ETF,131.52999877929688,17518800,Bond
2022-03-16,US Long Treasury ETF,132.82000732421875,25857700,Bond
2022-03-17,US Long Treasury ETF,131.8300018310547,19330600,Bond
2022-03-18,US Long Treasury ETF,133.44000244140625,55891700,Bond
2022-03-21,US Long Treasury ETF,130.35000610351562,26122000,Bond
2022-03-22,US Long Treasury ETF,128.67999267578125,21830900,Bond
2022-03-23,US Long Treasury ETF,131.5,21266100,Bond
2022-03-24,US Long Treasury ETF,130.47000122070312,17141600,Bond
2022-03-25,US Long Treasury ETF,128.66000366210938,25684500,Bond
2022-03-28,US Long Treasury ETF,129.75999450683594,17657800,Bond
2022-03-29,US Long Treasury ETF,130.74000549316406,19319700,Bond
2022-03-30,US Long Treasury ETF,131.75999450683594,16310200,Bond
2022-03-31,US Long Treasury ETF,132.0800018310547,19901000,Bond
2022-04-01,US Long Treasury ETF,132.3800048828125,23489700,Bond
2022-04-04,US Long Treasury ETF,131.4600067138672,13609900,Bond
2022-04-05,US Long Treasury ETF,128.49000549316406,25196900,Bond
2022-04-06,US Long Treasury ETF,127.44999694824219,22952000,Bond
2022-04-07,US Long Treasury ETF,126.48999786376953,23458800,Bond
2022-04-08,US Long Treasury ETF,125.12000274658203,26859200,Bond
2022-04-11,US Long Treasury ETF,123.13999938964844,30020700,Bond
2022-04-12,US Long Treasury ETF,122.97000122070312,23124200,Bond
2022-04-13,US Long Treasury ETF,123.22000122070312,17189500,Bond
2022-04-14,US Long Treasury ETF,120.75,34274500,Bond
2022-04-18,US Long Treasury ETF,120.1500015258789,18784300,Bond
2022-04-19,US Long Treasury ETF,119.25,26012300,Bond
2022-04-20,US Long Treasury ETF,121.6500015258789,31423200,Bond
2022-04-21,US Long Treasury ETF,120.75,23323200,Bond
2022-04-22,US Long Treasury ETF,119.98999786376953,19773400,Bond
2022-04-25,US Long Treasury ETF,121.19000244140625,25418900,Bond
2022-04-26,US Long Treasury ETF,122.41000366210938,26931300,Bond
2022-04-27,US Long Treasury ETF,120.83999633789062,14560500,Bond
2022-04-28,US Long Treasury ETF,121.0199966430664,16892500,Bond
2022-04-29,US Long Treasury ETF,119.44999694824219,26153400,Bond
2022-05-02,US Long Treasury ETF,117.18000030517578,29233900,Bond
2022-05-03,US Long Treasury ETF,117.97000122070312,21256700,Bond
2022-05-04,US Long Treasury ETF,118.62000274658203,25575700,Bond
2022-05-05,US Long Treasury ETF,115.37000274658203,48384500,Bond
2022-05-06,US Long Treasury ETF,113.66999816894531,32790500,Bond
2022-05-09,US Long Treasury ETF,114.66999816894531,26773000,Bond
2022-05-10,US Long Treasury ETF,115.70999908447266,33640800,Bond
2022-05-11,US Long Treasury ETF,117.94000244140625,34173600,Bond
2022-05-12,US Long Treasury ETF,117.72000122070312,26405700,Bond
2022-05-13,US Long Treasury ETF,115.9800033569336,20782700,Bond
2022-05-16,US Long Treasury ETF,115.86000061035156,11050600,Bond
2022-05-17,US Long Treasury ETF,114.45999908447266,15040800,Bond
2022-05-18,US Long Treasury ETF,116.9000015258789,21337300,Bond
2022-05-19,US Long Treasury ETF,117.18000030517578,21937500,Bond
2022-05-20,US Long Treasury ETF,118.51000213623047,22780900,Bond
2022-05-23,US Long Treasury ETF,116.55999755859375,15925200,Bond
2022-05-24,US Long Treasury ETF,118.86000061035156,23388200,Bond
2022-05-25,US Long Treasury ETF,119.33000183105469,14410800,Bond
2022-05-26,US Long Treasury ETF,118.79000091552734,14912900,Bond
2022-05-27,US Long Treasury ETF,119.08000183105469,11190400,Bond
2022-05-31,US Long Treasury ETF,116.55999755859375,28393700,Bond
2022-06-01,US Long Treasury ETF,116.22000122070312,15544800,Bond
2022-06-02,US Long Treasury ETF,116.27999877929688,9832000,Bond
2022-06-03,US Long Treasury ETF,116.02999877929688,15330400,Bond
2022-06-06,US Long Treasury ETF,113.88999938964844,20815400,Bond
2022-06-07,US Long Treasury ETF,115.12000274658203,14278700,Bond
2022-06-08,US Long Treasury ETF,114.0999984741211,11476100,Bond
2022-06-09,US Long Treasury ETF,114.4800033569336,15527300,Bond
2022-06-10,US Long Treasury ETF,113.7699966430664,21917100,Bond
2022-06-13,US Long Treasury ETF,110.19999694824219,36968300,Bond
2022-06-14,US Long Treasury ETF,108.80999755859375,21865900,Bond
2022-06-15,US Long Treasury ETF,110.83999633789062,25202800,Bond
2022-06-16,US Long Treasury ETF,111.72000122070312,26067300,Bond
2022-06-17,US Long Treasury ETF,112.08000183105469,21614300,Bond
2022-06-21,US Long Treasury ETF,110.18000030517578,17663800,Bond
2022-06-22,US Long Treasury ETF,113.20999908447266,23703800,Bond
2022-06-23,US Long Treasury ETF,114.13999938964844,20669200,Bond
2022-06-24,US Long Treasury ETF,112.55999755859375,18161300,Bond
2022-06-27,US Long Treasury ETF,111.5999984741211,12053000,Bond
2022-06-28,US Long Treasury ETF,112.12000274658203,13706600,Bond
2022-06-29,US Long Treasury ETF,113.87000274658203,12925400,Bond
2022-06-30,US Long Treasury ETF,114.87000274658203,25802100,Bond
2022-07-01,US Long Treasury ETF,115.81999969482422,21858800,Bond
2022-07-05,US Long Treasury ETF,116.7300033569336,16689700,Bond
2022-07-06,US Long Treasury ETF,114.7699966430664,20205400,Bond
2022-07-07,US Long Treasury ETF,113.76000213623047,13088000,Bond
2022-07-08,US Long Treasury ETF,112.5,15320000,Bond
2022-07-11,US Long Treasury ETF,114.44000244140625,13639900,Bond
2022-07-12,US Long Treasury ETF,115.12000274658203,18547300,Bond
2022-07-13,US Long Treasury ETF,116.44000244140625,20594800,Bond
2022-07-14,US Long Treasury ETF,115.48999786376953,15665000,Bond
2022-07-15,US Long Treasury ETF,116.13999938964844,16022600,Bond
2022-07-18,US Long Treasury ETF,114.93000030517578,15838300,Bond
2022-07-19,US Long Treasury ETF,114.30999755859375,9276800,Bond
2022-07-20,US Long Treasury ETF,114.61000061035156,9117300,Bond
2022-07-21,US Long Treasury ETF,116.58999633789062,14754900,Bond
2022-07-22,US Long Treasury ETF,118.55000305175781,17715300,Bond
2022-07-25,US Long Treasury ETF,117.38999938964844,24868100,Bond
2022-07-26,US Long Treasury ETF,117.4800033569336,13536000,Bond
2022-07-27,US Long Treasury ETF,116.81999969482422,15725600,Bond
2022-07-28,US Long Treasury ETF,117.75,16637900,Bond
2022-07-29,US Long Treasury ETF,117.43000030517578,16655900,Bond
2022-08-01,US Long Treasury ETF,120.04000091552734,17974600,Bond
2022-08-02,US Long Treasury ETF,117.5,17896300,Bond
2022-08-03,US Long Treasury ETF,119.3499984741211,16731200,Bond
2022-08-04,US Long Treasury ETF,119.30999755859375,11003000,Bond
2022-08-05,US Long Treasury ETF,116.47000122070312,19492300,Bond
2022-08-08,US Long Treasury ETF,118.3499984741211,17476300,Bond
2022-08-09,US Long Treasury ETF,117.88999938964844,8223200,Bond
2022-08-10,US Long Treasury ETF,117.12000274658203,14665300,Bond
2022-08-11,US Long Treasury ETF,114.38999938964844,20663800,Bond
2022-08-12,US Long Treasury ETF,115.55000305175781,12178400,Bond
2022-08-15,US Long Treasury ETF,115.44999694824219,9031800,Bond
2022-08-16,US Long Treasury ETF,115.93000030517578,11066000,Bond
2022-08-17,US Long Treasury ETF,114.72000122070312,14131300,Bond
2022-08-18,US Long Treasury ETF,114.88999938964844,10738200,Bond
2022-08-19,US Long Treasury ETF,113.04000091552734,16330900,Bond
2022-08-22,US Long Treasury ETF,112.66000366210938,10457200,Bond
2022-08-23,US Long Treasury ETF,112.04000091552734,17813200,Bond
2022-08-24,US Long Treasury ETF,111.22000122070312,13971600,Bond
2022-08-25,US Long Treasury ETF,112.7699966430664,21429700,Bond
2022-08-26,US Long Treasury ETF,113.62000274658203,18764400,Bond
2022-08-29,US Long Treasury ETF,112.68000030517578,14278300,Bond
2022-08-30,US Long Treasury ETF,112.95999908447266,14346600,Bond
2022-08-31,US Long Treasury ETF,111.87999725341797,13623500,Bond
2022-09-01,US Long Treasury ETF,109.5999984741211,22490400,Bond
2022-09-02,US Long Treasury ETF,110.22000122070312,13024400,Bond
2022-09-06,US Long Treasury ETF,107.48999786376953,24648500,Bond
2022-09-07,US Long Treasury ETF,109.19000244140625,17050100,Bond
2022-09-08,US Long Treasury ETF,108.06999969482422,14671400,Bond
2022-09-09,US Long Treasury ETF,108.30999755859375,12529800,Bond
2022-09-12,US Long Treasury ETF,107.41999816894531,14806900,Bond
2022-09-13,US Long Treasury ETF,107.66999816894531,22158900,Bond
2022-09-14,US Long Treasury ETF,108.04000091552734,13077800,Bond
2022-09-15,US Long Treasury ETF,107.97000122070312,10260200,Bond
2022-09-16,US Long Treasury ETF,107.06999969482422,18903800,Bond
2022-09-19,US Long Treasury ETF,107.31999969482422,11084400,Bond
2022-09-20,US Long Treasury ETF,106.25,20133800,Bond
2022-09-21,US Long Treasury ETF,108.02999877929688,23132900,Bond
2022-09-22,US Long Treasury ETF,105.2699966430664,29030600,Bond
2022-09-23,US Long Treasury ETF,105.69999694824219,23042200,Bond
2022-09-26,US Long Treasury ETF,103.68000030517578,25104600,Bond
2022-09-27,US Long Treasury ETF,100.94999694824219,34609500,Bond
2022-09-28,US Long Treasury ETF,104.33000183105469,39283100,Bond
2022-09-29,US Long Treasury ETF,103.79000091552734,19127100,Bond
2022-09-30,US Long Treasury ETF,102.44999694824219,26485700,Bond
2022-10-03,US Long Treasury ETF,103.83000183105469,27192200,Bond
2022-10-04,US Long Treasury ETF,103.54000091552734,13788700,Bond
2022-10-05,US Long Treasury ETF,102.55000305175781,20522100,Bond
2022-10-06,US Long Treasury ETF,101.9800033569336,13965700,Bond
2022-10-07,US Long Treasury ETF,100.98999786376953,14814800,Bond
2022-10-10,US Long Treasury ETF,99.41999816894531,15652600,Bond
2022-10-11,US Long Treasury ETF,99.86000061035156,33246700,Bond
2022-10-12,US Long Treasury ETF,100.3499984741211,21447600,Bond
2022-10-13,US Long Treasury ETF,99.38999938964844,30292500,Bond
2022-10-14,US Long Treasury ETF,98.56999969482422,18728200,Bond
2022-10-17,US Long Treasury ETF,98.08999633789062,18969900,Bond
2022-10-18,US Long Treasury ETF,98.31999969482422,16931500,Bond
2022-10-19,US Long Treasury ETF,96.52999877929688,25431600,Bond
2022-10-20,US Long Treasury ETF,94.87999725341797,25434900,Bond
2022-10-21,US Long Treasury ETF,93.16999816894531,46280300,Bond
2022-10-24,US Long Treasury ETF,92.4000015258789,31332600,Bond
2022-10-25,US Long Treasury ETF,95.08999633789062,31213100,Bond
2022-10-26,US Long Treasury ETF,96.45999908447266,24843900,Bond
2022-10-27,US Long Treasury ETF,97.47000122070312,20270000,Bond
2022-10-28,US Long Treasury ETF,96.80000305175781,22244100,Bond
2022-10-31,US Long Treasury ETF,96.11000061035156,23956700,Bond
2022-11-01,US Long Treasury ETF,96.7699966430664,17585100,Bond
2022-11-02,US Long Treasury ETF,96.3499984741211,25010500,Bond
2022-11-03,US Long Treasury ETF,95.83000183105469,29097500,Bond
2022-11-04,US Long Treasury ETF,94.22000122070312,23561400,Bond
2022-11-07,US Long Treasury ETF,93.27999877929688,14522800,Bond
2022-11-08,US Long Treasury ETF,94.30000305175781,20360600,Bond
2022-11-09,US Long Treasury ETF,94.61000061035156,15637500,Bond
2022-11-10,US Long Treasury ETF,98.25,45380900,Bond
2022-11-11,US Long Treasury ETF,97.88999938964844,15943100,Bond
2022-11-14,US Long Treasury ETF,97.6500015258789,13741100,Bond
2022-11-15,US Long Treasury ETF,99.2300033569336,26608200,Bond
2022-11-16,US Long Treasury ETF,101.4000015258789,28507700,Bond
2022-11-17,US Long Treasury ETF,100.33000183105469,24528900,Bond
2022-11-18,US Long Treasury ETF,99.63999938964844,14941300,Bond
2022-11-21,US Long Treasury ETF,100.05999755859375,15534000,Bond
2022-11-22,US Long Treasury ETF,101.4800033569336,18103100,Bond
2022-11-23,US Long Treasury ETF,103.25,23234600,Bond
2022-11-25,US Long Treasury ETF,102.9000015258789,9486100,Bond
2022-11-28,US Long Treasury ETF,103.19000244140625,14563200,Bond
2022-11-29,US Long Treasury ETF,101.9800033569336,16576400,Bond
2022-11-30,US Long Treasury ETF,102.7300033569336,21581700,Bond
2022-12-01,US Long Treasury ETF,105.76000213623047,53156800,Bond
2022-12-02,US Long Treasury ETF,107.08999633789062,24479500,Bond
2022-12-05,US Long Treasury ETF,105.58999633789062,20159700,Bond
2022-12-06,US Long Treasury ETF,106.94999694824219,21754500,Bond
2022-12-07,US Long Treasury ETF,109.47000122070312,30546700,Bond
2022-12-08,US Long Treasury ETF,109.16999816894531,13377300,Bond
2022-12-09,US Long Treasury ETF,106.33000183105469,25872200,Bond
2022-12-12,US Long Treasury ETF,106.66999816894531,16897100,Bond
2022-12-13,US Long Treasury ETF,107.69999694824219,23854700,Bond
2022-12-14,US Long Treasury ETF,108.16000366210938,19517500,Bond
2022-12-15,US Long Treasury ETF,108.31999969482422,20246200,Bond
2022-12-16,US Long Treasury ETF,107.11000061035156,20838300,Bond
2022-12-19,US Long Treasury ETF,105.30999755859375,26126800,Bond
2022-12-20,US Long Treasury ETF,103.44000244140625,28869000,Bond
2022-12-21,US Long Treasury ETF,103.69999694824219,15894100,Bond
2022-12-22,US Long Treasury ETF,103.68000030517578,11322500,Bond
2022-12-23,US Long Treasury ETF,102.16000366210938,15408900,Bond
2022-12-27,US Long Treasury ETF,100.13999938964844,26475700,Bond
2022-12-28,US Long Treasury ETF,99.55000305175781,17302900,Bond
2022-12-29,US Long Treasury ETF,100.68000030517578,16593000,Bond
2022-12-30,US Long Treasury ETF,99.55999755859375,20810200,Bond
2023-01-03,US Long Treasury ETF,101.45999908447266,25313200,Bond
2023-01-04,US Long Treasury ETF,102.8499984741211,21678200,Bond
2023-01-05,US Long Treasury ETF,103.27999877929688,14771100,Bond
2023-01-06,US Long Treasury ETF,105.18000030517578,27473700,Bond
2023-01-09,US Long Treasury ETF,105.73999786376953,21472200,Bond
2023-01-10,US Long Treasury ETF,103.98999786376953,20545200,Bond
2023-01-11,US Long Treasury ETF,105.68000030517578,18794000,Bond
2023-01-12,US Long Treasury ETF,107.76000213623047,32029600,Bond
2023-01-13,US Long Treasury ETF,106.75,17750800,Bond
2023-01-17,US Long Treasury ETF,106.05999755859375,13911700,Bond
2023-01-18,US Long Treasury ETF,108.62999725341797,35497200,Bond
2023-01-19,US Long Treasury ETF,107.94999694824219,17194700,Bond
2023-01-20,US Long Treasury ETF,106.19999694824219,22754100,Bond
2023-01-23,US Long Treasury ETF,105.69999694824219,12961500,Bond
2023-01-24,US Long Treasury ETF,107.22000122070312,16417200,Bond
2023-01-25,US Long Treasury ETF,107.4800033569336,11906500,Bond
2023-01-26,US Long Treasury ETF,106.9800033569336,15549400,Bond
2023-01-27,US Long Treasury ETF,106.70999908447266,11845500,Bond
2023-01-30,US Long Treasury ETF,106.31999969482422,11459700,Bond
2023-01-31,US Long Treasury ETF,107.16999816894531,13705300,Bond
2023-02-01,US Long Treasury ETF,108.18000030517578,25305800,Bond
2023-02-02,US Long Treasury ETF,108.31999969482422,19548400,Bond
2023-02-03,US Long Treasury ETF,106.69999694824219,20619500,Bond
2023-02-06,US Long Treasury ETF,105.91000366210938,15182400,Bond
2023-02-07,US Long Treasury ETF,105.05999755859375,18290300,Bond
2023-02-08,US Long Treasury ETF,105.55999755859375,13530700,Bond
2023-02-09,US Long Treasury ETF,104.55999755859375,20469900,Bond
2023-02-10,US Long Treasury ETF,103.38999938964844,16598300,Bond
2023-02-13,US Long Treasury ETF,104.26000213623047,13134300,Bond
2023-02-14,US Long Treasury ETF,104.0199966430664,15440300,Bond
2023-02-15,US Long Treasury ETF,103.05000305175781,15246900,Bond
2023-02-16,US Long Treasury ETF,101.58999633789062,19267300,Bond
2023-02-17,US Long Treasury ETF,102.37999725341797,19560900,Bond
2023-02-21,US Long Treasury ETF,100.38999938964844,22728000,Bond
2023-02-22,US Long Treasury ETF,101.30999755859375,15165400,Bond
2023-02-23,US Long Treasury ETF,102.30000305175781,15829100,Bond
2023-02-24,US Long Treasury ETF,100.97000122070312,21403600,Bond
2023-02-27,US Long Treasury ETF,101.25,14209200,Bond
2023-02-28,US Long Treasury ETF,101.70999908447266,14955700,Bond
2023-03-01,US Long Treasury ETF,100.37000274658203,19000000,Bond
2023-03-02,US Long Treasury ETF,99.4800033569336,23763600,Bond
2023-03-03,US Long Treasury ETF,101.88999938964844,30877300,Bond
2023-03-06,US Long Treasury ETF,101.0999984741211,16631900,Bond
2023-03-07,US Long Treasury ETF,101.72000122070312,23096500,Bond
2023-03-08,US Long Treasury ETF,101.81999969482422,20252400,Bond
2023-03-09,US Long Treasury ETF,102.06999969482422,21550400,Bond
2023-03-10,US Long Treasury ETF,105.58999633789062,43921500,Bond
2023-03-13,US Long Treasury ETF,105.83000183105469,51502500,Bond
2023-03-14,US Long Treasury ETF,104.08999633789062,38417800,Bond
2023-03-15,US Long Treasury ETF,106.0999984741211,45164100,Bond
2023-03-16,US Long Treasury ETF,105.2699966430664,43089300,Bond
2023-03-17,US Long Treasury ETF,106.8499984741211,38129000,Bond
2023-03-20,US Long Treasury ETF,105.91000366210938,24242800,Bond
2023-03-21,US Long Treasury ETF,105.0,18934900,Bond
2023-03-22,US Long Treasury ETF,106.4000015258789,26388500,Bond
2023-03-23,US Long Treasury ETF,106.4000015258789,25475100,Bond
2023-03-24,US Long Treasury ETF,106.8499984741211,23652700,Bond
2023-03-27,US Long Treasury ETF,104.33999633789062,22224500,Bond
2023-03-28,US Long Treasury ETF,104.52999877929688,17794300,Bond
2023-03-29,US Long Treasury ETF,104.31999969482422,16804400,Bond
2023-03-30,US Long Treasury ETF,104.80000305175781,14315800,Bond
2023-03-31,US Long Treasury ETF,106.37000274658203,25396700,Bond
2023-04-03,US Long Treasury ETF,106.5999984741211,18234800,Bond
2023-04-04,US Long Treasury ETF,107.12999725341797,18052400,Bond
2023-04-05,US Long Treasury ETF,108.25,23047700,Bond
2023-04-06,US Long Treasury ETF,108.52999877929688,16447300,Bond
2023-04-10,US Long Treasury ETF,106.77999877929688,19134400,Bond
2023-04-11,US Long Treasury ETF,107.0,13971200,Bond
2023-04-12,US Long Treasury ETF,106.88999938964844,20563000,Bond
2023-04-13,US Long Treasury ETF,106.05000305175781,22079400,Bond
2023-04-14,US Long Treasury ETF,105.08000183105469,19801900,Bond
2023-04-17,US Long Treasury ETF,103.83000183105469,19528800,Bond
2023-04-18,US Long Treasury ETF,104.19999694824219,15922600,Bond
2023-04-19,US Long Treasury ETF,104.0999984741211,16093900,Bond
2023-04-20,US Long Treasury ETF,104.98999786376953,16450100,Bond
2023-04-21,US Long Treasury ETF,104.4000015258789,15244700,Bond
2023-04-24,US Long Treasury ETF,105.41000366210938,17034300,Bond
2023-04-25,US Long Treasury ETF,106.95999908447266,21899900,Bond
2023-04-26,US Long Treasury ETF,105.81999969482422,19610400,Bond
2023-04-27,US Long Treasury ETF,104.7699966430664,20247600,Bond
2023-04-28,US Long Treasury ETF,106.45999908447266,26954100,Bond
2023-05-01,US Long Treasury ETF,103.12999725341797,32487300,Bond
2023-05-02,US Long Treasury ETF,105.69999694824219,30057800,Bond
2023-05-03,US Long Treasury ETF,106.29000091552734,23656200,Bond
2023-05-04,US Long Treasury ETF,105.23999786376953,25110500,Bond
2023-05-05,US Long Treasury ETF,104.88999938964844,15096500,Bond
2023-05-08,US Long Treasury ETF,103.41999816894531,20587000,Bond
2023-05-09,US Long Treasury ETF,103.05000305175781,19182500,Bond
2023-05-10,US Long Treasury ETF,104.05000305175781,22886800,Bond
2023-05-11,US Long Treasury ETF,105.1500015258789,19147200,Bond
2023-05-12,US Long Treasury ETF,104.2699966430664,14198500,Bond
2023-05-15,US Long Treasury ETF,103.19000244140625,20085300,Bond
2023-05-16,US Long Treasury ETF,102.87999725341797,29251700,Bond
2023-05-17,US Long Treasury ETF,102.58000183105469,21340900,Bond
2023-05-18,US Long Treasury ETF,101.81999969482422,25536600,Bond
2023-05-19,US Long Treasury ETF,101.0999984741211,29038000,Bond
2023-05-22,US Long Treasury ETF,100.73999786376953,20131100,Bond
2023-05-23,US Long Treasury ETF,101.02999877929688,21749500,Bond
2023-05-24,US Long Treasury ETF,100.52999877929688,18473400,Bond
2023-05-25,US Long Treasury ETF,100.27999877929688,22492800,Bond
2023-05-26,US Long Treasury ETF,101.08999633789062,17030300,Bond
2023-05-30,US Long Treasury ETF,102.0999984741211,23125200,Bond
2023-05-31,US Long Treasury ETF,102.98999786376953,23787000,Bond
2023-06-01,US Long Treasury ETF,103.12000274658203,21040400,Bond
2023-06-02,US Long Treasury ETF,101.98999786376953,19136500,Bond
2023-06-05,US Long Treasury ETF,101.80000305175781,14433200,Bond
2023-06-06,US Long Treasury ETF,102.4000015258789,14332100,Bond
2023-06-07,US Long Treasury ETF,100.87999725341797,25251100,Bond
2023-06-08,US Long Treasury ETF,102.05999755859375,23845100,Bond
2023-06-09,US Long Treasury ETF,101.91999816894531,22147400,Bond
2023-06-12,US Long Treasury ETF,102.22000122070312,19010300,Bond
2023-06-13,US Long Treasury ETF,101.20999908447266,25910800,Bond
2023-06-14,US Long Treasury ETF,102.0199966430664,29094200,Bond
2023-06-15,US Long Treasury ETF,103.0,25732000,Bond
2023-06-16,US Long Treasury ETF,102.5999984741211,16759100,Bond
2023-06-20,US Long Treasury ETF,103.30999755859375,17162900,Bond
2023-06-21,US Long Treasury ETF,103.55999755859375,19720100,Bond
2023-06-22,US Long Treasury ETF,102.30999755859375,23630700,Bond
2023-06-23,US Long Treasury ETF,103.33000183105469,22901900,Bond
2023-06-26,US Long Treasury ETF,103.44000244140625,12894900,Bond
2023-06-27,US Long Treasury ETF,103.16999816894531,18105700,Bond
2023-06-28,US Long Treasury ETF,103.61000061035156,23826800,Bond
2023-06-29,US Long Treasury ETF,101.73999786376953,41091600,Bond
2023-06-30,US Long Treasury ETF,102.94000244140625,32024900,Bond
2023-07-03,US Long Treasury ETF,102.08000183105469,16011800,Bond
2023-07-05,US Long Treasury ETF,101.11000061035156,28170300,Bond
2023-07-06,US Long Treasury ETF,99.68000030517578,41375700,Bond
2023-07-07,US Long Treasury ETF,99.08000183105469,28996500,Bond
2023-07-10,US Long Treasury ETF,99.20999908447266,24665200,Bond
2023-07-11,US Long Treasury ETF,99.72000122070312,20485500,Bond
2023-07-12,US Long Treasury ETF,100.83000183105469,31928000,Bond
2023-07-13,US Long Treasury ETF,101.88999938964844,32441500,Bond
2023-07-14,US Long Treasury ETF,101.29000091552734,18569000,Bond
2023-07-17,US Long Treasury ETF,101.33999633789062,18822000,Bond
2023-07-18,US Long Treasury ETF,101.80000305175781,15407400,Bond
2023-07-19,US Long Treasury ETF,102.94999694824219,27192500,Bond
2023-07-20,US Long Treasury ETF,101.69999694824219,56951200,Bond
2023-07-21,US Long Treasury ETF,101.7300033569336,20657500,Bond
2023-07-24,US Long Treasury ETF,101.36000061035156,17546700,Bond
2023-07-25,US Long Treasury ETF,101.16999816894531,17160600,Bond
2023-07-26,US Long Treasury ETF,101.2699966430664,19310700,Bond
2023-07-27,US Long Treasury ETF,99.30000305175781,44794400,Bond
2023-07-28,US Long Treasury ETF,99.80999755859375,27434000,Bond
2023-07-31,US Long Treasury ETF,100.05000305175781,28663800,Bond
2023-08-01,US Long Treasury ETF,98.13999938964844,34943400,Bond
2023-08-02,US Long Treasury ETF,97.08999633789062,38121300,Bond
2023-08-03,US Long Treasury ETF,94.8499984741211,59394800,Bond
2023-08-04,US Long Treasury ETF,96.52999877929688,42071800,Bond
2023-08-07,US Long Treasury ETF,95.58000183105469,35862900,Bond
2023-08-08,US Long Treasury ETF,96.69000244140625,24010500,Bond
2023-08-09,US Long Treasury ETF,97.19000244140625,20151100,Bond
2023-08-10,US Long Treasury ETF,95.58999633789062,37253200,Bond
2023-08-11,US Long Treasury ETF,95.37000274658203,26753500,Bond
2023-08-14,US Long Treasury ETF,95.16000366210938,19072000,Bond
2023-08-15,US Long Treasury ETF,94.58000183105469,24125000,Bond
2023-08-16,US Long Treasury ETF,93.83999633789062,23076700,Bond
2023-08-17,US Long Treasury ETF,93.44000244140625,32244900,Bond
2023-08-18,US Long Treasury ETF,93.7699966430664,24181700,Bond
2023-08-21,US Long Treasury ETF,92.5199966430664,29254100,Bond
2023-08-22,US Long Treasury ETF,93.2300033569336,21308700,Bond
2023-08-23,US Long Treasury ETF,95.54000091552734,38294700,Bond
2023-08-24,US Long Treasury ETF,94.91000366210938,22300800,Bond
2023-08-25,US Long Treasury ETF,95.22000122070312,23865200,Bond
2023-08-28,US Long Treasury ETF,95.31999969482422,16037300,Bond
2023-08-29,US Long Treasury ETF,96.30999755859375,28478100,Bond
2023-08-30,US Long Treasury ETF,96.20999908447266,17550100,Bond
2023-08-31,US Long Treasury ETF,96.63999938964844,26959700,Bond
2023-09-01,US Long Treasury ETF,94.8499984741211,32469700,Bond
2023-09-05,US Long Treasury ETF,93.5199966430664,29435900,Bond
2023-09-06,US Long Treasury ETF,93.75,23636300,Bond
2023-09-07,US Long Treasury ETF,94.01000213623047,18091500,Bond
2023-09-08,US Long Treasury ETF,94.37000274658203,17052100,Bond
2023-09-11,US Long Treasury ETF,93.69000244140625,17061500,Bond
2023-09-12,US Long Treasury ETF,94.2300033569336,20034300,Bond
2023-09-13,US Long Treasury ETF,94.20999908447266,23332300,Bond
2023-09-14,US Long Treasury ETF,93.52999877929688,27800600,Bond
2023-09-15,US Long Treasury ETF,92.95999908447266,25642900,Bond
2023-09-18,US Long Treasury ETF,93.48999786376953,17963400,Bond
2023-09-19,US Long Treasury ETF,92.80000305175781,24941800,Bond
2023-09-20,US Long Treasury ETF,93.08999633789062,29451200,Bond
2023-09-21,US Long Treasury ETF,90.69999694824219,59958700,Bond
2023-09-22,US Long Treasury ETF,91.43000030517578,29524500,Bond
2023-09-25,US Long Treasury ETF,89.18000030517578,45587900,Bond
2023-09-26,US Long Treasury ETF,88.87000274658203,38104100,Bond
2023-09-27,US Long Treasury ETF,88.41000366210938,47111200,Bond
2023-09-28,US Long Treasury ETF,88.68000030517578,60238000,Bond
2023-09-29,US Long Treasury ETF,88.69000244140625,49010100,Bond
2023-10-02,US Long Treasury ETF,86.93000030517578,44704300,Bond
2023-10-03,US Long Treasury ETF,85.05999755859375,71362600,Bond
2023-10-04,US Long Treasury ETF,86.26000213623047,56281600,Bond
2023-10-05,US Long Treasury ETF,85.83000183105469,35758800,Bond
2023-10-06,US Long Treasury ETF,84.79000091552734,62787900,Bond
2023-10-09,US Long Treasury ETF,86.77999877929688,29424900,Bond
2023-10-10,US Long Treasury ETF,86.66000366210938,54743900,Bond
2023-10-11,US Long Treasury ETF,88.47000122070312,58517700,Bond
2023-10-12,US Long Treasury ETF,86.06999969482422,66986700,Bond
2023-10-13,US Long Treasury ETF,87.61000061035156,44183800,Bond
2023-10-16,US Long Treasury ETF,86.19999694824219,38309800,Bond
2023-10-17,US Long Treasury ETF,85.25,52949100,Bond
2023-10-18,US Long Treasury ETF,84.5,63724600,Bond
2023-10-19,US Long Treasury ETF,82.7699966430664,87696900,Bond
2023-10-20,US Long Treasury ETF,83.23999786376953,52188800,Bond
2023-10-23,US Long Treasury ETF,84.23999786376953,70890400,Bond
2023-10-24,US Long Treasury ETF,85.3499984741211,46267700,Bond
2023-10-25,US Long Treasury ETF,83.44999694824219,60737200,Bond
2023-10-26,US Long Treasury ETF,84.7300033569336,49704100,Bond
2023-10-27,US Long Treasury ETF,84.37000274658203,32362300,Bond
2023-10-30,US Long Treasury ETF,83.98999786376953,45026900,Bond
2023-10-31,US Long Treasury ETF,83.58000183105469,37269200,Bond
2023-11-01,US Long Treasury ETF,85.0999984741211,72308500,Bond
2023-11-02,US Long Treasury ETF,87.04000091552734,69739400,Bond
2023-11-03,US Long Treasury ETF,87.62999725341797,77692300,Bond
2023-11-06,US Long Treasury ETF,86.77999877929688,41341900,Bond
2023-11-07,US Long Treasury ETF,88.05999755859375,37834200,Bond
2023-11-08,US Long Treasury ETF,89.55999755859375,53893400,Bond
2023-11-09,US Long Treasury ETF,87.5,88975100,Bond
2023-11-10,US Long Treasury ETF,87.98999786376953,36516400,Bond
2023-11-13,US Long Treasury ETF,87.79000091552734,25661500,Bond
2023-11-14,US Long Treasury ETF,89.77999877929688,65666800,Bond
2023-11-15,US Long Treasury ETF,88.5199966430664,56205300,Bond
2023-11-16,US Long Treasury ETF,89.62000274658203,49473900,Bond
2023-11-17,US Long Treasury ETF,90.04000091552734,44091400,Bond
2023-11-20,US Long Treasury ETF,90.58999633789062,40477800,Bond
2023-11-21,US Long Treasury ETF,90.55000305175781,27721000,Bond
2023-11-22,US Long Treasury ETF,90.87000274658203,31197500,Bond
2023-11-24,US Long Treasury ETF,89.80000305175781,20199600,Bond
2023-11-27,US Long Treasury ETF,91.30000305175781,39804400,Bond
2023-11-28,US Long Treasury ETF,91.4800033569336,44989300,Bond
2023-11-29,US Long Treasury ETF,92.62999725341797,61647800,Bond
2023-11-30,US Long Treasury ETF,91.55999755859375,60520900,Bond
2023-12-01,US Long Treasury ETF,92.98999786376953,64172200,Bond
2023-12-04,US Long Treasury ETF,92.62000274658203,33766300,Bond
2023-12-05,US Long Treasury ETF,94.61000061035156,73588600,Bond
2023-12-06,US Long Treasury ETF,95.87000274658203,61606100,Bond
2023-12-07,US Long Treasury ETF,95.31999969482422,47970200,Bond
2023-12-08,US Long Treasury ETF,94.54000091552734,44809200,Bond
2023-12-11,US Long Treasury ETF,94.33999633789062,33909700,Bond
2023-12-12,US Long Treasury ETF,94.62000274658203,36996900,Bond
2023-12-13,US Long Treasury ETF,96.83999633789062,70828500,Bond
2023-12-14,US Long Treasury ETF,99.04000091552734,87798600,Bond
2023-12-15,US Long Treasury ETF,99.1500015258789,59941300,Bond
2023-12-18,US Long Treasury ETF,98.36000061035156,34746000,Bond
2023-12-19,US Long Treasury ETF,98.88999938964844,30018400,Bond
2023-12-20,US Long Treasury ETF,99.55999755859375,51229400,Bond
2023-12-21,US Long Treasury ETF,98.93000030517578,65231200,Bond
2023-12-22,US Long Treasury ETF,98.4800033569336,29244200,Bond
2023-12-26,US Long Treasury ETF,98.76000213623047,24019700,Bond
2023-12-27,US Long Treasury ETF,100.51000213623047,45082800,Bond
2023-12-28,US Long Treasury ETF,99.77999877929688,36213000,Bond
2023-12-29,US Long Treasury ETF,98.87999725341797,41616200,Bond
2024-01-02,US Long Treasury ETF,98.30999755859375,47797400,Bond
2024-01-03,US Long Treasury ETF,98.72000122070312,58159500,Bond
2024-01-04,US Long Treasury ETF,97.22000122070312,52604500,Bond
2024-01-05,US Long Treasury ETF,96.29000091552734,45894800,Bond
2024-01-08,US Long Treasury ETF,97.23999786376953,39485800,Bond
2024-01-09,US Long Treasury ETF,96.62000274658203,34374000,Bond
2024-01-10,US Long Treasury ETF,96.16999816894531,48227800,Bond
2024-01-11,US Long Treasury ETF,96.70999908447266,78858900,Bond
2024-01-12,US Long Treasury ETF,96.5199966430664,38883900,Bond
2024-01-16,US Long Treasury ETF,94.81999969482422,61716700,Bond
2024-01-17,US Long Treasury ETF,94.66999816894531,55506800,Bond
2024-01-18,US Long Treasury ETF,93.79000091552734,77339100,Bond
2024-01-19,US Long Treasury ETF,94.08999633789062,47030900,Bond
2024-01-22,US Long Treasury ETF,94.6500015258789,35756400,Bond
2024-01-23,US Long Treasury ETF,93.9000015258789,35786700,Bond
2024-01-24,US Long Treasury ETF,93.3499984741211,54574900,Bond
2024-01-25,US Long Treasury ETF,93.95999908447266,57019400,Bond
2024-01-26,US Long Treasury ETF,93.77999877929688,29276900,Bond
2024-01-29,US Long Treasury ETF,94.86000061035156,38243600,Bond
2024-01-30,US Long Treasury ETF,95.72000122070312,40151400,Bond
2024-01-31,US Long Treasury ETF,96.66000366210938,80646700,Bond
2024-02-01,US Long Treasury ETF,98.23999786376953,84291200,Bond
2024-02-02,US Long Treasury ETF,96.06999969482422,63823300,Bond
2024-02-05,US Long Treasury ETF,94.12999725341797,53827400,Bond
2024-02-06,US Long Treasury ETF,95.05000305175781,33411500,Bond
2024-02-07,US Long Treasury ETF,94.58999633789062,40120200,Bond
2024-02-08,US Long Treasury ETF,94.04000091552734,50087700,Bond
2024-02-09,US Long Treasury ETF,93.8499984741211,27951300,Bond
2024-02-12,US Long Treasury ETF,93.95999908447266,27890300,Bond
2024-02-13,US Long Treasury ETF,92.3499984741211,49768500,Bond
2024-02-14,US Long Treasury ETF,92.81999969482422,44191600,Bond
2024-02-15,US Long Treasury ETF,93.30000305175781,49598500,Bond
2024-02-16,US Long Treasury ETF,92.76000213623047,33116800,Bond
2024-02-20,US Long Treasury ETF,92.83999633789062,24469300,Bond
2024-02-21,US Long Treasury ETF,92.18000030517578,36343100,Bond
2024-02-22,US Long Treasury ETF,92.62999725341797,45190700,Bond
2024-02-23,US Long Treasury ETF,93.87000274658203,38406700,Bond
2024-02-26,US Long Treasury ETF,93.58999633789062,27855000,Bond
2024-02-27,US Long Treasury ETF,92.93000030517578,30242000,Bond
2024-02-28,US Long Treasury ETF,93.5199966430664,34574200,Bond
2024-02-29,US Long Treasury ETF,94.18000030517578,51038600,Bond
2024-03-01,US Long Treasury ETF,94.47000122070312,45832800,Bond
2024-03-04,US Long Treasury ETF,94.08999633789062,23864200,Bond
2024-03-05,US Long Treasury ETF,95.43000030517578,37721900,Bond
2024-03-06,US Long Treasury ETF,95.98999786376953,40571600,Bond
2024-03-07,US Long Treasury ETF,95.9000015258789,39075000,Bond
2024-03-08,US Long Treasury ETF,95.7300033569336,25023200,Bond
2024-03-11,US Long Treasury ETF,95.68000030517578,17787900,Bond
2024-03-12,US Long Treasury ETF,94.87999725341797,29566000,Bond
2024-03-13,US Long Treasury ETF,94.41999816894531,38270100,Bond
2024-03-14,US Long Treasury ETF,92.97000122070312,58365600,Bond
2024-03-15,US Long Treasury ETF,92.94000244140625,34997700,Bond
2024-03-18,US Long Treasury ETF,92.66000366210938,29519500,Bond
2024-03-19,US Long Treasury ETF,92.91999816894531,26953100,Bond
2024-03-20,US Long Treasury ETF,92.88999938964844,43460100,Bond
2024-03-21,US Long Treasury ETF,93.08999633789062,34276600,Bond
2024-03-22,US Long Treasury ETF,93.9800033569336,30262300,Bond
2024-03-25,US Long Treasury ETF,93.51000213623047,24011800,Bond
2024-03-26,US Long Treasury ETF,93.7699966430664,34423000,Bond
2024-03-27,US Long Treasury ETF,94.69999694824219,50157800,Bond
2024-03-28,US Long Treasury ETF,94.62000274658203,34540400,Bond
2024-04-01,US Long Treasury ETF,92.55000305175781,48945400,Bond
2024-04-02,US Long Treasury ETF,92.04000091552734,43086300,Bond
2024-04-03,US Long Treasury ETF,92.0199966430664,45494400,Bond
2024-04-04,US Long Treasury ETF,92.68000030517578,47957400,Bond
2024-04-05,US Long Treasury ETF,91.38999938964844,42495900,Bond
2024-04-08,US Long Treasury ETF,91.37999725341797,37879800,Bond
2024-04-09,US Long Treasury ETF,92.2300033569336,32522000,Bond
2024-04-10,US Long Treasury ETF,90.22000122070312,74368900,Bond
2024-04-11,US Long Treasury ETF,89.80999755859375,65751200,Bond
2024-04-12,US Long Treasury ETF,90.29000091552734,47900100,Bond
2024-04-15,US Long Treasury ETF,88.88999938964844,55993100,Bond
2024-04-16,US Long Treasury ETF,88.30000305175781,45103200,Bond
2024-04-17,US Long Treasury ETF,89.27999877929688,57947000,Bond
2024-04-18,US Long Treasury ETF,88.83000183105469,43839500,Bond
2024-04-19,US Long Treasury ETF,89.1500015258789,44826800,Bond
2024-04-22,US Long Treasury ETF,89.0,24969000,Bond
2024-04-23,US Long Treasury ETF,89.02999877929688,27222700,Bond
2024-04-24,US Long Treasury ETF,88.4000015258789,48986800,Bond
2024-04-25,US Long Treasury ETF,87.77999877929688,49282600,Bond
2024-04-26,US Long Treasury ETF,88.23999786376953,31589800,Bond
2024-04-29,US Long Treasury ETF,88.9800033569336,39228600,Bond
2024-04-30,US Long Treasury ETF,88.22000122070312,41054700,Bond
2024-05-01,US Long Treasury ETF,88.55999755859375,59679500,Bond
2024-05-02,US Long Treasury ETF,88.94000244140625,58925400,Bond
2024-05-03,US Long Treasury ETF,89.83999633789062,50066100,Bond
2024-05-06,US Long Treasury ETF,90.19000244140625,23868200,Bond
2024-05-07,US Long Treasury ETF,90.73999786376953,30525800,Bond
2024-05-08,US Long Treasury ETF,90.19000244140625,31171700,Bond
2024-05-09,US Long Treasury ETF,90.62999725341797,39606700,Bond
2024-05-10,US Long Treasury ETF,90.12000274658203,21913800,Bond
2024-05-13,US Long Treasury ETF,90.3499984741211,23157500,Bond
2024-05-14,US Long Treasury ETF,90.86000061035156,25746400,Bond
2024-05-15,US Long Treasury ETF,92.0999984741211,65142900,Bond
2024-05-16,US Long Treasury ETF,92.01000213623047,37902400,Bond
2024-05-17,US Long Treasury ETF,91.38999938964844,24755000,Bond
2024-05-20,US Long Treasury ETF,91.12000274658203,17922800,Bond
2024-05-21,US Long Treasury ETF,91.58999633789062,15334400,Bond
2024-05-22,US Long Treasury ETF,91.69999694824219,38073700,Bond
2024-05-23,US Long Treasury ETF,91.11000061035156,51294700,Bond
2024-05-24,US Long Treasury ETF,91.37999725341797,19164400,Bond
2024-05-28,US Long Treasury ETF,90.06999969482422,45973700,Bond
2024-05-29,US Long Treasury ETF,88.9800033569336,45508400,Bond
2024-05-30,US Long Treasury ETF,89.83999633789062,29548600,Bond
2024-05-31,US Long Treasury ETF,90.44999694824219,41308800,Bond
2024-06-03,US Long Treasury ETF,91.5999984741211,42272100,Bond
2024-06-04,US Long Treasury ETF,92.66999816894531,42581500,Bond
2024-06-05,US Long Treasury ETF,93.3499984741211,43153900,Bond
2024-06-06,US Long Treasury ETF,93.20999908447266,22891900,Bond
2024-06-07,US Long Treasury ETF,91.5,35240500,Bond
2024-06-10,US Long Treasury ETF,90.88999938964844,20586500,Bond
2024-06-11,US Long Treasury ETF,91.83000183105469,30329200,Bond
2024-06-12,US Long Treasury ETF,92.5199966430664,42554600,Bond
2024-06-13,US Long Treasury ETF,93.87999725341797,33093800,Bond
2024-06-14,US Long Treasury ETF,94.66999816894531,28776700,Bond
2024-06-17,US Long Treasury ETF,93.7300033569336,31040200,Bond
2024-06-18,US Long Treasury ETF,94.58999633789062,26881000,Bond
2024-06-20,US Long Treasury ETF,93.95999908447266,30246300,Bond
2024-06-21,US Long Treasury ETF,93.95999908447266,22596400,Bond
2024-06-24,US Long Treasury ETF,94.33999633789062,56939100,Bond
2024-06-25,US Long Treasury ETF,94.5,22890200,Bond
2024-06-26,US Long Treasury ETF,93.1500015258789,38489100,Bond
2024-06-27,US Long Treasury ETF,93.5199966430664,23140800,Bond
2024-06-28,US Long Treasury ETF,91.77999877929688,55119600,Bond
2024-07-01,US Long Treasury ETF,89.91000366210938,49735400,Bond
2024-07-02,US Long Treasury ETF,90.61000061035156,34204700,Bond
2024-07-03,US Long Treasury ETF,91.80000305175781,35563300,Bond
2024-07-05,US Long Treasury ETF,92.55999755859375,34895500,Bond
2024-07-08,US Long Treasury ETF,92.76000213623047,16095700,Bond
2024-07-09,US Long Treasury ETF,92.3499984741211,30289800,Bond
2024-07-10,US Long Treasury ETF,92.63999938964844,23572500,Bond
2024-07-11,US Long Treasury ETF,93.54000091552734,49761800,Bond
2024-07-12,US Long Treasury ETF,93.94000244140625,27796500,Bond
2024-07-15,US Long Treasury ETF,92.86000061035156,37918900,Bond
2024-07-16,US Long Treasury ETF,94.16999816894531,36383700,Bond
2024-07-17,US Long Treasury ETF,94.19000244140625,29036800,Bond
2024-07-18,US Long Treasury ETF,93.47000122070312,34553100,Bond
2024-07-19,US Long Treasury ETF,92.91999816894531,32164700,Bond
2024-07-22,US Long Treasury ETF,92.6500015258789,36160400,Bond
2024-07-23,US Long Treasury ETF,92.5199966430664,23498000,Bond
2024-07-24,US Long Treasury ETF,91.5199966430664,50757100,Bond
2024-07-25,US Long Treasury ETF,92.2699966430664,44999100,Bond
2024-07-26,US Long Treasury ETF,92.98999786376953,34423800,Bond
2024-07-29,US Long Treasury ETF,93.48999786376953,25801300,Bond
2024-07-30,US Long Treasury ETF,93.8499984741211,28169800,Bond
2024-07-31,US Long Treasury ETF,94.80999755859375,47445300,Bond
2024-08-01,US Long Treasury ETF,95.30999755859375,77254200,Bond
2024-08-02,US Long Treasury ETF,98.27999877929688,91912900,Bond
2024-08-05,US Long Treasury ETF,98.80000305175781,90686300,Bond
2024-08-06,US Long Treasury ETF,96.58999633789062,61316900,Bond
2024-08-07,US Long Treasury ETF,95.91000366210938,51337100,Bond
2024-08-08,US Long Treasury ETF,95.31999969482422,37815800,Bond
2024-08-09,US Long Treasury ETF,96.26000213623047,32141800,Bond
2024-08-12,US Long Treasury ETF,96.61000061035156,24261400,Bond
2024-08-13,US Long Treasury ETF,97.27999877929688,30366900,Bond
2024-08-14,US Long Treasury ETF,97.88999938964844,31334100,Bond
2024-08-15,US Long Treasury ETF,97.0999984741211,38723700,Bond
2024-08-16,US Long Treasury ETF,97.44000244140625,28541000,Bond
2024-08-19,US Long Treasury ETF,97.88999938964844,25322100,Bond
2024-08-20,US Long Treasury ETF,98.66999816894531,25239300,Bond
2024-08-21,US Long Treasury ETF,98.7300033569336,29230000,Bond
2024-08-22,US Long Treasury ETF,97.75,33453800,Bond
2024-08-23,US Long Treasury ETF,98.38999938964844,32005100,Bond
2024-08-26,US Long Treasury ETF,98.13999938964844,23198700,Bond
2024-08-27,US Long Treasury ETF,97.97000122070312,21507700,Bond
2024-08-28,US Long Treasury ETF,97.8499984741211,18501400,Bond
2024-08-29,US Long Treasury ETF,97.52999877929688,24988200,Bond
2024-08-30,US Long Treasury ETF,96.48999786376953,42896200,Bond
2024-09-03,US Long Treasury ETF,97.75,48947900,Bond
2024-09-04,US Long Treasury ETF,99.01000213623047,40885200,Bond
2024-09-05,US Long Treasury ETF,99.56999969482422,47450900,Bond
2024-09-06,US Long Treasury ETF,99.55999755859375,57406400,Bond
2024-09-09,US Long Treasury ETF,99.98999786376953,26961400,Bond
2024-09-10,US Long Treasury ETF,100.69000244140625,31703400,Bond
2024-09-11,US Long Treasury ETF,100.61000061035156,39497100,Bond
2024-09-12,US Long Treasury ETF,100.13999938964844,41618700,Bond
2024-09-13,US Long Treasury ETF,100.41000366210938,25722100,Bond
2024-09-16,US Long Treasury ETF,101.33000183105469,30866300,Bond
2024-09-17,US Long Treasury ETF,100.83999633789062,31699400,Bond
2024-09-18,US Long Treasury ETF,99.58999633789062,48897000,Bond
2024-09-19,US Long Treasury ETF,99.26000213623047,39979800,Bond
2024-09-20,US Long Treasury ETF,98.87999725341797,37067600,Bond
2024-09-23,US Long Treasury ETF,98.66999816894531,35703900,Bond
2024-09-24,US Long Treasury ETF,98.6500015258789,31005400,Bond
2024-09-25,US Long Treasury ETF,97.83000183105469,36738200,Bond
2024-09-26,US Long Treasury ETF,98.05999755859375,33332300,Bond
2024-09-27,US Long Treasury ETF,98.56999969482422,28317600,Bond
2024-09-30,US Long Treasury ETF,98.0999984741211,34175500,Bond
2024-10-01,US Long Treasury ETF,98.48999786376953,45254200,Bond
2024-10-02,US Long Treasury ETF,97.66000366210938,35810800,Bond
2024-10-03,US Long Treasury ETF,96.73999786376953,39677800,Bond
2024-10-04,US Long Treasury ETF,95.55000305175781,56954100,Bond
2024-10-07,US Long Treasury ETF,94.83000183105469,42606600,Bond
2024-10-08,US Long Treasury ETF,94.98999786376953,33709600,Bond
2024-10-09,US Long Treasury ETF,94.44999694824219,35807700,Bond
2024-10-10,US Long Treasury ETF,94.08000183105469,53667400,Bond
2024-10-11,US Long Treasury ETF,93.69999694824219,27406400,Bond
2024-10-14,US Long Treasury ETF,93.7699966430664,28795300,Bond
2024-10-15,US Long Treasury ETF,94.91000366210938,46429100,Bond
2024-10-16,US Long Treasury ETF,95.30999755859375,32281500,Bond
2024-10-17,US Long Treasury ETF,93.80000305175781,43427200,Bond
2024-10-18,US Long Treasury ETF,93.87000274658203,25258600,Bond
2024-10-21,US Long Treasury ETF,92.2300033569336,49504700,Bond
2024-10-22,US Long Treasury ETF,92.31999969482422,32096900,Bond
2024-10-23,US Long Treasury ETF,92.06999969482422,33354200,Bond
2024-10-24,US Long Treasury ETF,92.66000366210938,32507400,Bond
2024-10-25,US Long Treasury ETF,92.13999938964844,28667100,Bond
2024-10-28,US Long Treasury ETF,91.88999938964844,33156500,Bond
2024-10-29,US Long Treasury ETF,92.02999877929688,46545200,Bond
2024-10-30,US Long Treasury ETF,92.30000305175781,41951100,Bond
2024-10-31,US Long Treasury ETF,92.44999694824219,52173800,Bond
2024-11-01,US Long Treasury ETF,90.83999633789062,80402000,Bond
2024-11-04,US Long Treasury ETF,92.25,49747600,Bond
2024-11-05,US Long Treasury ETF,92.73999786376953,46986000,Bond
2024-11-06,US Long Treasury ETF,90.19999694824219,98895700,Bond
2024-11-07,US Long Treasury ETF,91.33000183105469,56221400,Bond
2024-11-08,US Long Treasury ETF,92.48999786376953,56756200,Bond
2024-11-11,US Long Treasury ETF,92.04000091552734,22369200,Bond
2024-11-12,US Long Treasury ETF,90.66000366210938,57908400,Bond
2024-11-13,US Long Treasury ETF,89.80000305175781,49009100,Bond
2024-11-14,US Long Treasury ETF,90.31999969482422,53328300,Bond
2024-11-15,US Long Treasury ETF,90.08000183105469,73722400,Bond
2024-11-18,US Long Treasury ETF,90.23999786376953,36010600,Bond
2024-11-19,US Long Treasury ETF,90.69999694824219,29585100,Bond
2024-11-20,US Long Treasury ETF,90.41000366210938,27755400,Bond
2024-11-21,US Long Treasury ETF,90.33999633789062,28365700,Bond
2024-11-22,US Long Treasury ETF,90.38999938964844,21547500,Bond
2024-11-25,US Long Treasury ETF,92.7300033569336,56858000,Bond
2024-11-26,US Long Treasury ETF,92.37000274658203,31122200,Bond
2024-11-27,US Long Treasury ETF,93.01000213623047,39442200,Bond
2024-11-29,US Long Treasury ETF,93.97000122070312,31905700,Bond
2024-12-02,US Long Treasury ETF,93.87000274658203,39406000,Bond
2024-12-03,US Long Treasury ETF,93.05999755859375,32768900,Bond
2024-12-04,US Long Treasury ETF,94.05999755859375,35851100,Bond
2024-12-05,US Long Treasury ETF,94.25,23695800,Bond
2024-12-06,US Long Treasury ETF,94.38999938964844,31761500,Bond
2024-12-09,US Long Treasury ETF,93.5199966430664,30509600,Bond
2024-12-10,US Long Treasury ETF,93.08000183105469,28706500,Bond
2024-12-11,US Long Treasury ETF,92.19999694824219,38748400,Bond
2024-12-12,US Long Treasury ETF,91.08000183105469,45368400,Bond
2024-12-13,US Long Treasury ETF,90.1500015258789,39486000,Bond
2024-12-16,US Long Treasury ETF,90.41999816894531,23482300,Bond
2024-12-17,US Long Treasury ETF,90.63999938964844,23839900,Bond
2024-12-18,US Long Treasury ETF,89.16000366210938,61328400,Bond
2024-12-19,US Long Treasury ETF,87.80999755859375,99083300,Bond
2024-12-20,US Long Treasury ETF,88.30999755859375,45542400,Bond
2024-12-23,US Long Treasury ETF,87.5,32764600,Bond
2024-12-24,US Long Treasury ETF,87.87000274658203,22377600,Bond
2024-12-26,US Long Treasury ETF,87.81999969482422,19981800,Bond
2024-12-27,US Long Treasury ETF,87.0999984741211,27262300,Bond
2024-12-30,US Long Treasury ETF,87.80000305175781,48519600,Bond
2024-12-31,US Long Treasury ETF,87.33000183105469,31917300,Bond
2025-01-02,US Long Treasury ETF,87.56999969482422,27841300,Bond
2025-01-03,US Long Treasury ETF,87.29000091552734,21962200,Bond
2025-01-06,US Long Treasury ETF,86.9000015258789,30231500,Bond
2025-01-07,US Long Treasury ETF,85.91999816894531,41757200,Bond
2025-01-08,US Long Treasury ETF,86.02999877929688,44590800,Bond
2025-01-10,US Long Treasury ETF,85.45999908447266,47115800,Bond
2025-01-13,US Long Treasury ETF,85.43000030517578,33258900,Bond
2025-01-14,US Long Treasury ETF,85.29000091552734,33412900,Bond
2025-01-15,US Long Treasury ETF,86.76000213623047,54120700,Bond
2025-01-16,US Long Treasury ETF,87.04000091552734,34651100,Bond
2025-01-17,US Long Treasury ETF,87.19000244140625,29875600,Bond
2025-01-21,US Long Treasury ETF,87.97000122070312,30548600,Bond
2025-01-22,US Long Treasury ETF,87.51000213623047,25278400,Bond
2025-01-23,US Long Treasury ETF,86.83000183105469,31949000,Bond
2025-01-24,US Long Treasury ETF,87.22000122070312,21110400,Bond
2025-01-27,US Long Treasury ETF,88.25,42864200,Bond
2025-01-28,US Long Treasury ETF,88.19000244140625,25519100,Bond
2025-01-29,US Long Treasury ETF,88.01000213623047,25342800,Bond
2025-01-30,US Long Treasury ETF,88.33999633789062,25094900,Bond
2025-01-31,US Long Treasury ETF,87.76000213623047,48790100,Bond
2025-02-03,US Long Treasury ETF,88.16000366210938,70657200,Bond
2025-02-04,US Long Treasury ETF,88.43000030517578,33414000,Bond
2025-02-05,US Long Treasury ETF,89.88999938964844,48331200,Bond
2025-02-06,US Long Treasury ETF,89.8499984741211,22509900,Bond
2025-02-07,US Long Treasury ETF,89.2699966430664,31171200,Bond
2025-02-10,US Long Treasury ETF,89.0,22736100,Bond
2025-02-11,US Long Treasury ETF,88.43000030517578,21513000,Bond
2025-02-12,US Long Treasury ETF,87.2300033569336,48536200,Bond
2025-02-13,US Long Treasury ETF,88.68000030517578,42718100,Bond
2025-02-14,US Long Treasury ETF,89.1500015258789,27460700,Bond
2025-02-18,US Long Treasury ETF,88.0999984741211,29429200,Bond
2025-02-19,US Long Treasury ETF,88.20999908447266,20584300,Bond
2025-02-20,US Long Treasury ETF,88.54000091552734,27913400,Bond
2025-02-21,US Long Treasury ETF,89.61000061035156,46912300,Bond
2025-02-24,US Long Treasury ETF,89.87000274658203,26218000,Bond
2025-02-25,US Long Treasury ETF,91.41999816894531,50125100,Bond
2025-02-26,US Long Treasury ETF,91.95999908447266,32220200,Bond
2025-02-27,US Long Treasury ETF,91.30999755859375,53373600,Bond
2025-02-28,US Long Treasury ETF,92.43000030517578,49388600,Bond
2025-03-03,US Long Treasury ETF,92.56999969482422,42904200,Bond
2025-03-04,US Long Treasury ETF,91.43000030517578,56722000,Bond
2025-03-05,US Long Treasury ETF,90.69999694824219,50215900,Bond
2025-03-06,US Long Treasury ETF,90.4000015258789,42827500,Bond
2025-03-07,US Long Treasury ETF,90.11000061035156,36903600,Bond
2025-03-10,US Long Treasury ETF,91.05000305175781,41440800,Bond
2025-03-11,US Long Treasury ETF,90.4000015258789,40555700,Bond
2025-03-12,US Long Treasury ETF,89.86000061035156,32734600,Bond
2025-03-13,US Long Treasury ETF,90.6500015258789,38675400,Bond
2025-03-14,US Long Treasury ETF,90.16999816894531,24658000,Bond
2025-03-17,US Long Treasury ETF,90.62000274658203,26700300,Bond
2025-03-18,US Long Treasury ETF,90.70999908447266,23654700,Bond
2025-03-19,US Long Treasury ETF,91.18000030517578,31378700,Bond
2025-03-20,US Long Treasury ETF,91.23999786376953,35645800,Bond
2025-03-21,US Long Treasury ETF,90.69999694824219,29192100,Bond
2025-03-24,US Long Treasury ETF,89.7699966430664,27985600,Bond
2025-03-25,US Long Treasury ETF,89.76000213623047,22333800,Bond
2025-03-26,US Long Treasury ETF,89.16999816894531,25095600,Bond
2025-03-27,US Long Treasury ETF,88.91000366210938,23674500,Bond
2025-03-28,US Long Treasury ETF,90.13999938964844,39869400,Bond
2025-03-31,US Long Treasury ETF,91.02999877929688,38824300,Bond
2025-04-01,US Long Treasury ETF,91.48999786376953,39800100,Bond
2025-04-02,US Long Treasury ETF,91.43000030517578,43488400,Bond
2025-04-03,US Long Treasury ETF,91.8499984741211,57467400,Bond
2025-04-04,US Long Treasury ETF,92.8499984741211,92794200,Bond
2025-04-07,US Long Treasury ETF,90.05000305175781,124987600,Bond
2025-04-08,US Long Treasury ETF,88.3499984741211,73861900,Bond
2025-04-09,US Long Treasury ETF,88.87000274658203,131353500,Bond
2025-04-10,US Long Treasury ETF,86.41999816894531,78592000,Bond
2025-04-11,US Long Treasury ETF,86.88999938964844,94814100,Bond
2025-04-14,US Long Treasury ETF,87.51000213623047,37596400,Bond
2025-04-15,US Long Treasury ETF,87.81999969482422,22553900,Bond
2025-04-16,US Long Treasury ETF,88.30999755859375,35607300,Bond
2025-04-17,US Long Treasury ETF,87.52999877929688,31758400,Bond
2025-04-21,US Long Treasury ETF,86.0,39343200,Bond
2025-04-22,US Long Treasury ETF,86.4800033569336,32552100,Bond
2025-04-23,US Long Treasury ETF,87.31999969482422,44082200,Bond
2025-04-24,US Long Treasury ETF,88.23999786376953,24190800,Bond
2025-04-25,US Long Treasury ETF,88.88999938964844,22513900,Bond
2025-04-28,US Long Treasury ETF,89.44999694824219,20130500,Bond
2025-04-29,US Long Treasury ETF,90.19999694824219,22129500,Bond
2025-04-30,US Long Treasury ETF,89.47000122070312,42630600,Bond
2025-05-01,US Long Treasury ETF,88.69000244140625,29932800,Bond
2025-05-02,US Long Treasury ETF,87.7300033569336,32090400,Bond
2025-05-05,US Long Treasury ETF,87.23999786376953,22862800,Bond
2025-05-06,US Long Treasury ETF,87.52999877929688,21095200,Bond
2025-05-07,US Long Treasury ETF,87.9000015258789,23161600,Bond
2025-05-08,US Long Treasury ETF,86.91999816894531,25483700,Bond
2025-05-09,US Long Treasury ETF,87.05000305175781,17007900,Bond
2025-05-12,US Long Treasury ETF,86.23999786376953,32115000,Bond
2025-05-13,US Long Treasury ETF,85.88999938964844,53912200,Bond
2025-05-14,US Long Treasury ETF,85.31999969482422,42119800,Bond
2025-05-15,US Long Treasury ETF,86.06999969482422,59448000,Bond
2025-05-16,US Long Treasury ETF,86.30000305175781,31778200,Bond
2025-05-19,US Long Treasury ETF,86.05000305175781,49361900,Bond
2025-05-20,US Long Treasury ETF,85.43000030517578,35493100,Bond
2025-05-21,US Long Treasury ETF,83.97000122070312,77053100,Bond
2025-05-22,US Long Treasury ETF,84.41000366210938,61747900,Bond
2025-05-23,US Long Treasury ETF,84.55000305175781,47139200,Bond
2025-05-27,US Long Treasury ETF,85.7300033569336,56773400,Bond
2025-05-28,US Long Treasury ETF,85.36000061035156,34806800,Bond
2025-05-29,US Long Treasury ETF,86.1500015258789,38933200,Bond
2025-05-30,US Long Treasury ETF,86.27999877929688,49042100,Bond
2025-06-02,US Long Treasury ETF,85.16000366210938,46213100,Bond
2025-06-03,US Long Treasury ETF,85.01000213623047,33731300,Bond
2025-06-04,US Long Treasury ETF,86.38999938964844,57441500,Bond
2025-06-05,US Long Treasury ETF,86.44999694824219,37664700,Bond
2025-06-06,US Long Treasury ETF,85.3499984741211,38130100,Bond
2025-06-09,US Long Treasury ETF,85.44000244140625,26560800,Bond
2025-06-10,US Long Treasury ETF,85.87999725341797,24857000,Bond
2025-06-11,US Long Treasury ETF,86.13999938964844,36334800,Bond
2025-06-12,US Long Treasury ETF,87.16999816894531,43017800,Bond
2025-06-13,US Long Treasury ETF,86.33000183105469,49374000,Bond
2025-06-16,US Long Treasury ETF,85.45999908447266,36496600,Bond
2025-06-17,US Long Treasury ETF,86.5,34521600,Bond
2025-06-18,US Long Treasury ETF,86.6500015258789,38589000,Bond
2025-06-20,US Long Treasury ETF,86.48999786376953,26001900,Bond
2025-06-23,US Long Treasury ETF,86.7699966430664,36851800,Bond
2025-06-24,US Long Treasury ETF,87.4000015258789,32959100,Bond
2025-06-25,US Long Treasury ETF,87.51000213623047,26345300,Bond
2025-06-26,US Long Treasury ETF,87.94999694824219,30467500,Bond
2025-06-27,US Long Treasury ETF,87.38999938964844,74993500,Bond
2025-06-30,US Long Treasury ETF,88.25,53695200,Bond
2025-07-01,US Long Treasury ETF,88.13999938964844,38960600,Bond
2025-07-02,US Long Treasury ETF,87.58000183105469,39382200,Bond
2025-07-03,US Long Treasury ETF,86.97000122070312,26729100,Bond
2025-07-07,US Long Treasury ETF,86.13999938964844,38314700,Bond
2025-07-08,US Long Treasury ETF,86.02999877929688,31407000,Bond
2025-07-09,US Long Treasury ETF,86.93000030517578,29821900,Bond
2025-07-10,US Long Treasury ETF,86.98999786376953,24525500,Bond
2025-07-11,US Long Treasury ETF,85.79000091552734,40764800,Bond
2025-07-14,US Long Treasury ETF,85.61000061035156,24609500,Bond
2025-07-15,US Long Treasury ETF,85.01000213623047,40455000,Bond
2025-07-16,US Long Treasury ETF,85.12999725341797,65987700,Bond
2025-07-17,US Long Treasury ETF,85.11000061035156,31875500,Bond
2025-07-18,US Long Treasury ETF,85.23999786376953,27534900,Bond
2025-07-21,US Long Treasury ETF,86.0,40019500,Bond
2025-07-22,US Long Treasury ETF,86.5199966430664,35190300,Bond
2025-07-23,US Long Treasury ETF,86.04000091552734,31008500,Bond
2025-07-24,US Long Treasury ETF,85.88999938964844,25164800,Bond
2025-07-25,US Long Treasury ETF,86.43000030517578,27196200,Bond
2025-07-28,US Long Treasury ETF,85.87000274658203,26812500,Bond
2025-07-29,US Long Treasury ETF,87.31999969482422,47828300,Bond
2025-07-30,US Long Treasury ETF,86.87000274658203,40670900,Bond
2025-07-31,US Long Treasury ETF,86.91999816894531,49814100,Bond
2025-08-01,US Long Treasury ETF,87.81999969482422,63434500,Bond
2025-08-04,US Long Treasury ETF,88.05999755859375,36425200,Bond
2025-08-05,US Long Treasury ETF,88.33000183105469,28586100,Bond
2025-08-06,US Long Treasury ETF,87.81999969482422,42589300,Bond
2025-08-07,US Long Treasury ETF,87.66999816894531,29213100,Bond
2025-08-08,US Long Treasury ETF,87.29000091552734,21596300,Bond
2025-08-11,US Long Treasury ETF,87.38999938964844,20100900,Bond
2025-08-12,US Long Treasury ETF,86.94999694824219,41052300,Bond
2025-08-13,US Long Treasury ETF,87.66999816894531,30817500,Bond
2025-08-14,US Long Treasury ETF,87.0199966430664,33397400,Bond
2025-08-15,US Long Treasury ETF,86.4000015258789,36343600,Bond
2025-08-18,US Long Treasury ETF,86.1500015258789,26777500,Bond
2025-08-19,US Long Treasury ETF,86.6500015258789,28780600,Bond
2025-08-20,US Long Treasury ETF,86.83999633789062,25912500,Bond
2025-08-21,US Long Treasury ETF,86.41000366210938,28643900,Bond
2025-08-22,US Long Treasury ETF,87.05000305175781,49871900,Bond
2025-08-25,US Long Treasury ETF,86.80000305175781,27011900,Bond
2025-08-26,US Long Treasury ETF,86.75,30259300,Bond
2025-08-27,US Long Treasury ETF,86.6500015258789,38142800,Bond
2025-08-28,US Long Treasury ETF,87.22000122070312,32205900,Bond
2025-08-29,US Long Treasury ETF,86.5999984741211,41686400,Bond
2025-09-02,US Long Treasury ETF,85.62999725341797,48760600,Bond
2025-09-03,US Long Treasury ETF,86.56999969482422,52499500,Bond
2025-09-04,US Long Treasury ETF,87.2300033569336,40501600,Bond
2025-09-05,US Long Treasury ETF,88.55999755859375,69668000,Bond
2025-09-08,US Long Treasury ETF,89.73999786376953,54538700,Bond
2025-09-09,US Long Treasury ETF,89.2300033569336,37126400,Bond
2025-09-10,US Long Treasury ETF,89.73999786376953,40713600,Bond
2025-09-11,US Long Treasury ETF,90.33999633789062,46694400,Bond
2025-09-12,US Long Treasury ETF,89.94999694824219,32968600,Bond
2025-09-15,US Long Treasury ETF,90.16000366210938,24820100,Bond
2025-09-16,US Long Treasury ETF,90.3499984741211,26794200,Bond
2025-09-17,US Long Treasury ETF,90.12000274658203,49121800,Bond
2025-09-18,US Long Treasury ETF,89.19000244140625,55717900,Bond
2025-09-19,US Long Treasury ETF,89.0199966430664,32509200,Bond
2025-09-22,US Long Treasury ETF,88.69999694824219,24758200,Bond
2025-09-23,US Long Treasury ETF,89.31999969482422,26689000,Bond
2025-09-24,US Long Treasury ETF,88.9800033569336,28098000,Bond
2025-09-25,US Long Treasury ETF,88.9800033569336,29882500,Bond
2025-09-26,US Long Treasury ETF,88.9000015258789,30955100,Bond
2025-09-29,US Long Treasury ETF,89.62999725341797,32286200,Bond
2025-09-30,US Long Treasury ETF,89.37000274658203,38584000,Bond
2025-10-01,US Long Treasury ETF,89.29000091552734,39408900,Bond
2025-10-02,US Long Treasury ETF,89.55000305175781,23208300,Bond
2025-10-03,US Long Treasury ETF,89.37999725341797,25884500,Bond
2025-10-06,US Long Treasury ETF,88.66999816894531,28371000,Bond
2025-10-07,US Long Treasury ETF,89.18000030517578,29103300,Bond
2025-10-08,US Long Treasury ETF,89.25,22506200,Bond
2025-10-09,US Long Treasury ETF,89.18000030517578,21578700,Bond
2025-10-10,US Long Treasury ETF,90.62000274658203,59389400,Bond
2025-10-13,US Long Treasury ETF,90.56999969482422,28035500,Bond
2025-10-14,US Long Treasury ETF,90.86000061035156,29800000,Bond
2025-10-15,US Long Treasury ETF,90.66000366210938,31333900,Bond
2025-10-16,US Long Treasury ETF,91.33999633789062,39631200,Bond
2025-10-17,US Long Treasury ETF,91.19999694824219,40240400,Bond
2025-10-20,US Long Treasury ETF,91.55000305175781,28429300,Bond
2025-10-21,US Long Treasury ETF,92.0,24514300,Bond
2025-10-22,US Long Treasury ETF,92.05999755859375,30496200,Bond
2025-10-23,US Long Treasury ETF,91.43000030517578,28275100,Bond
2025-10-24,US Long Treasury ETF,91.47000122070312,28266000,Bond
2025-10-27,US Long Treasury ETF,91.77999877929688,30033600,Bond
2025-10-28,US Long Treasury ETF,92.0199966430664,23564500,Bond
2025-10-29,US Long Treasury ETF,91.08999633789062,39551600,Bond
2025-10-30,US Long Treasury ETF,90.55999755859375,42649200,Bond
2025-10-31,US Long Treasury ETF,90.29000091552734,38247300,Bond
2025-11-03,US Long Treasury ETF,89.73999786376953,40752300,Bond
2025-11-04,US Long Treasury ETF,89.94000244140625,26383800,Bond
2025-11-05,US Long Treasury ETF,88.95999908447266,44643400,Bond
2025-11-06,US Long Treasury ETF,89.76000213623047,33027400,Bond
2025-11-07,US Long Treasury ETF,89.56999969482422,28530100,Bond
2025-11-10,US Long Treasury ETF,89.55000305175781,24093500,Bond
2025-11-11,US Long Treasury ETF,89.95999908447266,18942300,Bond
2025-11-12,US Long Treasury ETF,90.12000274658203,23594900,Bond
2025-11-13,US Long Treasury ETF,89.37999725341797,33825900,Bond
2025-11-14,US Long Treasury ETF,88.87000274658203,38550500,Bond
2025-11-17,US Long Treasury ETF,89.08999633789062,25605800,Bond
2025-11-18,US Long Treasury ETF,89.05999755859375,31967400,Bond
2025-11-19,US Long Treasury ETF,88.87999725341797,25782400,Bond
2025-11-20,US Long Treasury ETF,89.2300033569336,32945000,Bond
2025-11-21,US Long Treasury ETF,89.5,41938600,Bond
2025-11-24,US Long Treasury ETF,90.01000213623047,30865700,Bond
2025-11-25,US Long Treasury ETF,90.23999786376953,36503300,Bond
2025-11-26,US Long Treasury ETF,90.63999938964844,34099000,Bond
2025-11-28,US Long Treasury ETF,90.20999908447266,40704300,Bond
2025-12-01,US Long Treasury ETF,88.7699966430664,47086600,Bond
2025-12-02,US Long Treasury ETF,88.80999755859375,27605700,Bond
2025-12-03,US Long Treasury ETF,89.05999755859375,23278600,Bond
2025-12-04,US Long Treasury ETF,88.58000183105469,25541500,Bond
2025-12-05,US Long Treasury ETF,88.16999816894531,32808100,Bond
2025-12-08,US Long Treasury ETF,87.87999725341797,32255200,Bond
2025-12-09,US Long Treasury ETF,87.97000122070312,25771800,Bond
2025-12-10,US Long Treasury ETF,88.30999755859375,46833500,Bond
2025-12-11,US Long Treasury ETF,88.19000244140625,26778700,Bond
2025-12-12,US Long Treasury ETF,87.33999633789062,47030100,Bond
2025-12-15,US Long Treasury ETF,87.4000015258789,28611800,Bond
2025-12-16,US Long Treasury ETF,87.87999725341797,41018700,Bond
2025-12-17,US Long Treasury ETF,87.80000305175781,24668300,Bond
2025-12-18,US Long Treasury ETF,88.22000122070312,39048900,Bond
2025-12-19,US Long Treasury ETF,87.55000305175781,37858100,Bond
2025-12-22,US Long Treasury ETF,87.36000061035156,25547100,Bond
2025-12-23,US Long Treasury ETF,87.5,33624100,Bond
2025-12-24,US Long Treasury ETF,88.02999877929688,25942000,Bond
2025-12-26,US Long Treasury ETF,87.73999786376953,26522700,Bond
2025-12-29,US Long Treasury ETF,88.06999969482422,29399800,Bond
2025-12-30,US Long Treasury ETF,87.86000061035156,25106800,Bond
2025-12-31,US Long Treasury ETF,87.16000366210938,36500000,Bond
2026-01-02,US Long Treasury ETF,87.02999877929688,40731300,Bond
2026-01-05,US Long Treasury ETF,87.45999908447266,30178000,Bond
2026-01-06,US Long Treasury ETF,87.27999877929688,39015200,Bond
2026-01-07,US Long Treasury ETF,87.79000091552734,39930900,Bond
2026-01-08,US Long Treasury ETF,87.3499984741211,28204900,Bond
2026-01-09,US Long Treasury ETF,87.93000030517578,57348800,Bond
2026-01-12,US Long Treasury ETF,87.66999816894531,36103100,Bond
2026-01-13,US Long Treasury ETF,87.81999969482422,30451400,Bond
2026-01-14,US Long Treasury ETF,88.33000183105469,39233500,Bond
2026-01-15,US Long Treasury ETF,88.30999755859375,37988900,Bond
2026-01-16,US Long Treasury ETF,87.80000305175781,46382400,Bond
2026-01-20,US Long Treasury ETF,86.6500015258789,66009500,Bond
2026-01-21,US Long Treasury ETF,87.30999755859375,51220100,Bond
2026-01-22,US Long Treasury ETF,87.69000244140625,42419300,Bond
2026-01-23,US Long Treasury ETF,87.93000030517578,35968800,Bond
2026-01-26,US Long Treasury ETF,88.3499984741211,38882400,Bond
2026-01-27,US Long Treasury ETF,87.80000305175781,35180100,Bond
2026-01-28,US Long Treasury ETF,87.5999984741211,38750300,Bond
2026-01-29,US Long Treasury ETF,87.62000274658203,43855000,Bond
2026-01-30,US Long Treasury ETF,87.12999725341797,45832200,Bond
2026-02-02,US Long Treasury ETF,86.55000305175781,38171400,Bond
2026-02-03,US Long Treasury ETF,86.76000213623047,27438200,Bond
2026-02-04,US Long Treasury ETF,86.54000091552734,37872900,Bond
2026-02-05,US Long Treasury ETF,87.4800033569336,50268900,Bond
2026-02-06,US Long Treasury ETF,87.54000091552734,33461800,Bond
2026-02-09,US Long Treasury ETF,87.5199966430664,24708900,Bond
2026-02-10,US Long Treasury ETF,88.52999877929688,37253700,Bond
2026-02-11,US Long Treasury ETF,88.05999755859375,37014000,Bond
2026-02-12,US Long Treasury ETF,89.2300033569336,48454900,Bond
2026-02-13,US Long Treasury ETF,89.72000122070312,56785200,Bond
2026-02-17,US Long Treasury ETF,89.87000274658203,32356700,Bond
2026-02-18,US Long Treasury ETF,89.52999877929688,35415400,Bond
2026-02-19,US Long Treasury ETF,89.62000274658203,28658600,Bond
2026-02-20,US Long Treasury ETF,89.41000366210938,49610800,Bond
2026-02-23,US Long Treasury ETF,89.73999786376953,33614600,Bond
2026-02-24,US Long Treasury ETF,89.9000015258789,24933900,Bond
2026-02-25,US Long Treasury ETF,89.91000366210938,23625800,Bond
2026-02-26,US Long Treasury ETF,90.2699966430664,29447100,Bond
2026-02-27,US Long Treasury ETF,90.81999969482422,51272000,Bond
2026-03-02,US Long Treasury ETF,89.61000061035156,55465500,Bond
2026-03-03,US Long Treasury ETF,89.43000030517578,51850400,Bond
2026-03-04,US Long Treasury ETF,89.1500015258789,47069500,Bond
2026-03-05,US Long Treasury ETF,88.79000091552734,45768900,Bond
2026-03-06,US Long Treasury ETF,88.45999908447266,58136900,Bond
2026-03-09,US Long Treasury ETF,89.2300033569336,52478700,Bond
2026-03-10,US Long Treasury ETF,88.27999877929688,48651500,Bond
2026-03-11,US Long Treasury ETF,87.13999938964844,54679900,Bond
2026-03-12,US Long Treasury ETF,86.97000122070312,48977000,Bond
2026-03-13,US Long Treasury ETF,86.54000091552734,43460000,Bond
2026-03-16,US Long Treasury ETF,87.20999908447266,37341500,Bond
2026-03-17,US Long Treasury ETF,87.44999694824219,19578100,Bond
2026-03-18,US Long Treasury ETF,86.95999908447266,37596600,Bond
2026-03-19,US Long Treasury ETF,87.48999786376953,60307400,Bond
2026-03-20,US Long Treasury ETF,85.83000183105469,78948500,Bond
2026-03-23,US Long Treasury ETF,86.38999938964844,69686700,Bond
2026-03-24,US Long Treasury ETF,86.01000213623047,51799400,Bond
2026-03-25,US Long Treasury ETF,86.83999633789062,37861000,Bond
2026-03-26,US Long Treasury ETF,86.11000061035156,39537000,Bond
2026-03-27,US Long Treasury ETF,85.63999938964844,39928900,Bond
2026-03-30,US Long Treasury ETF,86.77999877929688,36473200,Bond
2026-03-31,US Long Treasury ETF,86.69000244140625,47112200,Bond
2026-04-01,US Long Treasury ETF,86.26000213623047,31157600,Bond
2026-04-02,US Long Treasury ETF,86.79000091552734,33310600,Bond
2026-04-06,US Long Treasury ETF,86.6500015258789,14660300,Bond
2026-04-07,US Long Treasury ETF,86.63999938964844,22747200,Bond
2026-04-08,US Long Treasury ETF,86.91999816894531,22244900,Bond
2026-04-09,US Long Treasury ETF,86.69999694824219,18909100,Bond
2026-04-10,US Long Treasury ETF,86.48999786376953,13247700,Bond
2026-04-13,US Long Treasury ETF,86.75,12719700,Bond
2026-04-14,US Long Treasury ETF,87.20999908447266,16606900,Bond
2026-04-15,US Long Treasury ETF,86.83000183105469,15119600,Bond
2026-04-16,US Long Treasury ETF,86.27999877929688,20001000,Bond
2026-04-17,US Long Treasury ETF,87.06999969482422,29604100,Bond
2026-04-20,US Long Treasury ETF,87.05000305175781,14623500,Bond
2026-04-21,US Long Treasury ETF,86.56999969482422,19798700,Bond
2026-04-22,US Long Treasury ETF,86.73999786376953,13676800,Bond
2026-04-23,US Long Treasury ETF,86.55000305175781,21106700,Bond
2026-04-24,US Long Treasury ETF,86.70999908447266,22276200,Bond
